# Serious Injuries,# Visible Injuries,Agency Name (Crash Level) ,Date,Intersection Name (from Crash Report),KABCO Severity,Light Conditions (Crash Level),Location at Impact (Crash Level) ,Manner of Collision (Crash Level) ,Roadway (From Crash Report),Surface Condition (Crash Level) ,Time,Safety Equipment (Crash Level) ,Weather Conditions (Crash Level),# of Fatalities per Crash,Latitude,Longitude,Geolocated City,Geolocated County,Vehicle Condition (excluding No Known Defects),First Harmful Event (Unit Order),"Operator/Pedestrian Contrib Factor (excl None, Other, No Contrib Factors)",Most Harmful Event (Crash Level),crash_mode
0.0,0.0,Atlanta Police Department,2021-01-01,Hosea L Williams Dr Ne and Hutchinson St Ne  Hosea L Williams Dr Ne,(O) No Injury,Dark-Not Lighted,On Roadway - Non-Intersection,Angle Crash,Hutchinson St Ne  Hosea L Williams Dr Ne,Wet,21:49:00,None Used,Rain,0.0,33.753424,-84.340736,Atlanta,DEKALB,,"[""Pedestrian"",""Motor Vehicle in Motion""]",Failure to Yield,Pedestrian,Pedestrian
0.0,0.0,Dekalb Co Police Department,2021-01-17,Brookdale Pl and Briarcliff Rd,(O) No Injury,Dark-Not Lighted,On Roadway - Non-Intersection,Not a Collision with Motor Vehicle,Brookdale Pl,Dry,19:20:00,"[""Unknown"",""Unknown""]",Clear,0.0,33.805384,-84.26447,Unincorporated,DEKALB,,"[""Pedestrian"",""Motor Vehicle in Motion""]",Failure to Yield,Pedestrian,Pedestrian
0.0,0.0,Atlanta Police Department,2021-01-24,Mclendon Ave Ne and Candler Park Dr Ne  Mclendon Ave Ne,(O) No Injury,Daylight,On Roadway - Non-Intersection,Not a Collision with Motor Vehicle,Candler Park Dr Ne  Mclendon Ave Ne,Dry,19:17:00,Lap and Shoulder Belt Used,Clear,0.0,33.764863,-84.340016,Atlanta,DEKALB,,"[""Pedestrian"",""Motor Vehicle in Motion""]",,Pedestrian,Pedestrian
0.0,0.0,Dekalb Co Police Department,2021-01-25,Glenwood Road and Pinedale Place,(K) Fatal Injury,Daylight,On Roadway - Roadway Intersection,Not a Collision with Motor Vehicle,Glenwood Road,Dry,14:24:00,"[""None Used"",""Unknown""]",Clear,1.0,33.737971,-84.253393,Unincorporated,DEKALB,,"[""Motor Vehicle in Motion"",""Pedestrian""]",Failure to Yield,Pedestrian,Pedestrian
1.0,0.0,Dekalb Co Police Department,2021-02-11,Redan Rd and Covington Hwy,(A) Suspected Serious Injury,Dark-Not Lighted,On Roadway - Non-Intersection,Not a Collision with Motor Vehicle,Covington Hwy,Wet,20:27:00,"[""None Used"",""Lap and Shoulder Belt Used""]",Rain,0.0,33.758749,-84.240357,Unincorporated,DEKALB,,"[""Motor Vehicle in Motion"",""Pedestrian""]",,Pedestrian,Pedestrian
0.0,0.0,Dekalb Co Police Department,2021-02-14,Oxford Rd and N Decatur Rd,(C) Possible Injury / Complaint,Daylight,On Roadway - Roundabout,Not a Collision with Motor Vehicle,N Decatur Rd,Dry,17:59:00,"[""Unknown"",""Unknown""]",Clear,0.0,33.788307,-84.325414,Atlanta,DEKALB,,"[""Pedestrian"",""Motor Vehicle in Motion""]",,Pedestrian,Pedestrian
0.0,0.0,Dekalb Co Police Department,2021-02-17,Midway Rd and Covington Hwy,(C) Possible Injury / Complaint,Dark-Lighted,On Roadway - Roadway Intersection,Not a Collision with Motor Vehicle,Covington Hwy,Dry,17:01:00,"[""Unknown"",""None Used""]",Clear,0.0,33.764996,-84.251324,Unincorporated,DEKALB,,"[""Pedestrian"",""Motor Vehicle in Motion""]","[""Disregard Police - Traffic Control"",""Reckless Driving"",""Inattentive or Other Distraction (Distracted)""]",Pedestrian,Pedestrian
0.0,0.0,Decatur Police Department,2021-02-22,Swanton Way and Commerce Dr,(C) Possible Injury / Complaint,Daylight,On Roadway - In Crosswalk,Not a Collision with Motor Vehicle,Commerce Dr,Dry,15:53:00,Unknown,Clear,0.0,33.77459,-84.298891,Decatur,DEKALB,,"[""Pedestrian"",""Motor Vehicle in Motion""]",Failure to Yield,Pedestrian,Pedestrian
0.0,0.0,Dekalb Co Police Department,2021-03-05,I 285 and 285 On From Memorial Dr Rp,(K) Fatal Injury,Dark-Not Lighted,On Roadway - Non-Intersection,Not a Collision with Motor Vehicle,285 On From Memorial Dr Rp,Dry,05:38:00,"[""None Used"",""Lap and Shoulder Belt Used"",""Lap and Shoulder Belt Used""]",Clear,1.0,33.777065,-84.240825,Unincorporated,DEKALB,,"[""Motor Vehicle in Motion"",""Pedestrian"",""Pedestrian""]",,"[""Pedestrian"",""Pedestrian""]",Pedestrian
0.0,0.0,Dekalb Co Police Department,2021-03-17,N Decatur Rd and Dekalb Industrial Way,(O) No Injury,Daylight,On Roadway - Roadway Intersection,Not a Collision with Motor Vehicle,Dekalb Industrial Way,Water (standing or moving),12:50:00,None Used,Rain,0.0,33.792557,-84.276231,Unincorporated,DEKALB,,"[""Pedestrian"",""Pedestrian""]",,Motor Vehicle in Motion,Pedestrian
0.0,0.0,Clarkston Police Department,2021-03-23,Church and N Indian Creek Dr,(C) Possible Injury / Complaint,Dark-Lighted,On Roadway - Roadway Intersection,Angle Crash,Church,Dry,21:40:00,"[""Unknown"",""Lap and Shoulder Belt Used""]",Clear,0.0,33.806532,-84.241357,Clarkston,DEKALB,,"[""Pedestrian"",""Motor Vehicle in Motion""]",Disregard Stop Sign/Signal,"[""Motor Vehicle in Motion"",""Motor Vehicle in Motion""]",Pedestrian
1.0,0.0,Dekalb Co Police Department,2021-03-31,Glenwood Rd and Columbia Dr,(A) Suspected Serious Injury,Dark-Lighted,On Roadway - In Crosswalk,Not a Collision with Motor Vehicle,Columbia Dr,Dry,06:59:00,"[""Unknown"",""Unknown""]",Clear,0.0,33.737881,-84.251992,Unincorporated,DEKALB,,"[""Pedestrian"",""Motor Vehicle in Motion""]",Failure to Yield,Pedestrian,Pedestrian
1.0,0.0,Atlanta Police Department,2021-04-01,I- 20 and Fayetteville Rd Se,(A) Suspected Serious Injury,Dark-Lighted,On Roadway - Roadway Intersection,Not a Collision with Motor Vehicle,I- 20,Dry,01:06:00,"[""Lap and Shoulder Belt Used"",""None Used""]",Clear,0.0,33.72458,-84.324177,Atlanta,DEKALB,,"[""Pedestrian"",""Motor Vehicle in Motion""]","[""Under the Influence (U.I.)"",""Failure to Yield""]",Pedestrian,Pedestrian
0.0,1.0,Dekalb Co Police Department,2021-04-12,N Decatur Rd and Clairmont Cir,(B) Suspected Minor/Visible Injury,Daylight,On Roadway - Non-Intersection,Not a Collision with Motor Vehicle,N Decatur Rd,Dry,13:36:00,"[""None Used"",""Lap and Shoulder Belt Used""]",Clear,0.0,33.790859,-84.30111,Unincorporated,DEKALB,,"[""Motor Vehicle in Motion"",""Pedestrian""]",,Pedestrian,Pedestrian
0.0,0.0,Dekalb Co Police Department,2021-04-12,Memorial Dr and Covington Hwy,(O) No Injury,Daylight,On Roadway - In Crosswalk,Not a Collision with Motor Vehicle,Covington Hwy,Dry,09:40:00,"[""Lap and Shoulder Belt Used"",""None Used""]",Clear,0.0,33.768668,-84.25158,Unincorporated,DEKALB,,"[""Pedestrian"",""Pedestrian""]",Failure to Yield,Pedestrian,Pedestrian
1.0,1.0,Decatur Police Department,2021-04-17,Leyden St and Cambridge Ave,(A) Suspected Serious Injury,Dark-Lighted,Off Roadway - Sidewalk,Not a Collision with Motor Vehicle,Leyden St,Dry,21:02:00,Lap and Shoulder Belt Used,Clear,0.0,33.76159,-84.306924,Decatur,DEKALB,Tire Failure,"[""Motor Vehicle in Motion"",""Motor Vehicle in Motion"",""Motor Vehicle in Motion""]","[""Too Fast for Conditions"",""Driver Lost Control""]",Pedestrian,Pedestrian
0.0,0.0,Dekalb Co Police Department,2021-04-17,Redan Rd and Covington Hwy,(O) No Injury,Dark-Lighted,On Roadway - Non-Intersection,Not a Collision with Motor Vehicle,Covington Hwy,Dry,01:30:00,"[""None Used"",""Lap and Shoulder Belt Used""]",Clear,0.0,33.759381,-84.241031,Unincorporated,DEKALB,,"[""Motor Vehicle in Motion"",""Pedestrian""]",Inattentive or Other Distraction (Distracted),Pedestrian,Pedestrian
0.0,1.0,Dekalb Co Police Department,2021-04-23,Oxford Rd and N Decatur Rd,(B) Suspected Minor/Visible Injury,Dark-Lighted,On Roadway - Non-Intersection,Not a Collision with Motor Vehicle,Oxford Rd,Dry,23:16:00,"[""None Used"",""Lap and Shoulder Belt Used""]",Clear,0.0,33.788928,-84.326761,Unincorporated,DEKALB,,"[""Motor Vehicle in Motion"",""Pedestrian""]",,Pedestrian,Pedestrian
0.0,0.0,Decatur Police Department,2021-05-19,Candler Dr and S Candler St,(C) Possible Injury / Complaint,Dark-Lighted,On Roadway - Non-Intersection,Not a Collision with Motor Vehicle,Candler Dr,Dry,19:00:00,Unknown,Clear,0.0,33.754512,-84.291395,Decatur,DEKALB,,"[""Pedestrian"",""Motor Vehicle in Motion""]",Misjudged Clearance,Pedestrian,Pedestrian
0.0,1.0,Dekalb Co Police Department,2021-05-29,Columbia Dr and Glenwood Rd,(B) Suspected Minor/Visible Injury,Daylight,On Roadway - Non-Intersection,Not a Collision with Motor Vehicle,Glenwood Rd,Dry,17:45:00,"[""None Used"",""Unknown""]",Clear,0.0,33.737842,-84.247309,Unincorporated,DEKALB,,"[""Motor Vehicle in Motion"",""Pedestrian""]",,Pedestrian,Pedestrian
0.0,0.0,Dekalb Co Police Department,2021-05-30,Rupert Rd and Memorial Dr,(O) No Injury,Daylight,On Roadway - Roadway Intersection,Not a Collision with Motor Vehicle,Memorial Dr,Dry,16:00:00,"[""Unknown"",""None Used""]",Clear,0.0,33.750713,-84.274673,Unincorporated,DEKALB,,"[""Pedestrian"",""Motor Vehicle in Motion""]",Failure to Yield,Pedestrian,Pedestrian
1.0,0.0,Decatur Police Department,2021-06-01,Scott Blvd and Nelson Ferry Rd,(A) Suspected Serious Injury,Daylight,On Roadway - Non-Intersection,Not a Collision with Motor Vehicle,Scott Blvd,Dry,17:39:00,Lap and Shoulder Belt Used,Cloudy,0.0,33.776287,-84.311281,Decatur,DEKALB,,"[""Pedestrian"",""Motor Vehicle in Motion""]",Failure to Yield,Pedestrian,Pedestrian
0.0,0.0,Dekalb Co Police Department,2021-06-13,Memorial Dr and Kensington Rd,(K) Fatal Injury,Dark-Not Lighted,On Roadway - Non-Intersection,Not a Collision with Motor Vehicle,Memorial Dr,Dry,23:19:00,"[""None Used"",""Lap and Shoulder Belt Used""]",Clear,1.0,33.770904,-84.250127,Unincorporated,DEKALB,,"[""Motor Vehicle in Motion"",""Pedestrian""]",,Pedestrian,Pedestrian
1.0,0.0,Dekalb Co Police Department,2021-06-13,Midway Rd and Covington Dr,(A) Suspected Serious Injury,Dark-Not Lighted,On Roadway - Non-Intersection,Not a Collision with Motor Vehicle,Covington Dr,Dry,23:00:00,"[""None Used"",""Lap and Shoulder Belt Used"",""Lap and Shoulder Belt Used""]",Clear,0.0,33.761554,-84.254128,Unincorporated,DEKALB,,"[""Motor Vehicle in Motion"",""Pedestrian""]",,Pedestrian,Pedestrian
0.0,0.0,Decatur Police Department,2021-06-18,E Howard Ave and E Trinity Pl,(O) No Injury,Daylight,On Roadway - Non-Intersection,Not a Collision with Motor Vehicle,E Trinity Pl,Dry,18:03:00,Lap and Shoulder Belt Used,Cloudy,0.0,33.771764,-84.293205,Decatur,DEKALB,,"[""Motor Vehicle in Motion"",""Pedestrian""]",,Pedestrian,Pedestrian
0.0,1.0,Dekalb Co Police Department,2021-06-27,Candler Rd and Raleigh Rucker Way,(B) Suspected Minor/Visible Injury,Daylight,On Roadway - Non-Intersection,Not a Collision with Motor Vehicle,Candler Rd,Dry,15:50:00,"[""None Used"",""Unknown"",""Unknown""]",Clear,0.0,33.728121,-84.280379,Unincorporated,DEKALB,,"[""Motor Vehicle in Motion"",""Pedestrian""]",Failure to Yield,Pedestrian,Pedestrian
0.0,1.0,Dekalb Co Police Department,2021-07-02,Covington Dr and Near Midway Rd,(B) Suspected Minor/Visible Injury,Dark-Lighted,On Shoulder,Not a Collision with Motor Vehicle,Covington Dr,Dry,23:40:00,None Used,Clear,0.0,33.761502,-84.253803,Unincorporated,DEKALB,,"[""Pedestrian"",""Motor Vehicle in Motion""]",Changed Lanes Improperly,Pedestrian,Pedestrian
0.0,2.0,Dekalb Co Police Department,2021-07-25,Memorial Dr and Northern Ave,(B) Suspected Minor/Visible Injury,Daylight,On Roadway - Non-Intersection,Not a Collision with Motor Vehicle,Northern Ave,Dry,16:50:00,"[""None Used"",""None Used""]",Cloudy,0.0,33.7774,-84.244027,Unincorporated,DEKALB,,"[""Pedestrian"",""Motor Vehicle in Motion"",""Motor Vehicle in Motion""]",,Pedestrian,Pedestrian
0.0,0.0,Decatur Police Department,2021-08-01,Church St and E Trinity Pl,(C) Possible Injury / Complaint,Daylight,On Roadway - In Crosswalk,Not a Collision with Motor Vehicle,E Trinity Pl,Dry,15:00:00,"[""Lap and Shoulder Belt Used"",""Lap and Shoulder Belt Used""]",Cloudy,0.0,33.772761,-84.294907,Decatur,DEKALB,,"[""Pedestrian"",""Motor Vehicle in Motion""]",Failure to Yield,Pedestrian,Pedestrian
0.0,1.0,Dekalb Co Police Department,2021-08-04,Memorial Dr and Kensington Rd,(B) Suspected Minor/Visible Injury,Dark-Not Lighted,On Roadway - Driveway Intersection,Not a Collision with Motor Vehicle,Kensington Rd,Dry,21:19:00,"[""None Used"",""Lap and Shoulder Belt Used""]",Clear,0.0,33.772149,-84.247467,Unincorporated,DEKALB,,"[""Motor Vehicle in Motion"",""Pedestrian""]","[""Failure to Yield"",""Inattentive or Other Distraction (Distracted)""]",Pedestrian,Pedestrian
0.0,0.0,Dekalb Co Police Department,2021-08-05,Glenwood Rd and S Columbia Pl,(C) Possible Injury / Complaint,Daylight,On Roadway - Driveway Intersection,Not a Collision with Motor Vehicle,Glenwood Rd,Dry,16:50:00,"[""Unknown"",""Unknown""]",Clear,0.0,33.738011,-84.256005,Unincorporated,DEKALB,,"[""Pedestrian"",""Motor Vehicle in Motion""]",Failure to Yield,Pedestrian,Pedestrian
0.0,1.0,Dekalb Co Police Department,2021-08-06,Laredo Dr and E Ponce De Leon Ave,(B) Suspected Minor/Visible Injury,Dark-Lighted,On Roadway - Roadway Intersection,Not a Collision with Motor Vehicle,E Ponce De Leon Ave,Dry,00:18:00,None Used,Clear,0.0,33.785162,-84.269557,Unincorporated,DEKALB,,"[""Motor Vehicle in Motion"",""Motor Vehicle in Motion""]",,Pedestrian,Pedestrian
0.0,0.0,Atlanta Police Department,2021-08-15,E Side Ave Se and Glenwood Ave Se,(C) Possible Injury / Complaint,Daylight,On Roadway - Roadway Intersection,Not a Collision with Motor Vehicle,E Side Ave Se,Dry,17:00:00,"[""Lap and Shoulder Belt Used"",""None Used""]",Clear,0.0,33.740093,-84.339938,Atlanta,DEKALB,,"[""Pedal-Cycle"",""Motor Vehicle in Motion""]",,Pedestrian,Pedestrian
0.0,0.0,Dekalb Co Police Department,2021-08-16,Lavista Rd and N Druid Hills Rd,(C) Possible Injury / Complaint,Dark-Lighted,On Roadway - In Crosswalk,Not a Collision with Motor Vehicle,N Druid Hills Rd,Dry,05:54:00,"[""None Used"",""Lap and Shoulder Belt Used""]",Clear,0.0,33.817764,-84.31201,Unincorporated,DEKALB,,"[""Motor Vehicle in Motion"",""Pedestrian""]","[""Failure to Yield"",""Distracted""]",Pedestrian,Pedestrian
0.0,0.0,Dekalb Co Police Department,2021-08-18,N Carter Rd and Forrest Blvd,(O) No Injury,Daylight,On Roadway - Driveway Intersection,Not a Collision with Motor Vehicle,Forrest Blvd,Dry,15:29:00,"[""None Used"",""Lap and Shoulder Belt Used""]",Clear,0.0,33.767976,-84.271187,Unincorporated,DEKALB,,"[""Motor Vehicle in Motion"",""Pedestrian""]",Inattentive or Other Distraction (Distracted),Pedestrian,Pedestrian
1.0,0.0,Decatur Police Department,2021-08-19,Mead Rd and Oakview Rd,(A) Suspected Serious Injury,Daylight,On Roadway - In Crosswalk,Not a Collision with Motor Vehicle,Oakview Rd,Dry,18:26:00,Lap and Shoulder Belt Used,Clear,0.0,33.760201,-84.303069,Decatur,DEKALB,,"[""Motor Vehicle in Motion"",""Motor Vehicle in Motion""]",Failure to Yield,Pedestrian,Pedestrian
0.0,0.0,Atlanta Police Department,2021-08-31,Flat Shoals Rd Se and Fayetteville Rd Se,(C) Possible Injury / Complaint,Daylight,On Roadway - Non-Intersection,Not a Collision with Motor Vehicle,Flat Shoals Rd Se,Dry,15:25:00,"[""Unknown"",""None Used""]",Cloudy,0.0,33.725827,-84.322384,Atlanta,DEKALB,,"[""Pedestrian"",""Motor Vehicle in Motion""]",Failure to Yield,Pedestrian,Pedestrian
0.0,0.0,Dekalb Co Police Department,2021-09-09,Glenwood Rd and Highcourt Pl,(O) No Injury,Daylight,On Roadway - Non-Intersection,Not a Collision with Motor Vehicle,Glenwood Rd,Dry,10:00:00,"[""Unknown"",""Unknown""]",Clear,0.0,33.737665,-84.242094,Unincorporated,DEKALB,,"[""Motor Vehicle in Motion"",""Pedestrian""]",,Pedestrian,Pedestrian
1.0,0.0,Decatur Police Department,2021-09-27,Adair St and W Ponce De Leon Ave,(A) Suspected Serious Injury,Daylight,On Roadway - In Crosswalk,Not a Collision with Motor Vehicle,W Ponce De Leon Ave,Dry,16:14:00,Lap and Shoulder Belt Used,Clear,0.0,33.772792,-84.307119,Decatur,DEKALB,,"[""Pedestrian"",""Motor Vehicle in Motion""]",Failure to Yield,Pedestrian,Pedestrian
0.0,0.0,Dekalb Co Police Department,2021-10-01,Candler Rd and Northview Ave,(K) Fatal Injury,Dark-Lighted,On Roadway - Non-Intersection,Not a Collision with Motor Vehicle,Candler Rd,Dry,19:39:00,None Used,Clear,1.0,33.735255,-84.285954,Unincorporated,DEKALB,,"[""Motor Vehicle in Motion"",""Motor Vehicle in Motion""]",,Pedestrian,Pedestrian
0.0,1.0,Dekalb Co Police Department,2021-10-09,N Decatur Rd and Dekalb Industrial Way,(B) Suspected Minor/Visible Injury,Daylight,On Roadway - Non-Intersection,Not a Collision with Motor Vehicle,Dekalb Industrial Way,Dry,12:15:00,"[""Unknown"",""Unknown""]",Clear,0.0,33.793867,-84.276429,Unincorporated,DEKALB,,"[""Motor Vehicle in Motion"",""Pedestrian""]",,Pedestrian,Pedestrian
0.0,1.0,Dekalb Co Police Department,2021-10-10,Beech Dr and Covington Hwy,(B) Suspected Minor/Visible Injury,Dark-Lighted,On Roadway - Non-Intersection,Not a Collision with Motor Vehicle,Covington Hwy,Dry,19:50:00,None Used,Clear,0.0,33.761432,-84.246948,Unincorporated,DEKALB,,"[""Pedestrian"",""Pedestrian""]",,Pedestrian,Pedestrian
0.0,1.0,Dekalb Co Police Department,2021-10-14,Mistletoe Rd and N Druid Hills Rd,(B) Suspected Minor/Visible Injury,Dark-Not Lighted,On Roadway - Non-Intersection,Not a Collision with Motor Vehicle,N Druid Hills Rd,Dry,00:32:00,"[""None Used"",""Lap and Shoulder Belt Used""]",Clear,0.0,33.810921,-84.275476,Unincorporated,DEKALB,,"[""Pedestrian"",""Pedestrian""]","[""Failure to Yield"",""Under the Influence (U.I.)""]",Pedestrian,Pedestrian
0.0,1.0,Dekalb Co Police Department,2021-10-15,Clairmont Rd and N Decatur Rd,(B) Suspected Minor/Visible Injury,Dusk,On Roadway - Non-Intersection,Not a Collision with Motor Vehicle,N Decatur Rd,Dry,18:50:00,"[""None Used"",""Lap and Shoulder Belt Used""]",Clear,0.0,33.790382,-84.304275,Unincorporated,DEKALB,,"[""Motor Vehicle in Motion"",""Pedestrian""]","[""Cell Phone"",""Inattentive or Other Distraction (Distracted)""]",Pedestrian,Pedestrian
0.0,1.0,Dekalb Co Police Department,2021-10-16,Oakdale Rd and N Decatur Rd,(B) Suspected Minor/Visible Injury,Daylight,On Roadway - In Crosswalk,Not a Collision with Motor Vehicle,N Decatur Rd,Dry,15:30:00,"[""Lap and Shoulder Belt Used"",""None Used""]",Clear,0.0,33.788627,-84.331666,Unincorporated,DEKALB,,"[""Pedestrian"",""Motor Vehicle in Motion""]",Failure to Yield,Pedestrian,Pedestrian
1.0,0.0,Dekalb Co Police Department,2021-10-20,Parkdale Dr and N Decatur Rd,(A) Suspected Serious Injury,Dark-Not Lighted,On Roadway - Roadway Intersection,Not a Collision with Motor Vehicle,N Decatur Rd,Dry,22:55:00,None Used,Clear,0.0,33.791958,-84.256214,Unincorporated,DEKALB,,"[""Pedestrian"",""Pedestrian""]",,Pedestrian,Pedestrian
0.0,1.0,Dekalb Co Police Department,2021-10-21,Mcafee Rd and Candler Rd,(B) Suspected Minor/Visible Injury,Daylight,On Roadway - Non-Intersection,Not a Collision with Motor Vehicle,Candler Rd,Dry,15:34:00,Unknown,Clear,0.0,33.732016,-84.283379,Unincorporated,DEKALB,,"[""Pedestrian"",""Pedestrian""]",,Motor Vehicle in Motion,Pedestrian
1.0,0.0,Dekalb Co Police Department,2021-10-24,Church St and N Decatur Rd,(A) Suspected Serious Injury,Daylight,On Roadway - Non-Intersection,Not a Collision with Motor Vehicle,Church St,Dry,14:00:00,None Used,Clear,0.0,33.789384,-84.287729,Unincorporated,DEKALB,,"[""Pedestrian"",""Motor Vehicle in Motion""]",,Pedestrian,Pedestrian
0.0,0.0,Atlanta Police Department,2021-10-29,E Lake Blvd Se and Glenwood Ave Se,(C) Possible Injury / Complaint,Daylight,On Roadway - In Crosswalk,Not a Collision with Motor Vehicle,Glenwood Ave Se,Water (standing or moving),07:58:00,"[""Unknown"",""None Used""]",Cloudy,0.0,33.740143,-84.313886,Atlanta,DEKALB,,"[""Motor Vehicle in Motion"",""Pedestrian""]",,Pedestrian,Pedestrian
0.0,0.0,Atlanta Police Department,2021-10-31,Daniel Ave Se and Memorial Dr Se,(K) Fatal Injury,Dark-Lighted,On Roadway - Roadway Intersection,Not a Collision with Motor Vehicle,Memorial Dr Se,Dry,20:22:00,"[""Lap and Shoulder Belt Used"",""Lap and Shoulder Belt Used"",""None Used""]",Clear,1.0,33.747142,-84.29842,Atlanta,DEKALB,,"[""Motor Vehicle in Motion"",""Motor Vehicle in Motion""]",Failure to Yield,Pedestrian,Pedestrian
0.0,2.0,Dekalb Co Police Department,2021-11-08,Memorial Dr and Columbia Dr,(B) Suspected Minor/Visible Injury,Dark-Lighted,On Roadway - Non-Intersection,Not a Collision with Motor Vehicle,Columbia Dr,Dry,18:05:00,"[""Unknown"",""None Used"",""None Used""]",Clear,0.0,33.753175,-84.266132,Unincorporated,DEKALB,,"[""Pedal-Cycle"",""Motor Vehicle in Motion"",""Motor Vehicle in Motion""]",,Pedestrian,Pedestrian
0.0,0.0,Dekalb Co Police Department,2021-11-10,Scott Cir and Brengare Dr,(O) No Injury,Dark-Lighted,On Roadway - Non-Intersection,Not a Collision with Motor Vehicle,Scott Cir,Dry,18:11:00,"[""Unknown"",""Non-Motorist Lighting""]",Clear,0.0,33.797347,-84.294227,Unincorporated,DEKALB,,"[""Pedestrian"",""Pedestrian""]",,Pedestrian,Pedestrian
0.0,1.0,Dekalb Co Police Department,2021-11-14,S Howard St and Glenwood Ave,(B) Suspected Minor/Visible Injury,Daylight,On Roadway - Roadway Intersection,Not a Collision with Motor Vehicle,Glenwood Ave,Dry,15:53:00,"[""None Used"",""Unknown"",""Unknown""]",Clear,0.0,33.739803,-84.326195,Unincorporated,DEKALB,,"[""Motor Vehicle in Motion"",""Motor Vehicle in Motion""]","[""Under the Influence (U.I.)"",""Failure to Yield""]",Pedestrian,Pedestrian
0.0,0.0,Dekalb Co Police Department,2021-11-14,Memorial Dr and Covington Hwy,(C) Possible Injury / Complaint,Dark-Lighted,On Roadway - In Crosswalk,Not a Collision with Motor Vehicle,Covington Hwy,Dry,18:55:00,"[""Lap and Shoulder Belt Used"",""None Used""]",Clear,0.0,33.768585,-84.25154,Unincorporated,DEKALB,,"[""Pedestrian"",""Motor Vehicle in Motion""]",Disregard Stop Sign/Signal,Motor Vehicle in Motion,Pedestrian
0.0,0.0,Emory Police Department,2021-11-15,Clifton Rd Ne and Houston Mill Rd Ne,(C) Possible Injury / Complaint,Daylight,On Roadway - Roadway Intersection,Not a Collision with Motor Vehicle,Clifton Rd Ne,Dry,14:14:00,Unknown,Clear,0.0,33.798534,-84.32376,Atlanta,DEKALB,Other,"[""Pedestrian"",""Motor Vehicle in Motion""]",Driver Condition,Pedestrian,Pedestrian
0.0,0.0,Atlanta Police Department,2021-11-22,Virginia Ave Ne and Briarcliff Rd Ne,(C) Possible Injury / Complaint,Daylight,Off Roadway - Sidewalk,Not a Collision with Motor Vehicle,Briarcliff Rd Ne,Dry,14:20:00,"[""Unknown"",""Unknown""]",Clear,0.0,33.779176,-84.345187,Atlanta,DEKALB,,"[""Motor Vehicle in Motion"",""Pedestrian""]","Not Visible (Object, Person, or Vehicle)",Motor Vehicle in Motion,Pedestrian
1.0,0.0,Dekalb Co Police Department,2021-12-02,Glenmar Dr and Glenwood Rd,(A) Suspected Serious Injury,Dark-Not Lighted,On Roadway - Non-Intersection,Not a Collision with Motor Vehicle,Glenwood Rd,Dry,18:15:00,"[""None Used"",""Unknown""]",Clear,0.0,33.73769,-84.243004,Unincorporated,DEKALB,,"[""Pedestrian"",""Pedestrian""]","[""Failure to Yield"",""Inattentive or Other Distraction (Distracted)""]",Pedestrian,Pedestrian
1.0,0.0,Decatur Police Department,2021-12-05,Commerce Dr and W Howard Ave,(A) Suspected Serious Injury,Dark-Lighted,On Roadway - Non-Intersection,Head On,Commerce Dr,Dry,19:50:00,"[""Lap and Shoulder Belt Used"",""Lap and Shoulder Belt Used""]",Clear,0.0,33.770287,-84.299268,Decatur,DEKALB,,"[""Pedestrian"",""Pedestrian""]",,Pedestrian,Pedestrian
0.0,0.0,Dekalb Co Police Department,2021-12-10,Ponce De Leon Mnr and Ponce De Leon Ave,(O) No Injury,Daylight,On Shoulder,Not a Collision with Motor Vehicle,Ponce De Leon Ave,Wet,17:38:00,None Used,Rain,0.0,33.771617,-84.321347,Unincorporated,DEKALB,,"[""Pedestrian"",""Motor Vehicle in Motion""]",,Pedestrian,Pedestrian
1.0,0.0,Atlanta Police Department,2021-12-10,None and Trenton St Se,(A) Suspected Serious Injury,Dark-Lighted,Off Roadway,Head On,Trenton St Se,Water (standing or moving),23:47:00,"[""Lap and Shoulder Belt Used"",""Lap and Shoulder Belt Used"",""Unknown""]",Rain,0.0,33.746784,-84.349022,Atlanta,DEKALB,,"[""Curb"",""Motor Vehicle in Motion"",""Motor Vehicle in Motion""]",Driver Lost Control,"[""Pedestrian"",""Motor Vehicle in Motion""]",Pedestrian
0.0,1.0,Dekalb Co Police Department,2021-12-27,N Decatur Rd and E Ponce De Leon Ave,(B) Suspected Minor/Visible Injury,Dark-Not Lighted,On Roadway - Non-Intersection,Not a Collision with Motor Vehicle,N Decatur Rd,Dry,18:25:00,None Used,Clear,0.0,33.793565,-84.264755,Unincorporated,DEKALB,,"[""Pedestrian"",""Motor Vehicle in Motion""]",,Pedestrian,Pedestrian
0.0,1.0,Decatur Police Department,2022-01-02,Commerce Dr and 600 Blk Of Church St,(B) Suspected Minor/Visible Injury,Daylight,On Roadway - Roadway Intersection,Not a Collision with Motor Vehicle,600 Blk Of Church St,Wet,11:51:00,Unknown,Rain,0.0,33.777797,-84.294865,Decatur,DEKALB,,"[""Motor Vehicle in Motion"",""Motor Vehicle in Motion"",""Motor Vehicle in Motion""]",Failure to Yield,Pedestrian,Pedestrian
0.0,0.0,Dekalb Co Police Department,2022-01-13,Winn Way and N Decatur Rd,(O) No Injury,Daylight,On Roadway - Non-Intersection,Not a Collision with Motor Vehicle,N Decatur Rd,Dry,10:31:00,"[""None Used"",""Unknown"",""Unknown""]",Clear,0.0,33.792124,-84.282733,Unincorporated,DEKALB,,"[""Motor Vehicle in Motion"",""Pedestrian""]",Reaction to Object or Animal,Pedestrian,Pedestrian
0.0,0.0,Avondale Estates Police Dept.,2022-01-14,Stratford Rd and Covington Rdus278,(K) Fatal Injury,Dark-Lighted,On Roadway - Non-Intersection,Angle Crash,Covington Rdus278,Dry,19:26:00,Lap and Shoulder Belt Used,Clear,1.0,33.774648,-84.261098,Avondale Estates,DEKALB,,"[""Pedestrian"",""Motor Vehicle in Motion""]",Inattentive or Other Distraction (Distracted),Pedestrian,Pedestrian
1.0,0.0,Avondale Estates Police Dept.,2022-01-14,Stratford Rd and Covington Rdus278,(A) Suspected Serious Injury,Dark-Lighted,On Roadway - Non-Intersection,Angle Crash,Covington Rdus278,Dry,19:26:00,Lap and Shoulder Belt Used,Clear,0.0,33.774494,-84.260345,Avondale Estates,DEKALB,,"[""Pedestrian"",""Other/Unknown""]",Inattentive or Other Distraction (Distracted),,Pedestrian
0.0,0.0,Dekalb Co Police Department,2022-01-22,Wells St and N Clarendon Ave,(O) No Injury,Dark-Lighted,On Roadway - Non-Intersection,Not a Collision with Motor Vehicle,N Clarendon Ave,Dry,19:10:00,"[""None Used"",""Lap and Shoulder Belt Used""]",Clear,0.0,33.780809,-84.263691,Unincorporated,DEKALB,,"[""Motor Vehicle in Motion"",""Pedestrian""]",,Pedestrian,Pedestrian
0.0,0.0,Atlanta Police Department,2022-01-23,S Howard St Se and Hosea L Williams Dr Ne,(C) Possible Injury / Complaint,Dark-Not Lighted,On Roadway - Roadway Intersection,Not a Collision with Motor Vehicle,Hosea L Williams Dr Ne,Dry,20:15:00,Unknown,Clear,0.0,33.751514,-84.322832,Atlanta,DEKALB,,"[""Motor Vehicle in Motion"",""Pedestrian"",""Pedestrian""]",,Motor Vehicle in Motion,Pedestrian
1.0,0.0,Decatur Police Department,2022-01-24,Commerce Dr and N Candler St,(A) Suspected Serious Injury,Daylight,On Roadway - Roadway Intersection,Angle Crash,Commerce Dr,Dry,15:43:00,Lap and Shoulder Belt Used,Clear,0.0,33.777731,-84.292685,Decatur,DEKALB,,"[""Motor Vehicle in Motion"",""Pedestrian""]","[""Disregard Stop Sign/Signal"",""Disregard Police - Traffic Control""]",Motor Vehicle in Motion,Pedestrian
0.0,0.0,Dekalb Co Police Department,2022-01-25,Glenwood Rd and Columbia Dr,(O) No Injury,Dark-Lighted,On Roadway - Non-Intersection,Not a Collision with Motor Vehicle,Columbia Dr,Dry,19:23:00,"[""Unknown"",""None Used""]",Clear,0.0,33.738327,-84.252074,Unincorporated,DEKALB,,"[""Motor Vehicle in Motion"",""Pedestrian""]","[""Failure to Yield"",""Inattentive or Other Distraction (Distracted)""]",Pedestrian,Pedestrian
0.0,1.0,Decatur Police Department,2022-02-05,Swanton Way and Commerce Dr,(B) Suspected Minor/Visible Injury,Daylight,On Roadway - Roadway Intersection,Not a Collision with Motor Vehicle,Commerce Dr,Dry,15:03:00,Lap and Shoulder Belt Used,Clear,0.0,33.77455,-84.29889,Decatur,DEKALB,,"[""Motor Vehicle in Motion"",""Motor Vehicle in Motion""]",Failure to Yield,Pedestrian,Pedestrian
0.0,0.0,Atlanta Police Department,2022-02-28,Candler Rd Se and Memorial Dr Se,(O) No Injury,Daylight,On Roadway - Non-Intersection,Not a Collision with Motor Vehicle,Memorial Dr Se,Dry,18:00:00,Unknown,Clear,0.0,33.74706,-84.292045,Atlanta,DEKALB,,"[""Motor Vehicle in Motion"",""Pedestrian""]",Failure to Yield,Motor Vehicle in Motion,Pedestrian
0.0,1.0,Atlanta Police Department,2022-02-28,Euclid Ave Ne and Moreland Ave Ne,(B) Suspected Minor/Visible Injury,Daylight,On Roadway - Roadway Intersection,Not a Collision with Motor Vehicle,Euclid Ave Ne,Dry,08:00:00,Unknown,Clear,0.0,33.765568,-84.348993,Atlanta,DEKALB,,"[""Pedestrian"",""Motor Vehicle in Motion""]",Failure to Yield,,Pedestrian
0.0,0.0,Dekalb Co Police Department,2022-03-10,Lavista Rd and Houston Mill Rd,(C) Possible Injury / Complaint,Daylight,On Roadway - In Crosswalk,Not a Collision with Motor Vehicle,Lavista Rd,Dry,08:12:00,"[""Lap and Shoulder Belt Used"",""None Used""]",Clear,0.0,33.815194,-84.318938,Unincorporated,DEKALB,,"[""Pedestrian"",""Motor Vehicle in Motion""]",Inattentive or Other Distraction (Distracted),Pedestrian,Pedestrian
0.0,0.0,Dekalb Co Police Department,2022-03-11,Flat Shoals Rd and Fayetteville Rd,(O) No Injury,Daylight,On Roadway - Non-Intersection,Not a Collision with Motor Vehicle,Flat Shoals Rd,Dry,08:00:00,None Used,Cloudy,0.0,33.725012,-84.320997,Unincorporated,DEKALB,,"[""Motor Vehicle in Motion"",""Pedestrian""]",Failure to Yield,Motor Vehicle in Motion,Pedestrian
0.0,1.0,Atlanta Police Department,2022-03-15,Seaboard Ave Ne and Moreland Ave Ne,(B) Suspected Minor/Visible Injury,Daylight,On Roadway - In Crosswalk,Not a Collision with Motor Vehicle,Moreland Ave Ne,Dry,09:46:00,"[""Lap and Shoulder Belt Used"",""None Used""]",Cloudy,0.0,33.758441,-84.349163,Atlanta,DEKALB,,"[""Motor Vehicle in Motion"",""Pedestrian""]",Failure to Yield,Motor Vehicle in Motion,Pedestrian
0.0,1.0,Atlanta Police Department,2022-03-19,Candler Rd Se and Memorial Dr Se,(B) Suspected Minor/Visible Injury,Dark-Lighted,On Roadway - In Crosswalk,Not a Collision with Motor Vehicle,Memorial Dr Se,Wet,04:50:00,"[""None Used"",""Unknown""]",Clear,0.0,33.747061,-84.291999,Atlanta,DEKALB,,"[""Motor Vehicle in Motion"",""Motor Vehicle in Motion""]",,Pedestrian,Pedestrian
0.0,0.0,Dekalb Co Police Department,2022-03-20,Welika Dr and White Oak Dr,(O) No Injury,Dark-Not Lighted,On Roadway - Roadway Intersection,Not a Collision with Motor Vehicle,Welika Dr,Dry,20:40:00,None Used,Clear,0.0,33.742873,-84.274232,Unincorporated,DEKALB,,"[""Motor Vehicle in Motion"",""Pedestrian""]",Failure to Yield,,Pedestrian
0.0,0.0,Emory Police Department,2022-04-08,Clifton Rd and Michael St,(O) No Injury,Daylight,On Roadway - Roadway Intersection,Not a Collision with Motor Vehicle,Michael St,Dry,17:00:00,"[""Unknown"",""Unknown"",""Unknown""]",Clear,0.0,33.795684,-84.321612,Atlanta,DEKALB,Other,"[""Pedestrian"",""Motor Vehicle in Motion"",""Motor Vehicle in Motion""]",,Pedestrian,Pedestrian
0.0,0.0,Clarkston Police Department,2022-04-10,Montreal Road and Montreal Creek Circle,(O) No Injury,Daylight,On Roadway - Non-Intersection,Not a Collision with Motor Vehicle,Montreal Road,Dry,12:40:00,"[""None Used"",""Lap and Shoulder Belt Used"",""Child Restraint System (Properly Used)"",""Child Restraint System (Properly Used)""]",Clear,0.0,33.814748,-84.244097,Clarkston,DEKALB,,"[""Motor Vehicle in Motion"",""Pedestrian""]",Failure to Yield,Pedestrian,Pedestrian
0.0,1.0,Dekalb Co Police Department,2022-04-10,Meadow Ln and Glenwood Rd,(B) Suspected Minor/Visible Injury,Daylight,On Roadway - Non-Intersection,Not a Collision with Motor Vehicle,Meadow Ln,Dry,17:50:00,None Used,Clear,0.0,33.73782,-84.270792,Unincorporated,DEKALB,,"[""Motor Vehicle in Motion"",""Pedestrian""]","[""Changed Lanes Improperly"",""Reckless Driving"",""Wrong Side of Road""]",Motor Vehicle in Motion,Pedestrian
0.0,1.0,Atlanta Police Department,2022-04-14,E Lake Blvd Se and Glenwood Ave Se,(B) Suspected Minor/Visible Injury,Daylight,On Roadway - In Crosswalk,Not a Collision with Motor Vehicle,E Lake Blvd Se,Dry,10:05:00,"[""Unknown"",""Unknown""]",Cloudy,0.0,33.740143,-84.313886,Atlanta,DEKALB,,"[""Pedestrian"",""Pedestrian""]","[""Disregard Other Traffic Control"",""Inattentive or Other Distraction (Distracted)"",""Failure to Yield"",""Reckless Driving""]",Pedestrian,Pedestrian
1.0,0.0,Dekalb Co Police Department,2022-04-15,Valley Brook Rd and E Ponce De Leon Ave,(A) Suspected Serious Injury,Daylight,On Roadway - Non-Intersection,Not a Collision with Motor Vehicle,E Ponce De Leon Ave,Dry,14:45:00,"[""Lap and Shoulder Belt Used"",""Unknown""]",Clear,0.0,33.795469,-84.262576,Unincorporated,DEKALB,,"[""Pedestrian"",""Motor Vehicle in Motion""]",Failure to Yield,Pedestrian,Pedestrian
0.0,1.0,Dekalb Co Police Department,2022-04-24,Mcafee Rd and Candler Rd,(B) Suspected Minor/Visible Injury,Dark-Lighted,On Roadway - Roadway Intersection,Not a Collision with Motor Vehicle,Candler Rd,Dry,00:02:00,None Used,Clear,0.0,33.731834,-84.283188,Unincorporated,DEKALB,,"[""Pedestrian"",""Motor Vehicle in Motion""]",Failure to Yield,Motor Vehicle in Motion,Pedestrian
0.0,0.0,Dekalb Co Police Department,2022-05-14,Midway Rd and Covington Hwy,(K) Fatal Injury,Dark-Lighted,On Roadway - Non-Intersection,Not a Collision with Motor Vehicle,Covington Hwy,Dry,21:00:00,"[""None Used"",""Lap and Shoulder Belt Used""]",Clear,1.0,33.766273,-84.251391,Unincorporated,DEKALB,,"[""Motor Vehicle in Motion"",""Pedestrian""]",,Pedestrian,Pedestrian
0.0,1.0,Decatur Police Department,2022-05-23,Church St and E Ponce De Leon Ave,(B) Suspected Minor/Visible Injury,Daylight,On Roadway - Roadway Intersection,Not a Collision with Motor Vehicle,Church St,Wet,07:50:00,Lap and Shoulder Belt Used,Rain,0.0,33.775597,-84.294886,Decatur,DEKALB,,"[""Pedestrian"",""Motor Vehicle in Motion""]",,Pedestrian,Pedestrian
0.0,0.0,Decatur Police Department,2022-06-06,None and 335 W Ponce De Leon Ave,(C) Possible Injury / Complaint,Daylight,On Roadway - Non-Intersection,Not a Collision with Motor Vehicle,335 W Ponce De Leon Ave,Dry,13:08:00,Lap and Shoulder Belt Used,Clear,0.0,33.775638,-84.301917,Decatur,DEKALB,,"[""Pedestrian"",""Pedestrian""]",,Pedestrian,Pedestrian
0.0,0.0,Dekalb Co Police Department,2022-06-08,Powell Ln and Clairmont Rd,(O) No Injury,Daylight,On Roadway - Non-Intersection,Not a Collision with Motor Vehicle,Clairmont Rd,Dry,20:18:00,"[""None Used"",""Lap and Shoulder Belt Used""]",Cloudy,0.0,33.791871,-84.305887,Unincorporated,DEKALB,,"[""Motor Vehicle in Motion"",""Pedestrian""]",,Pedestrian,Pedestrian
0.0,1.0,Dekalb Co Police Department,2022-06-12,Medlock Rd and N Decatur Rd,(B) Suspected Minor/Visible Injury,Dark-Lighted,On Roadway - Roadway Intersection,Not a Collision with Motor Vehicle,Medlock Rd,Dry,09:41:00,"[""Unknown"",""None Used""]",Clear,0.0,33.793505,-84.290094,Unincorporated,DEKALB,,"[""Pedestrian"",""Pedestrian""]",Reckless Driving,Pedestrian,Pedestrian
0.0,1.0,Dekalb Co Police Department,2022-06-17,W Parkwood Rd and W Ponce De Leon Ave,(B) Suspected Minor/Visible Injury,Daylight,On Roadway - Roadway Intersection,Not a Collision with Motor Vehicle,W Ponce De Leon Ave,Dry,18:22:00,"[""Lap and Shoulder Belt Used"",""Reflective: Clothing/Backpack/Equipment""]",Clear,0.0,33.773982,-84.313462,Unincorporated,DEKALB,,"[""Pedestrian"",""Motor Vehicle in Motion""]",Changed Lanes Improperly,Pedestrian,Pedestrian
0.0,0.0,Dekalb Co Police Department,2022-06-23,Clairmont Rd and Clairemont Ave,(C) Possible Injury / Complaint,Daylight,On Roadway - In Crosswalk,Not a Collision with Motor Vehicle,Clairemont Ave,Dry,10:00:00,None Used,Clear,0.0,33.790314,-84.306464,Unincorporated,DEKALB,,"[""Pedestrian"",""Motor Vehicle in Motion""]",,Pedestrian,Pedestrian
0.0,1.0,Dekalb Co Police Department,2022-06-25,Mistletoe Rd and N Druid Hills Rd,(B) Suspected Minor/Visible Injury,Daylight,On Roadway - Non-Intersection,Not a Collision with Motor Vehicle,N Druid Hills Rd,Dry,10:35:00,None Used,Clear,0.0,33.810773,-84.274968,Unincorporated,DEKALB,,"[""Pedestrian"",""Motor Vehicle in Motion""]",,Pedestrian,Pedestrian
0.0,1.0,Dekalb Co Police Department,2022-07-09,Church St and N. Decatur Rd,(B) Suspected Minor/Visible Injury,Dark-Not Lighted,On Roadway - Roadway Intersection,Not a Collision with Motor Vehicle,N. Decatur Rd,Wet,22:28:00,Unknown,Rain,0.0,33.792169,-84.284924,Unincorporated,DEKALB,,"[""Motor Vehicle in Motion"",""Motor Vehicle in Motion""]",Failure to Yield,Pedestrian,Pedestrian
1.0,0.0,Decatur Police Department,2022-07-14,Ridley Ln and Hibernia Ave,(A) Suspected Serious Injury,Daylight,On Roadway - Non-Intersection,Not a Collision with Motor Vehicle,Hibernia Ave,Dry,08:00:00,Unknown,Cloudy,0.0,33.769045,-84.305626,Decatur,DEKALB,,"[""Pedestrian"",""Motor Vehicle in Motion""]",,Pedestrian,Pedestrian
0.0,1.0,Dekalb Co Police Department,2022-07-20,Columbia Dr and Memorial Dr,(B) Suspected Minor/Visible Injury,Daylight,On Roadway - In Crosswalk,Not a Collision with Motor Vehicle,Memorial Dr,Dry,09:00:00,"[""Unknown"",""None Used""]",Cloudy,0.0,33.754867,-84.267746,Unincorporated,DEKALB,,"[""Pedestrian"",""Motor Vehicle in Motion""]",Failure to Yield,Pedestrian,Pedestrian
0.0,1.0,Dekalb Co Police Department,2022-07-28,2 Nd Ave and Capri Dr,(B) Suspected Minor/Visible Injury,Daylight,On Roadway - Non-Intersection,Not a Collision with Motor Vehicle,Capri Dr,Dry,13:20:00,None Used,Clear,0.0,33.724728,-84.308053,Unincorporated,DEKALB,,"[""Pedestrian"",""Motor Vehicle in Motion""]",Under the Influence (U.I.),Pedestrian,Pedestrian
0.0,1.0,Dekalb Co Police Department,2022-08-04,Briarcliff Rd and Briar Vista Ter,(B) Suspected Minor/Visible Injury,Daylight,On Roadway - In Crosswalk,Not a Collision with Motor Vehicle,Briar Vista Ter,Dry,09:46:00,"[""Lap and Shoulder Belt Used"",""None Used""]",Clear,0.0,33.810366,-84.334774,Unincorporated,DEKALB,,"[""Pedestrian"",""Motor Vehicle in Motion""]",Failure to Yield,Pedestrian,Pedestrian
0.0,0.0,Avondale Estates Police Dept.,2022-08-12,Nottingham Dr and Covington Hwyus278,(K) Fatal Injury,Dark-Lighted,On Roadway - Roadway Intersection,Not a Collision with Motor Vehicle,Covington Hwyus278,Dry,21:39:00,"[""Lap and Shoulder Belt Used"",""Lap and Shoulder Belt Used""]",Clear,1.0,33.770831,-84.253471,Avondale Estates,DEKALB,,"[""Motor Vehicle in Motion"",""Pedestrian""]","Not Visible (Object, Person, or Vehicle)",Pedestrian,Pedestrian
0.0,0.0,Decatur Police Department,2022-08-15,Scott Blvd and Clairemont Ave,(K) Fatal Injury,Dark-Lighted,On Roadway - In Crosswalk,Not a Collision with Motor Vehicle,Scott Blvd,Wet,23:34:00,Unknown,Cloudy,1.0,33.784821,-84.304085,Decatur,DEKALB,,"[""Motor Vehicle in Motion"",""Pedestrian""]",,"[""Motor Vehicle in Motion"",""Pedestrian""]",Pedestrian
0.0,0.0,Dekalb Co Police Department,2022-08-21,Richard Rd and Covington Hwy,(K) Fatal Injury,Dark-Not Lighted,On Roadway - Non-Intersection,Not a Collision with Motor Vehicle,Covington Hwy,Wet,00:20:00,"[""Unknown"",""Unknown""]",Rain,1.0,33.761271,-84.246349,Unincorporated,DEKALB,,"[""Pedestrian"",""Motor Vehicle in Motion""]",,Pedestrian,Pedestrian
0.0,0.0,Avondale Estates Police Dept.,2022-08-27,Memorial Drive and Covington Hwyus278,(O) No Injury,Daylight,On Roadway - Non-Intersection,Head On,Covington Hwyus278,Dry,18:34:00,,Clear,0.0,33.769749,-84.252277,Avondale Estates,DEKALB,,"[""Pedestrian"",""Pedestrian""]","[""Failure to Yield"",""Disregard Police - Evasion""]",Pedestrian,Pedestrian
0.0,1.0,Decatur Police Department,2022-08-29,Adams St and W College Ave,(B) Suspected Minor/Visible Injury,Daylight,On Roadway - Non-Intersection,Not a Collision with Motor Vehicle,W College Ave,Dry,15:51:00,Lap and Shoulder Belt Used,Clear,0.0,33.76868,-84.299427,Decatur,DEKALB,,"[""Pedestrian"",""Pedestrian""]",Failure to Yield,Pedestrian,Pedestrian
0.0,0.0,Dekalb Co Police Department,2022-08-31,Victoria Dr and Northern Ave,(O) No Injury,Daylight,Off Roadway,Not a Collision with Motor Vehicle,Northern Ave,Dry,18:14:00,Lap and Shoulder Belt Used,Clear,0.0,33.790243,-84.246355,Unincorporated,DEKALB,,Pedestrian,,Other Non-Collision,Pedestrian
1.0,0.0,Dekalb Co Police Department,2022-09-06,Columbia Dr and Memorial Dr,(A) Suspected Serious Injury,Daylight,On Roadway - In Crosswalk,Not a Collision with Motor Vehicle,Memorial Dr,Dry,19:11:00,"[""Unknown"",""Unknown""]",Clear,0.0,33.75484,-84.267774,Unincorporated,DEKALB,,"[""Pedestrian"",""Motor Vehicle in Motion""]","[""Disregard Other Traffic Control"",""Failure to Yield""]",Pedestrian,Pedestrian
0.0,2.0,Dekalb Co Police Department,2022-09-12,Lavista Rd and Calibre Woods Dr,(B) Suspected Minor/Visible Injury,Daylight,On Roadway - Roadway Intersection,Not a Collision with Motor Vehicle,Lavista Rd,Dry,18:00:00,"[""Lap and Shoulder Belt Used"",""None Used"",""None Used""]",Clear,0.0,33.815794,-84.317079,Unincorporated,DEKALB,,"[""Pedestrian"",""Motor Vehicle in Motion"",""Motor Vehicle in Motion""]",Failure to Yield,Pedestrian,Pedestrian
0.0,1.0,Dekalb Co Police Department,2022-09-12,Clairmont Rd and N Decatur Rd,(B) Suspected Minor/Visible Injury,Daylight,On Roadway - Non-Intersection,Not a Collision with Motor Vehicle,N Decatur Rd,Dry,08:21:00,"[""None Used"",""Lap and Shoulder Belt Used""]",Cloudy,0.0,33.790511,-84.306984,Unincorporated,DEKALB,,"[""Pedestrian"",""Motor Vehicle in Motion""]",,Motor Vehicle in Motion,Pedestrian
0.0,0.0,Emory Police Department,2022-09-20,Clifton Rd Ne and Houston Mill Rd Ne,(C) Possible Injury / Complaint,Daylight,On Roadway - In Crosswalk,Not a Collision with Motor Vehicle,Houston Mill Rd Ne,Dry,10:45:00,"[""Unknown"",""None Used""]",Clear,0.0,33.798534,-84.32376,Atlanta,DEKALB,,"[""Pedestrian"",""Motor Vehicle in Motion""]",,Pedestrian,Pedestrian
0.0,0.0,Dekalb Co Police Department,2022-09-23,,(O) No Injury,Daylight,On Roadway - Roadway Intersection,Not a Collision with Motor Vehicle,Candler Rd,Dry,14:19:00,None Used,Clear,0.0,33.731811,-84.283206,Unincorporated,DEKALB,,"[""Motor Vehicle in Motion"",""Pedestrian""]","[""Under the Influence (U.I.)"",""Failure to Yield""]",Pedestrian,Pedestrian
0.0,0.0,Emory Police Department,2022-09-26,Clifton Rd Ne and Old Briarcliff Way Ne,(O) No Injury,Daylight,On Roadway - Roadway Intersection,Not a Collision with Motor Vehicle,Clifton Rd Ne,Dry,10:45:00,Lap and Shoulder Belt Used,Clear,0.0,33.803645,-84.333615,Atlanta,DEKALB,,"[""Pedestrian"",""Pedestrian""]","[""Failure to Yield"",""Failure to Yield""]",Pedestrian,Pedestrian
0.0,0.0,Emory Police Department,2022-10-03,Haygood Dr Ne and Clifton Rd Ne,(O) No Injury,Dark-Lighted,On Roadway - Roadway Intersection,Not a Collision with Motor Vehicle,Clifton Rd Ne,Dry,05:45:00,,Clear,0.0,33.795203,-84.321269,Atlanta,DEKALB,,"[""Pedestrian"",""Motor Vehicle in Motion""]",,Pedestrian,Pedestrian
0.0,1.0,Decatur Police Department,2022-10-05,Atlanta Ave and W Trinity Pl,(B) Suspected Minor/Visible Injury,Daylight,On Roadway - In Crosswalk,Not a Collision with Motor Vehicle,W Trinity Pl,Dry,18:52:00,Lap and Shoulder Belt Used,Clear,0.0,33.773546,-84.301976,Decatur,DEKALB,,"[""Pedestrian"",""Motor Vehicle in Motion""]",Failure to Yield,Pedestrian,Pedestrian
0.0,1.0,Dekalb Co Police Department,2022-10-06,Glenwood Ave and Terry Mill Rd,(B) Suspected Minor/Visible Injury,Daylight,On Roadway - Non-Intersection,Not a Collision with Motor Vehicle,Glenwood Ave,Dry,08:00:00,"[""Unknown"",""Unknown""]",Clear,0.0,33.7397,-84.322319,Unincorporated,DEKALB,,"[""Pedestrian"",""Motor Vehicle in Motion""]",,Pedestrian,Pedestrian
0.0,0.0,Decatur Police Department,2022-10-06,Commerce Dr and W Trinity Pl,(C) Possible Injury / Complaint,Daylight,On Roadway - In Crosswalk,Not a Collision with Motor Vehicle,W Trinity Pl,Dry,17:50:00,Unknown,Clear,0.0,33.773555,-84.298876,Decatur,DEKALB,,"[""Pedestrian"",""Motor Vehicle in Motion""]",Failure to Yield,Pedestrian,Pedestrian
0.0,0.0,Atlanta Police Department,2022-10-10,Maynard Ter Se and Memorial Dr Se,(C) Possible Injury / Complaint,Dark-Lighted,On Roadway - Roadway Intersection,Not a Collision with Motor Vehicle,Memorial Dr Se,Dry,19:25:00,"[""Unknown"",""Unknown""]",Clear,0.0,33.747475,-84.333216,Atlanta,DEKALB,,"[""Motor Vehicle in Motion"",""Pedestrian""]","[""Failure to Yield"",""Inattentive or Other Distraction (Distracted)""]",Motor Vehicle in Motion,Pedestrian
0.0,1.0,Dekalb Co Police Department,2022-10-13,Artwood Rd and Ponce De Leon Ave,(B) Suspected Minor/Visible Injury,Dark-Lighted,On Roadway - Non-Intersection,Not a Collision with Motor Vehicle,Artwood Rd,Wet,11:12:00,"[""Lap and Shoulder Belt Used"",""None Used"",""None Used"",""None Used"",""Non-Motorist Lighting"",""None Used"",""None Used""]",Cloudy,0.0,33.776054,-84.316398,Unincorporated,DEKALB,,"[""Pedestrian"",""Other Non-Collision""]",Other Activity - Mobile Device (Distracted),"[""Other Non-Collision"",""Other Non-Collision""]",Pedestrian
0.0,0.0,Dekalb Co Police Department,2022-10-13,Clairmont Rd and N Decatur Rd,(C) Possible Injury / Complaint,Daylight,On Roadway - Driveway Intersection,Not a Collision with Motor Vehicle,N Decatur Rd,Dry,08:00:00,"[""Lap and Shoulder Belt Used"",""None Used""]",Clear,0.0,33.79028,-84.305841,Unincorporated,DEKALB,,"[""Pedestrian"",""Pedestrian""]",Failure to Yield,Pedestrian,Pedestrian
0.0,0.0,Dekalb Co Police Department,2022-10-16,Clifton Rd and Houston Mill Rd,(C) Possible Injury / Complaint,Daylight,Off Roadway - Sidewalk,Not a Collision with Motor Vehicle,Clifton Rd,Dry,14:21:00,"[""Unknown"",""Unknown""]",Clear,0.0,33.798525,-84.323751,Atlanta,DEKALB,,"[""Pedestrian"",""Motor Vehicle in Motion""]",Failure to Yield,Pedestrian,Pedestrian
0.0,1.0,Clarkston Police Department,2022-10-19,Montreal Rd and Plantation Drive,(B) Suspected Minor/Visible Injury,Daylight,On Roadway - Non-Intersection,Head On,Plantation Drive,Dry,15:20:00,"[""None Used"",""Lap and Shoulder Belt Used"",""Lap and Shoulder Belt Used"",""Lap and Shoulder Belt Used"",""Lap and Shoulder Belt Used""]",Clear,0.0,33.814483,-84.24427,Clarkston,DEKALB,,"[""Motor Vehicle in Motion"",""Pedestrian""]",,Pedestrian,Pedestrian
0.0,1.0,Dekalb Co Police Department,2022-10-20,Bobbie Ln and Memorial Dr,(B) Suspected Minor/Visible Injury,Dark-Not Lighted,On Roadway - Roadway Intersection,Not a Collision with Motor Vehicle,Memorial Dr,Dry,19:25:00,None Used,Clear,0.0,33.759057,-84.262043,Unincorporated,DEKALB,,"[""Pedestrian"",""Motor Vehicle in Motion""]",,Pedestrian,Pedestrian
0.0,1.0,Dekalb Co Police Department,2022-10-25,Beech Dr and Covington Hwy,(B) Suspected Minor/Visible Injury,Daylight,On Roadway - Non-Intersection,Not a Collision with Motor Vehicle,Covington Hwy,Dry,18:28:00,"[""None Used"",""Unknown""]",Clear,0.0,33.761528,-84.247301,Unincorporated,DEKALB,,"[""Motor Vehicle in Motion"",""Pedestrian""]",Distracted,Pedestrian,Pedestrian
0.0,0.0,Dekalb Co Police Department,2022-10-28,Lark Ln and Midway Rd,(C) Possible Injury / Complaint,Daylight,On Roadway - Non-Intersection,Not a Collision with Motor Vehicle,Midway Rd,Dry,16:20:00,"[""None Used"",""Lap and Shoulder Belt Used""]",Clear,0.0,33.7604,-84.251575,Unincorporated,DEKALB,,"[""Motor Vehicle in Motion"",""Pedestrian""]",Failure to Yield,Pedestrian,Pedestrian
1.0,0.0,Dekalb Co Police Department,2022-11-04,Woodland Ave and N Decatur Rd,(A) Suspected Serious Injury,Dark-Not Lighted,On Roadway - Non-Intersection,Not a Collision with Motor Vehicle,N Decatur Rd,Dry,21:00:00,"[""None Used"",""Lap and Shoulder Belt Used""]",Clear,0.0,33.793525,-84.261983,Unincorporated,DEKALB,,"[""Motor Vehicle in Motion"",""Pedestrian""]",Failure to Yield,Pedestrian,Pedestrian
0.0,0.0,Dekalb Co Police Department,2022-11-17,Scott Blvd and Blackmon Dr,(K) Fatal Injury,Dark-Lighted,On Roadway - Roadway Intersection,Not a Collision with Motor Vehicle,Scott Blvd,Dry,06:06:00,"[""None Used"",""Unknown""]",Clear,1.0,33.79542,-84.28697,Unincorporated,DEKALB,,"[""Pedestrian"",""Pedestrian""]","[""Failure to Yield"",""Not Visible (Object, Person, or Vehicle)""]",Pedestrian,Pedestrian
0.0,0.0,Dekalb Co Police Department,2022-11-18,Adelia Pl and Biltmore Dr,(O) No Injury,Daylight,On Roadway - Roadway Intersection,Not a Collision with Motor Vehicle,Adelia Pl,Dry,16:04:00,None Used,Clear,0.0,33.813552,-84.325836,Unincorporated,DEKALB,,"[""Motor Vehicle in Motion"",""Pedestrian""]",Failure to Yield,Motor Vehicle in Motion,Pedestrian
0.0,1.0,Dekalb Co Police Department,2022-11-21,,(B) Suspected Minor/Visible Injury,Daylight,On Roadway - Roadway Intersection,Not a Collision with Motor Vehicle,Dekalb Industrial Way,Dry,12:05:00,"[""Lap and Shoulder Belt Used"",""None Used""]",Clear,0.0,33.783441,-84.276531,Unincorporated,DEKALB,,"[""Pedestrian"",""Motor Vehicle in Motion""]",Failure to Yield,"[""Motor Vehicle in Motion"",""Pedal-Cycle""]",Pedestrian
0.0,1.0,Atlanta Police Department,2022-11-24,Moreland Ave Se and Hosea L Williams Dr Ne,(B) Suspected Minor/Visible Injury,Daylight,On Roadway - In Crosswalk,Not a Collision with Motor Vehicle,Hosea L Williams Dr Ne,Dry,16:51:00,"[""Unknown"",""Unknown"",""Unknown""]",Clear,0.0,33.753537,-84.349139,Atlanta,DEKALB,,"[""Motor Vehicle in Motion"",""Pedestrian""]",Failure to Yield,Motor Vehicle in Motion,Pedestrian
0.0,0.0,Emory Police Department,2022-11-30,Haygood Dr Ne and Clifton Rd Ne,(O) No Injury,Daylight,On Roadway - Non-Intersection,Not a Collision with Motor Vehicle,Clifton Rd Ne,Dry,16:38:00,"[""Lap and Shoulder Belt Used"",""Unknown""]",Clear,0.0,33.795166,-84.321256,Atlanta,DEKALB,,"[""Pedestrian"",""Motor Vehicle in Motion""]",Distracted,Pedestrian,Pedestrian
0.0,0.0,Atlanta Police Department,2022-12-07,Glenwood Ave Se and Brownwood Ave Se,(C) Possible Injury / Complaint,Daylight,On Roadway - Non-Intersection,Not a Collision with Motor Vehicle,Glenwood Ave Se,Dry,16:35:00,Unknown,Clear,0.0,33.740191,-84.347888,Atlanta,DEKALB,,"[""Motor Vehicle in Motion"",""Motor Vehicle in Motion""]",Failure to Yield,Pedestrian,Pedestrian
0.0,0.0,Dekalb Co Police Department,2022-12-07,Tilson Rd and Candler Rd,(C) Possible Injury / Complaint,Dark-Lighted,On Roadway - Non-Intersection,Not a Collision with Motor Vehicle,Candler Rd,Dry,15:12:00,"[""None Used"",""Unknown"",""Unknown"",""Unknown"",""Unknown""]",Cloudy,0.0,33.729592,-84.281392,Unincorporated,DEKALB,,"[""Pedestrian"",""Motor Vehicle in Motion""]",Failure to Yield,Motor Vehicle in Motion,Pedestrian
0.0,0.0,Clarkston Police Department,2022-12-07,Mell Ave and East Ponce De Leon Ave,(C) Possible Injury / Complaint,Daylight,On Roadway - Non-Intersection,Not a Collision with Motor Vehicle,Mell Ave,Wet,07:23:00,"[""Unknown"",""None Used""]",Cloudy,0.0,33.803751,-84.2469,Clarkston,DEKALB,,"[""Pedestrian"",""Motor Vehicle in Motion""]",,Motor Vehicle in Motion,Pedestrian
0.0,1.0,Dekalb Co Police Department,2022-12-07,Midway Rd and Covington Hwy,(B) Suspected Minor/Visible Injury,Dark-Not Lighted,On Roadway - Non-Intersection,Not a Collision with Motor Vehicle,Midway Rd,Dry,18:03:00,None Used,Clear,0.0,33.765676,-84.251421,Unincorporated,DEKALB,,"[""Pedestrian"",""Motor Vehicle in Motion""]",,Pedestrian,Pedestrian
0.0,1.0,Dekalb Co Police Department,2022-12-09,Beech Dr and Memorial Dr,(B) Suspected Minor/Visible Injury,Daylight,On Roadway - In Crosswalk,Not a Collision with Motor Vehicle,Memorial Dr,Wet,17:24:00,"[""Lap and Shoulder Belt Used"",""Lap and Shoulder Belt Used"",""None Used""]",Rain,0.0,33.758449,-84.262753,Unincorporated,DEKALB,,"[""Pedestrian"",""Motor Vehicle in Motion""]",Failure to Yield,Pedestrian,Pedestrian
0.0,1.0,Dekalb Co Police Department,2022-12-18,N Decatur Rd and Springdale Rd,(B) Suspected Minor/Visible Injury,Daylight,On Roadway - In Crosswalk,Not a Collision with Motor Vehicle,N Decatur Rd,Dry,15:30:00,"[""Motorcycle Helmet"",""None Used""]",Clear,0.0,33.789999,-84.334573,Unincorporated,DEKALB,,"[""Pedestrian"",""Motor Vehicle in Motion""]",Failure to Yield,Pedestrian,Pedestrian
0.0,0.0,Decatur Police Department,2023-01-03,Green St and S Mcdonough St,(C) Possible Injury / Complaint,Daylight,On Roadway - Roadway Intersection,Head On,Green St,Wet,10:28:00,Lap and Shoulder Belt Used,Cloudy,0.0,33.762123,-84.296337,Decatur,DEKALB,,"[""Pedestrian"",""Pedestrian""]",Failure to Yield,,Pedestrian
0.0,0.0,Dekalb Co Police Department,2023-01-03,Memorial Dr and Covington Dr,(C) Possible Injury / Complaint,Dark-Not Lighted,On Roadway - Roadway Intersection,Not a Collision with Motor Vehicle,Covington Dr,Wet,17:44:00,"[""Lap and Shoulder Belt Used"",""Lap and Shoulder Belt Used"",""None Used""]",Rain,0.0,33.762564,-84.258084,Unincorporated,DEKALB,,"[""Pedestrian"",""Motor Vehicle in Motion""]",Failure to Yield,Motor Vehicle in Motion,Pedestrian
0.0,1.0,Dekalb Co Police Department,2023-01-03,Clairmont Rd and Mason Mill Rd,(B) Suspected Minor/Visible Injury,Dark-Lighted,On Roadway - In Crosswalk,Not a Collision with Motor Vehicle,Mason Mill Rd,Wet,07:10:00,"[""Lap and Shoulder Belt Used"",""None Used""]",Cloudy,0.0,33.807035,-84.310295,Unincorporated,DEKALB,,"[""Motor Vehicle in Motion"",""Motor Vehicle in Motion""]",Failure to Yield,Pedestrian,Pedestrian
0.0,0.0,Dekalb Co Police Department,2023-01-08,N Decatur Rd and Lantern Wood Dr,(K) Fatal Injury,Dark-Lighted,On Roadway - Non-Intersection,Not a Collision with Motor Vehicle,N Decatur Rd,Wet,21:10:00,None Used,Rain,1.0,33.788254,-84.2489,Unincorporated,DEKALB,,"[""Motor Vehicle in Motion"",""Motor Vehicle in Motion""]",Under the Influence (U.I.),"[""Pedestrian"",""Motor Vehicle in Motion""]",Pedestrian
0.0,0.0,Dekalb Co Police Department,2023-01-12,Southern Ln and Clairmont Rd,(C) Possible Injury / Complaint,Dark-Not Lighted,On Roadway - Roadway Intersection,Not a Collision with Motor Vehicle,Clairmont Rd,Dry,20:20:00,Unknown,Clear,0.0,33.803338,-84.310623,Unincorporated,DEKALB,,"[""Pedestrian"",""Motor Vehicle in Motion""]",Disregard Stop Sign/Signal,Pedestrian,Pedestrian
0.0,1.0,Decatur Police Department,2023-01-14,W Trinity Pl and W Ponce De Leon Ave,(B) Suspected Minor/Visible Injury,Dark-Lighted,On Roadway - Roadway Intersection,Not a Collision with Motor Vehicle,W Ponce De Leon Ave,Dry,18:38:00,Lap and Shoulder Belt Used,Cloudy,0.0,33.773018,-84.306589,Decatur,DEKALB,,"[""Pedestrian"",""Motor Vehicle in Motion""]","[""Failure to Yield"",""Disregard Other Traffic Control""]",Pedestrian,Pedestrian
0.0,0.0,Dekalb Co Police Department,2023-02-03,Memorial Dr and Beledere Plz,(O) No Injury,Daylight,On Roadway - Non-Intersection,Not a Collision with Motor Vehicle,Memorial Dr,Dry,16:05:00,None Used,Clear,0.0,33.752535,-84.27147,Unincorporated,DEKALB,,"[""Pedestrian"",""Pedestrian""]",Failure to Yield,Pedestrian,Pedestrian
0.0,0.0,Dekalb Co Police Department,2023-02-16,I 285 and Exit 39B,(K) Fatal Injury,Dark-Not Lighted,Entrance/Exit Ramp,Not a Collision with Motor Vehicle,I 285,Dry,20:39:00,"[""None Used"",""Lap and Shoulder Belt Used""]",Clear,1.0,33.817743,-84.25204,Unincorporated,DEKALB,,"[""Pedestrian"",""Pedestrian""]",,Pedestrian,Pedestrian
0.0,0.0,Dekalb Co Police Department,2023-02-21,Keystone Dr and Flat Shoals Rd,(C) Possible Injury / Complaint,Dark-Lighted,On Roadway - Non-Intersection,Not a Collision with Motor Vehicle,Flat Shoals Rd,Dry,19:15:00,None Used,Clear,0.0,33.723401,-84.318468,Unincorporated,DEKALB,,"[""Pedestrian"",""Motor Vehicle in Motion""]",Failure to Yield,Pedestrian,Pedestrian
0.0,0.0,Emory Police Department,2023-02-24,Clifton Rd Ne and Clifton Heights Ln Ne,(C) Possible Injury / Complaint,Daylight,On Roadway - In Crosswalk,Not a Collision with Motor Vehicle,Clifton Rd Ne,Wet,17:05:00,Unknown,Rain,0.0,33.799758,-84.325382,Unincorporated,DEKALB,,"[""Pedestrian"",""Motor Vehicle in Motion"",""Motor Vehicle in Motion""]",Failure to Yield,Pedestrian,Pedestrian
0.0,0.0,Dekalb Co Police Department,2023-02-28,N Decatur Rd and E Ponce De Leon Ave,(C) Possible Injury / Complaint,Daylight,On Roadway - Non-Intersection,Not a Collision with Motor Vehicle,N Decatur Rd,Dry,13:45:00,None Used,Clear,0.0,33.793566,-84.264617,Unincorporated,DEKALB,,"[""Pedestrian"",""Motor Vehicle in Motion""]",,Pedestrian,Pedestrian
0.0,1.0,Dekalb Co Police Department,2023-03-02,Church St and Milscott Dr,(B) Suspected Minor/Visible Injury,Daylight,On Roadway - Non-Intersection,Not a Collision with Motor Vehicle,Church St,Wet,15:35:00,"[""None Used"",""Unknown""]",Rain,0.0,33.795436,-84.282668,Unincorporated,DEKALB,,"[""Pedestrian"",""Motor Vehicle in Motion""]",,Motor Vehicle in Motion,Pedestrian
0.0,1.0,Dekalb Co Police Department,2023-03-03,Shepherds Ln and Briarcliff Rd,(B) Suspected Minor/Visible Injury,Daylight,On Roadway - Roadway Intersection,Not a Collision with Motor Vehicle,Briarcliff Rd,Wet,10:00:00,"[""Lap and Shoulder Belt Used"",""None Used""]",Rain,0.0,33.806995,-84.335692,Unincorporated,DEKALB,,"[""Pedestrian"",""Motor Vehicle in Motion""]",Failure to Yield,Pedestrian,Pedestrian
0.0,0.0,Dekalb Co Police Department,2023-03-04,Rupert Rd and Memorial Dr,(O) No Injury,Daylight,On Roadway - Non-Intersection,Not a Collision with Motor Vehicle,Memorial Dr,Dry,15:25:00,"[""None Used"",""Unknown""]",Clear,0.0,33.751046,-84.273887,Unincorporated,DEKALB,,"[""Pedestrian"",""Pedestrian""]",,Pedestrian,Pedestrian
0.0,0.0,Atlanta Police Department,2023-03-04,Glenwood Ave Se and Flat Shoals Ave Se,(C) Possible Injury / Complaint,Dark-Lighted,On Roadway - In Crosswalk,Not a Collision with Motor Vehicle,Glenwood Ave Se,Dry,03:01:00,"[""Unknown"",""None Used""]",Clear,0.0,33.740154,-84.345372,Atlanta,DEKALB,,"[""Pedestrian"",""Motor Vehicle in Motion""]",Failure to Yield,,Pedestrian
0.0,0.0,Dekalb Co Police Department,2023-03-04,Clairmont Rd and Clairemont Ave,(C) Possible Injury / Complaint,Dark-Not Lighted,On Roadway - Non-Intersection,Not a Collision with Motor Vehicle,Clairemont Ave,Dry,20:05:00,"[""Lap and Shoulder Belt Used"",""None Used""]",Clear,0.0,33.789603,-84.306668,Unincorporated,DEKALB,,"[""Pedestrian"",""Motor Vehicle in Motion""]",Following Too Close,Pedestrian,Pedestrian
0.0,1.0,Dekalb Co Police Department,2023-03-05,Harrington Dr and Lawrenceville Hwy,(B) Suspected Minor/Visible Injury,Dark-Not Lighted,On Roadway - Roadway Intersection,Not a Collision with Motor Vehicle,Lawrenceville Hwy,Dry,18:59:00,"[""None Used"",""Lap and Shoulder Belt Used"",""Lap and Shoulder Belt Used"",""Lap and Shoulder Belt Used""]",Clear,0.0,33.802653,-84.278787,Unincorporated,DEKALB,,"[""Motor Vehicle in Motion"",""Pedestrian"",""Motor Vehicle in Motion""]","[""Under the Influence (U.I.)"",""Following Too Close""]","[""Motor Vehicle in Motion"",""Motor Vehicle in Motion""]",Pedestrian
0.0,1.0,Decatur Police Department,2023-03-08,S Candler St and E College Ave,(B) Suspected Minor/Visible Injury,Daylight,On Roadway - Roadway Intersection,Not a Collision with Motor Vehicle,S Candler St,Dry,08:30:00,Unknown,Clear,0.0,33.771044,-84.292597,Decatur,DEKALB,,"[""Pedestrian"",""Other/Unknown""]",Failure to Yield,Pedestrian,Pedestrian
0.0,1.0,Dekalb Co Police Department,2023-03-10,Clifton Rd and Ponce De Leon Ave,(B) Suspected Minor/Visible Injury,Dawn,On Roadway - Roadway Intersection,Not a Collision with Motor Vehicle,Ponce De Leon Ave,Wet,06:22:00,"[""None Used"",""Lap and Shoulder Belt Used"",""Lap and Shoulder Belt Used""]",Rain,0.0,33.773031,-84.328924,Unincorporated,DEKALB,,"[""Motor Vehicle in Motion"",""Motor Vehicle in Motion""]",Inattentive or Other Distraction (Distracted),Pedestrian,Pedestrian
1.0,0.0,Dekalb Co Police Department,2023-03-13,Redan Rd and Covington Hwy,(A) Suspected Serious Injury,Dark-Not Lighted,On Roadway - Non-Intersection,Not a Collision with Motor Vehicle,Covington Hwy,Dry,20:19:00,"[""None Used"",""Unknown"",""Unknown"",""Booster Seat (Properly Used)""]",Clear,0.0,33.759513,-84.241199,Unincorporated,DEKALB,,"[""Motor Vehicle in Motion"",""Pedestrian""]",,Pedestrian,Pedestrian
0.0,1.0,Dekalb Co Police Department,2023-03-16,Memorial Dr and Covington Dr,(B) Suspected Minor/Visible Injury,Daylight,On Roadway - Roadway Intersection,Not a Collision with Motor Vehicle,Memorial Dr,Dry,18:00:00,"[""Lap and Shoulder Belt Used"",""Lap and Shoulder Belt Used""]",Cloudy,0.0,33.762565,-84.258084,Unincorporated,DEKALB,,"[""Motor Vehicle in Motion"",""Pedestrian""]",,Pedestrian,Pedestrian
0.0,0.0,Dekalb Co Police Department,2023-03-17,Memorial Dr and Covington Dr,(K) Fatal Injury,Dark-Lighted,On Roadway - Roadway Intersection,Not a Collision with Motor Vehicle,Memorial Dr,Dry,21:10:00,None Used,Clear,1.0,33.76267,-84.258053,Unincorporated,DEKALB,,"[""Pedestrian"",""Motor Vehicle in Motion""]",,Pedestrian,Pedestrian
0.0,0.0,Dekalb Co Police Department,2023-03-20,Mcafee Rd and Candler Rd,(C) Possible Injury / Complaint,Daylight,Off Roadway,Not a Collision with Motor Vehicle,Candler Rd,Dry,12:45:00,"[""Unknown"",""None Used""]",Clear,0.0,33.731975,-84.283344,Unincorporated,DEKALB,,"[""Pedestrian"",""Motor Vehicle in Motion""]",,Pedestrian,Pedestrian
0.0,0.0,Decatur Police Department,2023-03-27,Church St and E Trinity Pl,(C) Possible Injury / Complaint,Daylight,On Roadway - In Crosswalk,Not a Collision with Motor Vehicle,Church St,Dry,13:19:00,Unknown,Clear,0.0,33.772777,-84.294933,Decatur,DEKALB,,"[""Pedestrian"",""Motor Vehicle in Motion""]","[""Failure to Yield"",""Disregard Stop Sign/Signal""]",Pedestrian,Pedestrian
0.0,0.0,Emory Police Department,2023-03-28,Clifton Rd Ne and Houston Mill Rd Ne,(O) No Injury,Daylight,On Roadway - Roadway Intersection,Not a Collision with Motor Vehicle,Houston Mill Rd Ne,Dry,17:48:00,"[""Unknown"",""Unknown""]",Clear,0.0,33.798534,-84.32376,Atlanta,DEKALB,,"[""Pedestrian"",""Motor Vehicle in Motion""]",Failure to Yield,Pedestrian,Pedestrian
1.0,0.0,Dekalb Co Police Department,2023-03-30,Glenwood Rd and Columbia Dr,(A) Suspected Serious Injury,Daylight,On Roadway - Roadway Intersection,Angle Crash,Columbia Dr,Dry,12:24:00,Motorcycle Helmet,Clear,0.0,33.737924,-84.251991,Unincorporated,DEKALB,,"[""Pedestrian"",""Motor Vehicle in Motion""]",Driver Lost Control,"[""Motor Vehicle in Motion"",""Motor Vehicle in Motion""]",Pedestrian
0.0,1.0,Emory Police Department,2023-04-12,Clifton Rd Ne and Woodruff Circle,(B) Suspected Minor/Visible Injury,Dark-Lighted,On Roadway - Roadway Intersection,Not a Collision with Motor Vehicle,Woodruff Circle,Dry,06:28:00,"[""Unknown"",""None Used""]",Clear,0.0,33.793107,-84.320981,Atlanta,DEKALB,,"[""Pedestrian"",""Motor Vehicle in Motion""]",Failure to Yield,Pedestrian,Pedestrian
0.0,0.0,Atlanta Police Department,2023-04-23,Wyman St Ne and Wyman St Se,(O) No Injury,Daylight,On Roadway - In Crosswalk,Not a Collision with Motor Vehicle,Wyman St Se,Dry,16:02:00,"[""Lap and Shoulder Belt Used"",""None Used""]",Clear,0.0,33.75339,-84.333116,Atlanta,DEKALB,,"[""Pedestrian"",""Motor Vehicle in Motion""]",Failure to Yield,"[""Pedestrian"",""Motor Vehicle in Motion""]",Pedestrian
1.0,0.0,Dekalb Co Police Department,2023-04-24,Glenmar Dr and Glenwood Rd,(A) Suspected Serious Injury,Daylight,On Roadway - Non-Intersection,Not a Collision with Motor Vehicle,Glenwood Rd,Dry,16:33:00,"[""None Used"",""Lap and Shoulder Belt Used"",""None Used""]",Clear,0.0,33.737693,-84.243045,Unincorporated,DEKALB,,"[""Pedestrian"",""Motor Vehicle in Motion""]",,Motor Vehicle in Motion,Pedestrian
0.0,0.0,Dekalb Co Police Department,2023-05-06,Mountain Dr and Memorial Dr,(C) Possible Injury / Complaint,Dark-Lighted,On Roadway - Non-Intersection,Not a Collision with Motor Vehicle,Memorial Dr,Dry,00:06:00,"[""Non-Motorist Lighting"",""Lap and Shoulder Belt Used""]",Clear,0.0,33.775668,-84.246361,Unincorporated,DEKALB,,"[""Motor Vehicle in Motion"",""Pedestrian""]",Inattentive or Other Distraction (Distracted),Pedestrian,Pedestrian
0.0,0.0,Dekalb Co Police Department,2023-05-06,Glenmar Dr and Glenwood Rd,(C) Possible Injury / Complaint,Dark-Not Lighted,On Roadway - Driveway Intersection,Head On,Glenwood Rd,Dry,23:00:00,"[""Lap and Shoulder Belt Used"",""Lap and Shoulder Belt Used"",""None Used""]",Clear,0.0,33.737718,-84.243435,Unincorporated,DEKALB,,"[""Motor Vehicle in Motion"",""Motor Vehicle in Motion"",""Pedestrian""]",,"[""Motor Vehicle in Motion"",""Motor Vehicle in Motion""]",Pedestrian
0.0,1.0,Atlanta Police Department,2023-05-07,E Lake Blvd Se and Glenwood Ave Se,(B) Suspected Minor/Visible Injury,Dark-Lighted,On Roadway - In Crosswalk,Not a Collision with Motor Vehicle,E Lake Blvd Se,Dry,22:30:00,"[""Unknown"",""None Used""]",Clear,0.0,33.740141,-84.313858,Atlanta,DEKALB,,"[""Motor Vehicle in Motion"",""Motor Vehicle in Motion""]",Failure to Yield,Pedestrian,Pedestrian
1.0,0.0,Dekalb Co Police Department,2023-05-09,Mcafee Rd and Candler Rd,(A) Suspected Serious Injury,Daylight,On Roadway - Non-Intersection,Not a Collision with Motor Vehicle,Mcafee Rd,Dry,14:33:00,"[""None Used"",""Unknown""]",Cloudy,0.0,33.731847,-84.284039,Unincorporated,DEKALB,,"[""Motor Vehicle in Motion"",""Pedestrian""]",Failure to Yield,Pedestrian,Pedestrian
0.0,2.0,Atlanta Police Department,2023-05-15,Seaboard Ave Ne and Moreland Ave Ne,(B) Suspected Minor/Visible Injury,Daylight,On Roadway - Roadway Intersection,Rear End,Moreland Ave Ne,Dry,07:35:00,"[""Lap and Shoulder Belt Used"",""Lap and Shoulder Belt Used"",""Lap and Shoulder Belt Used""]",Clear,0.0,33.758435,-84.349156,Atlanta,DEKALB,,"[""Motor Vehicle in Motion"",""Motor Vehicle in Motion"",""Pedestrian""]",Following Too Close,"[""Motor Vehicle in Motion"",""Motor Vehicle in Motion""]",Pedestrian
0.0,1.0,Emory Police Department,2023-05-16,Pierce Dr and Clifton Rd Ne,(B) Suspected Minor/Visible Injury,Dusk,On Roadway - Roundabout,Not a Collision with Motor Vehicle,Pierce Dr,Wet,19:30:00,Unknown,Rain,0.0,33.793125,-84.321326,Atlanta,DEKALB,Brake Failure,"[""Pedestrian"",""Motor Vehicle in Motion""]",,"[""Pedestrian"",""Motor Vehicle in Motion""]",Pedestrian
1.0,0.0,Atlanta Police Department,2023-05-18,E Lake Blvd Se and Glenwood Ave Se,(A) Suspected Serious Injury,Daylight,On Roadway - In Crosswalk,Not a Collision with Motor Vehicle,E Lake Blvd Se,Dry,14:30:00,"[""None Used"",""None Used""]",Cloudy,0.0,33.740143,-84.313886,Atlanta,DEKALB,,"[""Motor Vehicle in Motion"",""Pedestrian""]",Failure to Yield,Motor Vehicle in Motion,Pedestrian
0.0,1.0,Atlanta Police Department,2023-05-21,Gartrell St Se and Fitzgerald St Se,(B) Suspected Minor/Visible Injury,Daylight,On Roadway - In Crosswalk,Not a Collision with Motor Vehicle,Gartrell St Se,Dry,14:20:00,"[""Unknown"",""None Used""]",Clear,0.0,33.74735,-84.313973,Atlanta,DEKALB,,"[""Motor Vehicle in Motion"",""Pedestrian""]",Failure to Yield,Motor Vehicle in Motion,Pedestrian
0.0,1.0,Dekalb Co Police Department,2023-06-06,Powell Ln and Clairmont Rd,(B) Suspected Minor/Visible Injury,Daylight,On Roadway - Roadway Intersection,Not a Collision with Motor Vehicle,Clairmont Rd,Wet,18:36:00,"[""Lap and Shoulder Belt Used"",""None Used""]",Cloudy,0.0,33.7917,-84.305914,Unincorporated,DEKALB,,"[""Pedestrian"",""Motor Vehicle in Motion""]",Disregard Other Traffic Control,"[""Pedestrian"",""Motor Vehicle in Motion""]",Pedestrian
0.0,0.0,Dekalb Co Police Department,2023-06-09,Blackmon Dr and N Decatur Rd,(C) Possible Injury / Complaint,Daylight,On Roadway - In Crosswalk,Not a Collision with Motor Vehicle,N Decatur Rd,Dry,18:30:00,"[""None Used"",""Lap and Shoulder Belt Used""]",Clear,0.0,33.792559,-84.287378,Unincorporated,DEKALB,,"[""Motor Vehicle in Motion"",""Pedestrian""]",Disregard Stop Sign/Signal,"[""Pedestrian"",""Pedestrian""]",Pedestrian
0.0,1.0,Dekalb Co Police Department,2023-06-26,Lavista Rd and N Druid Hills Rd,(B) Suspected Minor/Visible Injury,Dusk,On Roadway - In Crosswalk,Not a Collision with Motor Vehicle,N Druid Hills Rd,Dry,21:10:00,"[""Unknown"",""None Used""]",Clear,0.0,33.817686,-84.312118,Unincorporated,DEKALB,,"[""Pedestrian"",""Motor Vehicle in Motion""]",Failure to Yield,"[""Pedestrian"",""Motor Vehicle in Motion""]",Pedestrian
0.0,1.0,Dekalb Co Police Department,2023-06-30,Candler Rd and Eastwood Dr,(B) Suspected Minor/Visible Injury,Daylight,On Roadway - Roadway Intersection,Not a Collision with Motor Vehicle,Candler Rd,Dry,07:50:00,"[""Lap and Shoulder Belt Used"",""Unknown"",""None Used""]",Clear,0.0,33.740755,-84.289047,Unincorporated,DEKALB,,"[""Pedestrian"",""Motor Vehicle in Motion""]",,"[""Pedestrian"",""Motor Vehicle in Motion""]",Pedestrian
0.0,0.0,Clarkston Police Department,2023-07-02,Church St. and N Indian Creek Drive,(C) Possible Injury / Complaint,Daylight,On Roadway - Roadway Intersection,Not a Collision with Motor Vehicle,N Indian Creek Drive,Dry,10:43:00,"[""Non-Motorist Lighting"",""Lap and Shoulder Belt Used""]",Clear,0.0,33.80653,-84.241352,Clarkston,DEKALB,,"[""Pedestrian"",""Other/Unknown""]","[""Failure to Yield"",""Under the Influence (U.I.)""]",Pedestrian,Pedestrian
0.0,1.0,Dekalb Co Police Department,2023-07-07,Winn Way and N Decatur Rd,(B) Suspected Minor/Visible Injury,Daylight,On Roadway - In Crosswalk,Not a Collision with Motor Vehicle,N Decatur Rd,Dry,14:25:00,"[""Lap and Shoulder Belt Used"",""None Used""]",Clear,0.0,33.792002,-84.283215,Unincorporated,DEKALB,,"[""Pedestrian"",""Motor Vehicle in Motion""]",Failure to Yield,"[""Pedestrian"",""Motor Vehicle in Motion""]",Pedestrian
0.0,0.0,Dekalb Co Police Department,2023-07-07,N Decatur Rd and N Indian Creek Dr,(O) No Injury,Daylight,On Roadway - Non-Intersection,Not a Collision with Motor Vehicle,N Decatur Rd,Dry,06:16:00,"[""None Used"",""Lap and Shoulder Belt Used""]",Clear,0.0,33.785657,-84.24038,Unincorporated,DEKALB,,"[""Pedestrian"",""Pedestrian""]",Failure to Yield,"[""Pedestrian"",""Pedestrian""]",Pedestrian
0.0,0.0,Emory Police Department,2023-07-11,Haygood Dr Ne and Clifton Rd Ne,(C) Possible Injury / Complaint,Daylight,On Roadway - Roadway Intersection,Not a Collision with Motor Vehicle,Clifton Rd Ne,Dry,08:00:00,None Used,Clear,0.0,33.795226,-84.321278,Atlanta,DEKALB,,"[""Motor Vehicle in Motion"",""Pedestrian""]","[""Inattentive or Other Distraction (Distracted)"",""Disregard Stop Sign/Signal""]","[""Motor Vehicle in Motion"",""Pedestrian""]",Pedestrian
0.0,1.0,Atlanta Police Department,2023-07-19,Faith Ave Se and Moreland Ave Se,(B) Suspected Minor/Visible Injury,Daylight,On Roadway - Roadway Intersection,Not a Collision with Motor Vehicle,Faith Ave Se,Dry,20:05:00,"[""Unknown"",""None Used""]",Clear,0.0,33.743347,-84.349196,Atlanta,DEKALB,,"[""Pedestrian"",""Motor Vehicle in Motion""]","[""Disregard Stop Sign/Signal"",""Inattentive or Other Distraction (Distracted)""]","[""Pedestrian"",""Motor Vehicle in Motion""]",Pedestrian
0.0,0.0,Dekalb Co Police Department,2023-07-19,N Decatur Rd and Dekalb Industrial Way,(O) No Injury,Dark-Lighted,On Roadway - Non-Intersection,Not a Collision with Motor Vehicle,N Decatur Rd,Dry,05:39:00,,Clear,0.0,33.793836,-84.276747,Unincorporated,DEKALB,,"[""Pedestrian"",""Motor Vehicle in Motion""]","Not Visible (Object, Person, or Vehicle)","[""Pedestrian"",""Motor Vehicle in Motion""]",Pedestrian
1.0,0.0,Atlanta Police Department,2023-07-29,None and Hosea L Williams Dr Ne,(A) Suspected Serious Injury,Daylight,On Roadway - Non-Intersection,Not a Collision with Motor Vehicle,Hosea L Williams Dr Ne,Dry,12:45:00,"[""Unknown"",""Unknown""]",Cloudy,0.0,33.753295,-84.346751,Atlanta,DEKALB,,"[""Pedestrian"",""Motor Vehicle in Motion""]",,"[""Motor Vehicle in Motion"",""Motor Vehicle in Motion""]",Pedestrian
0.0,0.0,Dekalb Co Police Department,2023-08-16,Lavista Rd and N Druid Hills Rd,(O) No Injury,Daylight,On Roadway - Roadway Intersection,Not a Collision with Motor Vehicle,Lavista Rd,Dry,07:57:00,"[""Unknown"",""None Used""]",Clear,0.0,33.817699,-84.312057,Unincorporated,DEKALB,,"[""Pedestrian"",""Motor Vehicle in Motion""]",Failure to Yield,"[""Pedestrian"",""Motor Vehicle in Motion""]",Pedestrian
0.0,1.0,Dekalb Co Police Department,2023-08-17,Thomas Ter and Glenwood Rd,(B) Suspected Minor/Visible Injury,Dawn,Off Roadway - Sidewalk,Not a Collision with Motor Vehicle,Glenwood Rd,Dry,06:30:00,None Used,Clear,0.0,33.738091,-84.260668,Unincorporated,DEKALB,,"[""Pedestrian"",""Pedestrian""]",,"[""Pedestrian"",""Motor Vehicle in Motion""]",Pedestrian
0.0,0.0,Dekalb Co Police Department,2023-08-22,Glenwood Rd and Santa Cruz Dr,(O) No Injury,Daylight,On Roadway - Non-Intersection,Not a Collision with Motor Vehicle,Glenwood Rd,Dry,17:50:00,"[""None Used"",""Unknown""]",Clear,0.0,33.738178,-84.267064,Unincorporated,DEKALB,,"[""Motor Vehicle in Motion"",""Pedestrian""]",,"[""Motor Vehicle in Motion"",""Pedestrian""]",Pedestrian
0.0,0.0,Emory Police Department,2023-08-24,Clifton Rd Ne and Houston Mill Rd Ne,(C) Possible Injury / Complaint,Daylight,On Roadway - In Crosswalk,Not a Collision with Motor Vehicle,Clifton Rd Ne,Dry,15:30:00,,Clear,0.0,33.798673,-84.323877,Unincorporated,DEKALB,,"[""Pedestrian"",""Motor Vehicle in Motion""]",Misjudged Clearance,"[""Pedestrian"",""Motor Vehicle in Motion""]",Pedestrian
0.0,1.0,Decatur Police Department,2023-08-28,N Arcadia Ave and E Ponce De Leon Ave,(B) Suspected Minor/Visible Injury,Daylight,On Roadway - Roadway Intersection,Angle Crash,N Arcadia Ave,Dry,11:07:00,"[""Lap and Shoulder Belt Used"",""Lap Belt Only Used""]",Clear,0.0,33.776463,-84.280314,Decatur,DEKALB,,"[""Pedestrian"",""Pedestrian""]",Failure to Yield,"[""Pedestrian"",""Pedestrian""]",Pedestrian
0.0,1.0,Dekalb Co Police Department,2023-08-31,Redan Rd and Covington Hwy,(B) Suspected Minor/Visible Injury,Dark-Lighted,On Roadway - Roadway Intersection,Not a Collision with Motor Vehicle,Covington Hwy,Wet,01:20:00,"[""Unknown"",""None Used""]",Clear,0.0,33.759487,-84.241166,Unincorporated,DEKALB,,"[""Pedestrian"",""Motor Vehicle in Motion""]",,"[""Pedestrian"",""Motor Vehicle in Motion""]",Pedestrian
1.0,0.0,Dekalb Co Police Department,2023-09-05,Blackshear Dr and N Druid Hills Rd,(A) Suspected Serious Injury,Dark-Not Lighted,On Roadway - Non-Intersection,Not a Collision with Motor Vehicle,N Druid Hills Rd,Dry,20:52:00,"[""None Used"",""Lap and Shoulder Belt Used""]",Clear,0.0,33.81266,-84.300418,Unincorporated,DEKALB,,"[""Motor Vehicle in Motion"",""Motor Vehicle in Motion""]",,"[""Motor Vehicle in Motion"",""Pedestrian""]",Pedestrian
0.0,0.0,Dekalb Co Police Department,2023-09-05,Lavista Rd and Biltmore Dr,(C) Possible Injury / Complaint,Daylight,On Roadway - In Crosswalk,Not a Collision with Motor Vehicle,Lavista Rd,Dry,16:40:00,None Used,Clear,0.0,33.815759,-84.323524,Unincorporated,DEKALB,,"[""Pedestrian"",""Motor Vehicle in Motion""]",Failure to Yield,"[""Pedestrian"",""Motor Vehicle in Motion""]",Pedestrian
0.0,1.0,Emory Police Department,2023-09-06,Clifton Rd Ne and Houston Mill Rd Ne,(B) Suspected Minor/Visible Injury,Daylight,On Roadway - In Crosswalk,Not a Collision with Motor Vehicle,Clifton Rd Ne,Dry,12:58:00,Unknown,Clear,0.0,33.798535,-84.32376,Atlanta,DEKALB,,"[""Motor Vehicle in Motion"",""Pedestrian""]",,"[""Pedestrian"",""Pedestrian""]",Pedestrian
0.0,1.0,Emory Police Department,2023-09-11,Starvine Way and Clairmont Rd,(B) Suspected Minor/Visible Injury,Daylight,On Roadway - In Crosswalk,Not a Collision with Motor Vehicle,Clairmont Rd,Dry,15:50:00,"[""Lap and Shoulder Belt Used"",""None Used""]",Clear,0.0,33.798696,-84.307213,Unincorporated,DEKALB,,"[""Motor Vehicle in Motion"",""Pedestrian""]",Failure to Yield,"[""Motor Vehicle in Motion"",""Pedestrian""]",Pedestrian
0.0,0.0,Decatur Police Department,2023-09-11,S Candler St and E College Ave,(C) Possible Injury / Complaint,Daylight,On Roadway - In Crosswalk,Not a Collision with Motor Vehicle,E College Ave,Dry,08:15:00,Unknown,Clear,0.0,33.771044,-84.292597,Decatur,DEKALB,,"[""Pedestrian"",""Motor Vehicle in Motion""]","[""Inattentive or Other Distraction (Distracted)"",""Failure to Yield""]","[""Pedestrian"",""Motor Vehicle in Motion""]",Pedestrian
0.0,0.0,Decatur Police Department,2023-09-13,E Trinity Pl and N Mcdonough St,(O) No Injury,Daylight,On Roadway - Non-Intersection,Not a Collision with Motor Vehicle,N Mcdonough St,Dry,16:08:00,Lap and Shoulder Belt Used,Clear,0.0,33.773563,-84.296526,Decatur,DEKALB,,"[""Motor Vehicle in Motion"",""Motor Vehicle in Motion""]",Failure to Yield,"[""Pedestrian"",""Pedestrian""]",Pedestrian
0.0,1.0,Dekalb Co Police Department,2023-09-16,3Rd Ave and Robinson Ave,(B) Suspected Minor/Visible Injury,Daylight,On Roadway - Roadway Intersection,Not a Collision with Motor Vehicle,Robinson Ave,Wet,17:20:00,None Used,Cloudy,0.0,33.79048,-84.256092,Unincorporated,DEKALB,,"[""Pedestrian"",""Motor Vehicle in Motion""]",Other Unit Contributed to Crash,"[""Pedestrian"",""Motor Vehicle in Motion""]",Pedestrian
0.0,0.0,Dekalb Co Police Department,2023-09-17,Columbia Dr and Memorial Dr,(C) Possible Injury / Complaint,Daylight,Median,Not a Collision with Motor Vehicle,Memorial Dr,Dry,13:59:00,Unknown,Clear,0.0,33.754842,-84.26777,Unincorporated,DEKALB,,"[""Pedestrian"",""Median Barrier""]",Failure to Yield,"[""Pedestrian"",""Motor Vehicle in Motion""]",Pedestrian
0.0,1.0,Dekalb Co Police Department,2023-09-28,Midway Rd and Covington Hwy,(B) Suspected Minor/Visible Injury,Dark-Not Lighted,On Roadway - Non-Intersection,Not a Collision with Motor Vehicle,Covington Hwy,Dry,20:20:00,"[""None Used"",""Lap and Shoulder Belt Used""]",Clear,0.0,33.768233,-84.251428,Unincorporated,DEKALB,,"[""Pedestrian"",""Pedestrian""]","[""Under the Influence (U.I.)"",""Inattentive or Other Distraction (Distracted)""]","[""Motor Vehicle in Motion"",""Pedestrian""]",Pedestrian
0.0,1.0,Dekalb Co Police Department,2023-10-02,Church St and N Decatur Rd,(B) Suspected Minor/Visible Injury,Daylight,On Roadway - Roadway Intersection,Not a Collision with Motor Vehicle,N Decatur Rd,Dry,11:30:00,"[""Lap and Shoulder Belt Used"",""None Used""]",Clear,0.0,33.793581,-84.263156,Unincorporated,DEKALB,,"[""Pedestrian"",""Motor Vehicle in Motion""]",Failure to Yield,"[""Pedestrian"",""Motor Vehicle in Motion""]",Pedestrian
0.0,1.0,Emory Police Department,2023-10-04,Clifton Road and Gambrell Dr Ne,(B) Suspected Minor/Visible Injury,Daylight,On Roadway - Roadway Intersection,Not a Collision with Motor Vehicle,Gambrell Dr Ne,Dry,12:45:00,"[""Unknown"",""Unknown""]",Clear,0.0,33.790415,-84.320934,Atlanta,DEKALB,,"[""Pedestrian"",""Motor Vehicle in Motion""]",Failure to Yield,"[""Pedestrian"",""Motor Vehicle in Motion""]",Pedestrian
0.0,1.0,Decatur Police Department,2023-10-13,Sams Crossing and E College Ave,(B) Suspected Minor/Visible Injury,Dark-Not Lighted,On Roadway - In Crosswalk,Angle Crash,E College Ave,Wet,21:00:00,Lap and Shoulder Belt Used,Rain,0.0,33.774821,-84.279436,Avondale Estates,DEKALB,,"[""Motor Vehicle in Motion"",""Pedestrian""]",,"[""Motor Vehicle in Motion"",""Pedestrian""]",Pedestrian
0.0,1.0,Dekalb Co Police Department,2023-10-16,Candler Rd and Raleigh Rucker Dr,(B) Suspected Minor/Visible Injury,Daylight,On Roadway - Roadway Intersection,Not a Collision with Motor Vehicle,Candler Rd,Dry,00:00:00,"[""None Used"",""Unknown"",""Unknown"",""Unknown""]",Clear,0.0,33.727815,-84.280226,Unincorporated,DEKALB,,"[""Pedestrian"",""Motor Vehicle in Motion""]",Inattentive or Other Distraction (Distracted),"[""Pedestrian"",""Mail Box""]",Pedestrian
0.0,0.0,Atlanta Police Department,2023-10-18,None and Glenwood Ave Se,(C) Possible Injury / Complaint,Daylight,On Roadway - In Crosswalk,Not a Collision with Motor Vehicle,Glenwood Ave Se,Dry,10:00:00,Unknown,Clear,0.0,33.740143,-84.313886,Atlanta,DEKALB,,"[""Motor Vehicle in Motion"",""Pedestrian""]",Failure to Yield,"[""Motor Vehicle in Motion"",""Pedestrian""]",Pedestrian
0.0,0.0,Dekalb Co Police Department,2023-10-26,Scott Blvd and Blackmon Dr,(C) Possible Injury / Complaint,Daylight,On Roadway - In Crosswalk,Not a Collision with Motor Vehicle,Blackmon Dr,Dry,17:18:00,"[""Lap and Shoulder Belt Used"",""Lap and Shoulder Belt Used"",""None Used""]",Clear,0.0,33.795283,-84.287363,Unincorporated,DEKALB,,"[""Pedestrian"",""Motor Vehicle in Motion""]","Not Visible (Object, Person, or Vehicle)","[""Pedestrian"",""Motor Vehicle in Motion""]",Pedestrian
0.0,0.0,Dekalb Co Police Department,2023-10-28,Clifton Rd and Briarcliff Rd,(C) Possible Injury / Complaint,Dark-Lighted,On Roadway - In Crosswalk,Not a Collision with Motor Vehicle,Briarcliff Rd,Dry,19:30:00,"[""Lap and Shoulder Belt Used"",""None Used""]",Clear,0.0,33.806172,-84.335992,Unincorporated,DEKALB,,"[""Pedestrian"",""Motor Vehicle in Motion""]",Failure to Yield,"[""Pedestrian"",""Motor Vehicle in Motion""]",Pedestrian
0.0,0.0,Clarkston Police Department,2023-11-05,Market St and N Indian Creek Dr,(C) Possible Injury / Complaint,Daylight,On Roadway - In Crosswalk,Not a Collision with Motor Vehicle,Market St,Dry,16:45:00,Lap and Shoulder Belt Used,Clear,0.0,33.810259,-84.241407,Clarkston,DEKALB,,"[""Motor Vehicle in Motion"",""Motor Vehicle in Motion"",""Motor Vehicle in Motion""]",Vision Obscured,"[""Pedestrian"",""Pedestrian"",""Pedestrian""]",Pedestrian
0.0,0.0,Decatur Police Department,2023-11-06,Commerce Dr and E College Ave,(K) Fatal Injury,Dark-Lighted,Off Roadway - Sidewalk,Not a Collision with Motor Vehicle,E College Ave,Dry,19:17:00,"[""Lap and Shoulder Belt Used"",""Unknown""]",Clear,1.0,33.772862,-84.287352,Decatur,DEKALB,,"[""Other Post/ Pole Support"",""Motor Vehicle in Motion"",""Motor Vehicle in Motion""]",Driver Lost Control,"[""Pedestrian"",""Motor Vehicle in Motion""]",Pedestrian
0.0,1.0,Decatur Police Department,2023-11-06,Sycamore St and E Ponce De Leon Ave,(B) Suspected Minor/Visible Injury,Daylight,On Roadway - In Crosswalk,Angle Crash,Sycamore St,Dry,14:43:00,Lap and Shoulder Belt Used,Clear,0.0,33.776137,-84.282809,Decatur,DEKALB,,"[""Pedestrian"",""Motor Vehicle in Motion""]",Failure to Yield,"[""Pedestrian"",""Pedestrian""]",Pedestrian
0.0,0.0,Decatur Police Department,2023-11-06,W Trinity Pl and W Ponce De Leon Ave,(C) Possible Injury / Complaint,Daylight,On Roadway - Roadway Intersection,Not a Collision with Motor Vehicle,W Ponce De Leon Ave,Dry,13:53:00,Lap and Shoulder Belt Used,Clear,0.0,33.773018,-84.306589,Decatur,DEKALB,,"[""Motor Vehicle in Motion"",""Motor Vehicle in Motion""]",Failure to Yield,"[""Pedestrian"",""Pedestrian""]",Pedestrian
0.0,0.0,Atlanta Police Department,2023-11-07,E Lake Blvd Se and Glenwood Ave Se,(C) Possible Injury / Complaint,Daylight,On Roadway - In Crosswalk,Angle Crash,Glenwood Ave Se,Dry,07:20:00,"[""Unknown"",""Bicycle Helmet""]",Clear,0.0,33.740143,-84.313886,Atlanta,DEKALB,,"[""Motor Vehicle in Motion"",""Pedestrian""]","[""Inattentive or Other Distraction (Distracted)"",""Driver Condition"",""Other Unit Contributed to Crash""]","[""Motor Vehicle in Motion"",""Pedal-Cycle""]",Pedestrian
0.0,0.0,Dekalb Co Police Department,2023-11-09,Bobbie Ln and Memorial Dr,(C) Possible Injury / Complaint,Daylight,On Roadway - In Crosswalk,Not a Collision with Motor Vehicle,Bobbie Ln,Dry,16:58:00,"[""Lap and Shoulder Belt Used"",""None Used""]",Clear,0.0,33.759056,-84.262044,Unincorporated,DEKALB,,"[""Pedestrian"",""Pedestrian""]",Failure to Yield,"[""Pedestrian"",""Pedestrian""]",Pedestrian
0.0,0.0,Decatur Police Department,2023-11-13,Church St and Commerce Drive,(C) Possible Injury / Complaint,Daylight,Off Roadway - Sidewalk,Not a Collision with Motor Vehicle,Church St,Dry,09:14:00,"[""Lap and Shoulder Belt Used"",""Lap and Shoulder Belt Used""]",Clear,0.0,33.777554,-84.294828,Decatur,DEKALB,,"[""Pedestrian"",""Motor Vehicle in Motion""]","[""Failure to Yield"",""Vision Obscured""]","[""Pedestrian"",""Pedestrian""]",Pedestrian
0.0,0.0,Atlanta Police Department,2023-11-14,None and Rockyford Rd Ne,(C) Possible Injury / Complaint,Daylight,On Roadway - Non-Intersection,Not a Collision with Motor Vehicle,Rockyford Rd Ne,Dry,15:00:00,"[""Shoulder Belt Only Used"",""None Used""]",Clear,0.0,33.751336,-84.316199,Atlanta,DEKALB,,"[""Motor Vehicle in Motion"",""Pedestrian""]",Other Interior Distraction (Distracted),"[""Motor Vehicle in Motion"",""Pedestrian""]",Pedestrian
0.0,0.0,Dekalb Co Police Department,2023-11-16,Lawrenceville Hwy and Dekalb Industrial Way,(O) No Injury,Dark-Lighted,On Roadway - Roadway Intersection,Not a Collision with Motor Vehicle,Lawrenceville Hwy,Dry,16:15:00,"[""None Used"",""Lap and Shoulder Belt Used""]",Clear,0.0,33.800207,-84.280935,Unincorporated,DEKALB,,"[""Pedestrian"",""Pedestrian""]",Other Unit Contributed to Crash,"[""Pedestrian"",""Pedestrian""]",Pedestrian
0.0,1.0,Dekalb Co Police Department,2023-11-18,N Decatur Rd and Clairmont Rd,(B) Suspected Minor/Visible Injury,Dark-Lighted,On Roadway - Non-Intersection,Not a Collision with Motor Vehicle,Clairmont Rd,Dry,22:53:00,"[""None Used"",""Lap and Shoulder Belt Used""]",Clear,0.0,33.790066,-84.306535,Unincorporated,DEKALB,,"[""Motor Vehicle in Motion"",""Pedestrian""]",,"[""Motor Vehicle in Motion"",""Pedestrian""]",Pedestrian
0.0,0.0,Dekalb Co Police Department,2023-11-23,Beechcliff Dr and 1285 Biltmore Dr,(C) Possible Injury / Complaint,Daylight,On Roadway - Non-Intersection,Not a Collision with Motor Vehicle,1285 Biltmore Dr,Dry,13:12:00,"[""Lap and Shoulder Belt Used"",""None Used""]",Cloudy,0.0,33.814598,-84.324508,Unincorporated,DEKALB,,"[""Pedestrian"",""Motor Vehicle in Motion""]","[""Improper Backing"",""Inattentive or Other Distraction (Distracted)""]","[""Pedestrian"",""Motor Vehicle in Motion""]",Pedestrian
0.0,0.0,Decatur Police Department,2023-11-30,Scott Blvd and Coventry Rd,(O) No Injury,Daylight,On Roadway - Roadway Intersection,Not a Collision with Motor Vehicle,Scott Blvd,Dry,15:54:00,Lap and Shoulder Belt Used,Clear,0.0,33.779061,-84.309015,Decatur,DEKALB,,"[""Pedestrian"",""Motor Vehicle in Motion""]",Failure to Yield,"[""Pedestrian"",""Motor Vehicle in Motion""]",Pedestrian
1.0,1.0,Atlanta Police Department,2023-12-14,Clifton St Se and Memorial Dr Se,(A) Suspected Serious Injury,Daylight,On Roadway - Roadway Intersection,Angle Crash,Clifton St Se,Dry,17:38:00,"[""Lap and Shoulder Belt Used"",""Lap and Shoulder Belt Used"",""None Used""]",Clear,0.0,33.747449,-84.33185,Atlanta,DEKALB,,"[""Motor Vehicle in Motion"",""Motor Vehicle in Motion"",""Pedestrian""]","[""Improper Turn"",""Not Visible (Object, Person, or Vehicle)""]","[""Motor Vehicle in Motion"",""Motor Vehicle in Motion"",""Motor Vehicle in Motion""]",Pedestrian
0.0,0.0,Dekalb Co Police Department,2023-12-14,Memorial Dr and James Allen Dr,(K) Fatal Injury,Dark-Not Lighted,On Roadway - Non-Intersection,Not a Collision with Motor Vehicle,Memorial Dr,Dry,00:00:00,"[""None Used"",""Lap and Shoulder Belt Used""]",Clear,1.0,33.747091,-84.288771,Unincorporated,DEKALB,,"[""Pedestrian"",""Pedestrian""]",,"[""Pedestrian"",""Pedestrian""]",Pedestrian
0.0,0.0,Dekalb Co Police Department,2023-12-25,Candler Rd and Glenwood Rd,(K) Fatal Injury,Dark-Not Lighted,On Roadway - Non-Intersection,Not a Collision with Motor Vehicle,Candler Rd,Wet,03:55:00,None Used,Rain,1.0,33.740362,-84.288858,Unincorporated,DEKALB,,"[""Pedestrian"",""Motor Vehicle in Motion""]","[""Not Visible (Object, Person, or Vehicle)"",""Under the Influence (U.I.)""]","[""Pedestrian"",""Motor Vehicle in Motion""]",Pedestrian
0.0,0.0,Atlanta Police Department,2024-01-07,Howard St Ne and Hosea L Williams Dr Ne,(C) Possible Injury / Complaint,Daylight,On Roadway - Roadway Intersection,Not a Collision with Motor Vehicle,Howard St Ne,Dry,14:00:00,"[""Unknown"",""None Used""]",Clear,0.0,33.75221081,-84.32357942,Atlanta,DeKalb,,"[""Motor Vehicle in Motion"",""Pedestrian""]",Failure to Yield,"[""Motor Vehicle in Motion"",""Pedestrian""]",Pedestrian
0.0,0.0,Decatur Police Department,2024-01-09,Commerce Dr and W Howard Ave,(C) Possible Injury / Complaint,Dark-Lighted,On Roadway - Roadway Intersection,Not a Collision with Motor Vehicle,W Howard Ave,Wet,08:38:00,Shoulder Belt Only Used,Rain,0.0,33.76906054,-84.29944409,Decatur,DeKalb,,"[""Motor Vehicle in Motion"",""Pedestrian""]",Failure to Yield,"[""Pedestrian"",""Motor Vehicle in Motion""]",Pedestrian
0.0,1.0,Decatur Police Department,2024-01-10,S Candler St and E College Ave,(B) Suspected Minor/Visible Injury,Dark-Lighted,On Roadway - In Crosswalk,Not a Collision with Motor Vehicle,S Candler St,Dry,19:05:00,Lap and Shoulder Belt Used,Clear,0.0,33.77104251,-84.29267584,Decatur,DeKalb,,"[""Motor Vehicle in Motion"",""Other/Unknown"",""Pedestrian""]",Failure to Yield,"[""Pedestrian"",""Pedestrian"",""Pedestrian""]",Pedestrian
0.0,1.0,Dekalb Co Police Department,2024-01-16,N Decatur Rd and Wash Lively Cir,(B) Suspected Minor/Visible Injury,Daylight,On Roadway - In Crosswalk,Not a Collision with Motor Vehicle,N Decatur Rd,Dry,17:00:00,"[""Unknown"",""None Used""]",Clear,0.0,33.79214224,-84.28267022,Unincorporated,DeKalb,,"[""Pedestrian"",""Motor Vehicle in Motion""]","[""Failure to Yield"",""Other Interior Distraction (Distracted)""]","[""Pedestrian"",""Motor Vehicle in Motion""]",Pedestrian
0.0,1.0,Emory Police Department,2024-01-23,Dickey Dr Ne and Eagle Row Ne,(B) Suspected Minor/Visible Injury,Daylight,On Roadway - Roadway Intersection,Not a Collision with Motor Vehicle,Eagle Row Ne,Dry,14:29:00,"[""Lap and Shoulder Belt Used"",""None Used""]",Clear,0.0,33.79168055,-84.32756281,Atlanta,DeKalb,,"[""Pedestrian"",""Motor Vehicle in Motion""]",Failure to Yield,"[""Pedestrian"",""Motor Vehicle in Motion""]",Pedestrian
1.0,0.0,Emory Police Department,2024-01-27,Clifton Rd Ne and N Decatur Rd Ne,(A) Suspected Serious Injury,Dark-Lighted,On Roadway - In Crosswalk,Not a Collision with Motor Vehicle,Clifton Rd Ne,Wet,20:41:00,"[""Lap and Shoulder Belt Used"",""Unknown""]",Rain,0.0,33.78897574,-84.3209245,Atlanta,DeKalb,,"[""Pedestrian"",""Motor Vehicle in Motion""]",Failure to Yield,"[""Pedestrian"",""Motor Vehicle in Motion""]",Pedestrian
0.0,1.0,Dekalb Co Police Department,2024-01-30,Clifton Rd and Briarcliff Rd,(B) Suspected Minor/Visible Injury,Dark-Not Lighted,On Roadway - In Crosswalk,Not a Collision with Motor Vehicle,Briarcliff Rd,Dry,19:40:00,"[""Lap and Shoulder Belt Used"",""None Used""]",Clear,0.0,33.80613055,-84.33601918,Unincorporated,DeKalb,,"[""Pedestrian"",""Motor Vehicle in Motion""]",Failure to Yield,"[""Pedestrian"",""Motor Vehicle in Motion""]",Pedestrian
0.0,1.0,Dekalb Co Police Department,2024-02-02,S Jolly Ave and Indian Creek Way,(B) Suspected Minor/Visible Injury,Daylight,On Roadway - Non-Intersection,Not a Collision with Motor Vehicle,Indian Creek Way,Dry,14:15:00,"[""None Used"",""Lap and Shoulder Belt Used"",""Lap and Shoulder Belt Used""]",Clear,0.0,33.79647612,-84.2403209,Unincorporated,DeKalb,,"[""Pedestrian"",""Pedestrian""]","[""Failure to Yield"",""Other Unit Contributed to Crash""]","[""Pedestrian"",""Pedestrian""]",Pedestrian
0.0,0.0,Dekalb Co Police Department,2024-02-08,Memorial Dr and 285 On Ramp Rp,(C) Possible Injury / Complaint,Dark-Not Lighted,On Roadway - Roadway Intersection,Not a Collision with Motor Vehicle,285 On Ramp Rp,Dry,18:56:00,"[""Unknown"",""None Used""]",Clear,0.0,33.77863914,-84.24082008,Unincorporated,DeKalb,,"[""Pedestrian"",""Motor Vehicle in Motion""]","Not Visible (Object, Person, or Vehicle)","[""Pedestrian"",""Motor Vehicle in Motion""]",Pedestrian
1.0,0.0,Emory Police Department,2024-02-13,Clifton Rd Ne and Woodruff Circle,(A) Suspected Serious Injury,Dawn,On Roadway - In Crosswalk,Not a Collision with Motor Vehicle,Clifton Rd Ne,Dry,07:13:00,"[""Unknown"",""Unknown""]",Clear,0.0,33.79308069,-84.32098036,Atlanta,DeKalb,,"[""Motor Vehicle in Motion"",""Pedestrian""]",Misjudged Clearance,"[""Pedestrian"",""Pedestrian""]",Pedestrian
0.0,1.0,Dekalb Co Police Department,2024-02-20,Beech Dr and Covington Hwy,(B) Suspected Minor/Visible Injury,Daylight,On Roadway - Roadway Intersection,Not a Collision with Motor Vehicle,Beech Dr,Dry,16:32:00,"[""Lap and Shoulder Belt Used"",""Lap and Shoulder Belt Used"",""None Used""]",Clear,0.0,33.76123037,-84.24721426,Unincorporated,DeKalb,,"[""Pedestrian"",""Motor Vehicle in Motion""]",Failure to Yield,"[""Motor Vehicle in Motion"",""Motor Vehicle in Motion""]",Pedestrian
0.0,0.0,Dekalb Co Police Department,2024-02-23,Dial Dr and Northern Ave,(C) Possible Injury / Complaint,Dark-Lighted,On Roadway - Roadway Intersection,Not a Collision with Motor Vehicle,Dial Dr,Dry,19:10:00,"[""None Used"",""Lap and Shoulder Belt Used""]",Clear,0.0,33.78706149,-84.24591799,Unincorporated,DeKalb,,"[""Pedestrian"",""Motor Vehicle in Motion""]",Cell Phone,"[""Pedestrian"",""Pedestrian""]",Pedestrian
0.0,1.0,Dekalb Co Police Department,2024-03-07,Lavista Rd and Briarcliff Rd,(B) Suspected Minor/Visible Injury,Daylight,On Roadway - Driveway Intersection,Not a Collision with Motor Vehicle,Briarcliff Rd,Dry,15:45:00,"[""None Used"",""Unknown""]",Clear,0.0,33.81493579,-84.33435135,Unincorporated,DeKalb,,"[""Motor Vehicle in Motion"",""Pedestrian""]","[""Failure to Yield"",""Other Unit Contributed to Crash""]","[""Motor Vehicle in Motion"",""Pedestrian""]",Pedestrian
1.0,0.0,Dekalb Co Police Department,2024-03-08,Columbia Dr and Belvedere Ln,(A) Suspected Serious Injury,Dark-Lighted,On Roadway - Non-Intersection,Not a Collision with Motor Vehicle,Columbia Dr,Wet,18:50:00,"[""None Used"",""Lap and Shoulder Belt Used""]",Rain,0.0,33.75013816,-84.2641002,Unincorporated,DeKalb,,"[""Pedestrian"",""Pedestrian""]","[""Inattentive or Other Distraction (Distracted)"",""Other Unit Contributed to Crash""]","[""Pedestrian"",""Pedestrian""]",Pedestrian
0.0,0.0,Decatur Police Department,2024-03-19,S Candler St and E College Ave,(C) Possible Injury / Complaint,Dark-Lighted,On Roadway - Roadway Intersection,Not a Collision with Motor Vehicle,E College Ave,Dry,21:39:00,Lap and Shoulder Belt Used,Clear,0.0,33.77106808,-84.29260114,Decatur,DeKalb,,"[""Motor Vehicle in Motion"",""Motor Vehicle in Motion""]",Failure to Yield,"[""Pedestrian"",""Pedestrian""]",Pedestrian
0.0,0.0,Atlanta Police Department,2024-03-28,Glenwood Ave Se and Maynard Terrace Se,(C) Possible Injury / Complaint,Dark-Lighted,On Roadway - In Crosswalk,Not a Collision with Motor Vehicle,Maynard Terrace Se,Dry,07:19:00,Lap and Shoulder Belt Used,Cloudy,0.0,33.74002987,-84.33503193,Atlanta,DeKalb,,"[""Motor Vehicle in Motion"",""Pedestrian""]",Failure to Yield,"[""Motor Vehicle in Motion"",""Pedestrian""]",Pedestrian
0.0,0.0,Dekalb Co Police Department,2024-04-01,Mcafee Rd and Candler Rd,(C) Possible Injury / Complaint,Daylight,On Roadway - Roadway Intersection,Not a Collision with Motor Vehicle,Mcafee Rd,Dry,12:55:00,"[""Unknown"",""Unknown"",""None Used""]",Clear,0.0,33.73184447,-84.28323351,Unincorporated,DeKalb,,"[""Pedestrian"",""Motor Vehicle in Motion""]",Failure to Yield,"[""Motor Vehicle in Motion"",""Motor Vehicle in Motion""]",Pedestrian
0.0,1.0,Emory Police Department,2024-04-01,Michael St and Clifton Rd Ne,(B) Suspected Minor/Visible Injury,Daylight,On Roadway - In Crosswalk,Not a Collision with Motor Vehicle,Michael St,Dry,09:08:00,"[""None Used"",""None Used""]",Cloudy,0.0,33.79569186,-84.32158049,Atlanta,DeKalb,,"[""Motor Vehicle in Motion"",""Pedestrian""]",Failure to Yield,"[""Motor Vehicle in Motion"",""Pedestrian""]",Pedestrian
0.0,0.0,Emory Police Department,2024-04-02,Avenue Place and Clifton Rd Ne,(O) No Injury,Daylight,On Roadway - In Crosswalk,Not a Collision with Motor Vehicle,Clifton Rd Ne,Dry,12:15:00,"[""None Used"",""Unknown""]",Clear,0.0,33.79975627,-84.32537917,Unincorporated,DeKalb,,"[""Motor Vehicle in Motion"",""Pedestrian""]",Disregard Stop Sign/Signal,"[""Motor Vehicle in Motion"",""Pedestrian""]",Pedestrian
0.0,1.0,Emory Police Department,2024-04-05,Clifton Rd Ne and Gatewood Rd Ne,(B) Suspected Minor/Visible Injury,Daylight,On Roadway - In Crosswalk,Not a Collision with Motor Vehicle,Clifton Rd Ne,Dry,12:53:00,"[""Lap and Shoulder Belt Used"",""Unknown""]",Clear,0.0,33.79713133,-84.32232012,Atlanta,DeKalb,,"[""Pedestrian"",""Motor Vehicle in Motion""]",Failure to Yield,"[""Pedestrian"",""Motor Vehicle in Motion""]",Pedestrian
1.0,0.0,Dekalb Co Police Department,2024-04-14,Columbia Dr and Glenwood Rd,(A) Suspected Serious Injury,Dark-Not Lighted,On Roadway - Non-Intersection,Not a Collision with Motor Vehicle,Glenwood Rd,Dry,02:10:00,"[""None Used"",""Lap and Shoulder Belt Used"",""Lap and Shoulder Belt Used"",""Lap and Shoulder Belt Used"",""Lap and Shoulder Belt Used""]",Clear,0.0,33.73795053,-84.25260642,Unincorporated,DeKalb,,"[""Motor Vehicle in Motion"",""Pedestrian""]","[""Failure to Yield"",""Other Unit Contributed to Crash""]","[""Motor Vehicle in Motion"",""Motor Vehicle in Motion""]",Pedestrian
0.0,2.0,Emory Police Department,2024-04-16,Dickey Dr Ne and Eagle Row Ne,(B) Suspected Minor/Visible Injury,Daylight,On Roadway - In Crosswalk,Not a Collision with Motor Vehicle,Eagle Row Ne,Dry,14:50:00,"[""None Used"",""None Used"",""None Used""]",Clear,0.0,33.79167155,-84.32756581,Atlanta,DeKalb,,"[""Pedestrian"",""Motor Vehicle in Motion"",""Motor Vehicle in Motion""]",Failure to Yield,"[""Pedestrian"",""Motor Vehicle in Motion"",""Motor Vehicle in Motion""]",Pedestrian
0.0,0.0,Atlanta Police Department,2024-04-18,Noble Dr Ne and Johnson Rd Ne,(O) No Injury,Daylight,On Roadway - Roadway Intersection,Rear End,Johnson Rd Ne,Dry,08:00:00,"[""Unknown"",""Unknown""]",Clear,0.0,33.80254826,-84.34120671,Atlanta,DeKalb,,"[""Pedestrian"",""Pedestrian""]",Following Too Close,"[""Motor Vehicle in Motion"",""Motor Vehicle in Motion""]",Pedestrian
0.0,0.0,Dekalb Co Police Department,2024-05-02,Kensington Parc Cir and Kensington Parc Way,(K) Fatal Injury,Daylight,On Roadway - Non-Intersection,Not a Collision with Motor Vehicle,Kensington Parc Way,Dry,19:17:00,"[""Unknown"",""Unknown""]",Clear,1.0,33.78144457,-84.24987782,Unincorporated,DeKalb,,"[""Pedestrian"",""Pedestrian""]",,"[""Pedestrian"",""Pedestrian""]",Pedestrian
0.0,0.0,Clarkston Police Department,2024-05-05,Montreal Rd and North Indian Creek Dr,(C) Possible Injury / Complaint,Daylight,On Roadway - Roadway Intersection,Not a Collision with Motor Vehicle,Montreal Rd,Dry,12:12:00,"[""Lap and Shoulder Belt Used"",""None Used""]",Clear,0.0,33.81174805,-84.24163967,Clarkston,DeKalb,,"[""Motor Vehicle in Motion"",""Motor Vehicle in Motion""]",Failure to Yield,"[""Pedestrian"",""Pedestrian""]",Pedestrian
0.0,1.0,Clarkston Police Department,2024-05-05,Montreal Rd and Clarkston Industrial Blvd,(B) Suspected Minor/Visible Injury,Dark-Lighted,On Roadway - Non-Intersection,Not a Collision with Motor Vehicle,Clarkston Industrial Blvd,Dry,03:45:00,Unknown,Clear,0.0,33.81767169,-84.24466281,Clarkston,DeKalb,,"[""Motor Vehicle in Motion"",""Pedestrian""]","[""Disregard Other Traffic Control"",""Wrong Side of Road"",""Improper Passing""]","[""Pedestrian"",""Pedestrian""]",Pedestrian
0.0,0.0,Dekalb Co Police Department,2024-05-21,N Decatur Rd and Dekalb Industrial Way,(O) No Injury,Daylight,On Roadway - In Crosswalk,Not a Collision with Motor Vehicle,N Decatur Rd,Dry,18:35:00,"[""Unknown"",""Unknown""]",Clear,0.0,33.79383052,-84.27645608,Unincorporated,DeKalb,,"[""Pedestrian"",""Motor Vehicle in Motion""]","[""Failure to Yield"",""Other Unit Contributed to Crash""]","[""Pedestrian"",""Motor Vehicle in Motion""]",Pedestrian
0.0,1.0,Decatur Police Department,2024-05-22,Ponce De Leon Place and W Ponce De Leon Ave,(B) Suspected Minor/Visible Injury,Daylight,On Roadway - In Crosswalk,Not a Collision with Motor Vehicle,W Ponce De Leon Ave,Dry,12:05:00,Lap and Shoulder Belt Used,Clear,0.0,33.77561377,-84.30106661,Decatur,DeKalb,,"[""Pedestrian"",""Other/Unknown""]",Failure to Yield,"[""Pedestrian"",""Pedestrian""]",Pedestrian
0.0,1.0,Dekalb Co Police Department,2024-05-23,Valley Brook Rd and E Ponce De Leon Ave,(B) Suspected Minor/Visible Injury,Daylight,On Roadway - In Crosswalk,Not a Collision with Motor Vehicle,Valley Brook Rd,Dry,15:30:00,"[""Unknown"",""None Used""]",Clear,0.0,33.79509048,-84.26297675,Unincorporated,DeKalb,,"[""Pedestrian"",""Motor Vehicle in Motion""]",Failure to Yield,"[""Motor Vehicle in Motion"",""Pedestrian""]",Pedestrian
0.0,0.0,Decatur Police Department,2024-05-24,Commerce Dr and W Ponce De Leon Ave,(C) Possible Injury / Complaint,Daylight,On Roadway - Roadway Intersection,Angle Crash,W Ponce De Leon Ave,Dry,00:00:00,Lap and Shoulder Belt Used,Clear,0.0,33.77556287,-84.29886206,Decatur,DeKalb,,"[""Motor Vehicle in Motion"",""Pedestrian""]",Failure to Yield,"[""Motor Vehicle in Motion"",""Pedestrian""]",Pedestrian
0.0,1.0,Decatur Police Department,2024-06-19,Commerce Dr and W Trinity Pl,(B) Suspected Minor/Visible Injury,Daylight,On Roadway - Roadway Intersection,Not a Collision with Motor Vehicle,Commerce Dr,Dry,13:56:00,Lap and Shoulder Belt Used,Cloudy,0.0,33.77356396,-84.29884381,Decatur,DeKalb,,"[""Motor Vehicle in Motion"",""Motor Vehicle in Motion""]","[""Failure to Yield"",""Disregard Other Traffic Control""]","[""Pedestrian"",""Pedestrian""]",Pedestrian
0.0,1.0,Dekalb Co Police Department,2024-06-21,Haygood Dr and N Decatur Rd,(B) Suspected Minor/Visible Injury,Daylight,On Roadway - In Crosswalk,Not a Collision with Motor Vehicle,N Decatur Rd,Dry,14:37:00,"[""None Used"",""Lap and Shoulder Belt Used""]",Clear,0.0,33.79198483,-84.31469585,Atlanta,DeKalb,,"[""Motor Vehicle in Motion"",""Pedestrian""]","[""Disregard Other Traffic Control"",""Other Unit Contributed to Crash""]","[""Motor Vehicle in Motion"",""Pedestrian""]",Pedestrian
0.0,0.0,Decatur Police Department,2024-06-25,Atlanta Ave and W Howard Ave,(C) Possible Injury / Complaint,Daylight,On Roadway - Roadway Intersection,Not a Collision with Motor Vehicle,W Howard Ave,Dry,12:35:00,Lap and Shoulder Belt Used,Clear,0.0,33.76733119,-84.30478445,Decatur,DeKalb,,"[""Pedestrian"",""Motor Vehicle in Motion""]",Failure to Yield,"[""Pedestrian"",""Pedestrian""]",Pedestrian
0.0,1.0,Dekalb Co Police Department,2024-06-28,Columbia Dr and Memorial Dr,(B) Suspected Minor/Visible Injury,Daylight,On Roadway - Roadway Intersection,Not a Collision with Motor Vehicle,Memorial Dr,Dry,12:30:00,"[""None Used"",""Lap and Shoulder Belt Used""]",Clear,0.0,33.7548363,-84.26777899,Unincorporated,DeKalb,,"[""Pedestrian"",""Pedestrian""]",Other Unit Contributed to Crash,"[""Motor Vehicle in Motion"",""Motor Vehicle in Motion""]",Pedestrian
0.0,0.0,Dekalb Co Police Department,2024-06-28,Farris Dr and Glenwood Rd,(C) Possible Injury / Complaint,Daylight,On Roadway - Roadway Intersection,Not a Collision with Motor Vehicle,Glenwood Rd,Dry,17:23:00,None Used,Clear,0.0,33.73810969,-84.26177767,Unincorporated,DeKalb,,"[""Pedestrian"",""Pedestrian""]","[""Failure to Yield"",""Other Unit Contributed to Crash""]","[""Pedestrian"",""Pedestrian""]",Pedestrian
0.0,0.0,Emory Police Department,2024-07-03,Clifton Rd Ne and Lowergate Dr Ne,(C) Possible Injury / Complaint,Daylight,On Roadway - In Crosswalk,Not a Collision with Motor Vehicle,Lowergate Dr Ne,Dry,07:15:00,"[""Unknown"",""Unknown"",""Unknown""]",Clear,0.0,33.79187455,-84.32096541,Atlanta,DeKalb,,"[""Pedestrian"",""Motor Vehicle in Motion""]","[""Not Visible (Object, Person, or Vehicle)"",""Other Unit Contributed to Crash""]","[""Pedestrian"",""Motor Vehicle in Motion""]",Pedestrian
0.0,0.0,Dekalb Co Police Department,2024-07-05,Candler Rd and Glenwood Rd,(K) Fatal Injury,Daylight,Off Roadway - Sidewalk,Not a Collision with Motor Vehicle,Glenwood Rd,Dry,09:15:00,"[""Unknown"",""None Used""]",Cloudy,1.0,33.7388029,-84.28815253,Unincorporated,DeKalb,,"[""Curb"",""Motor Vehicle in Motion""]","[""Driver Lost Control - Speed Related"",""Other Unit Contributed to Crash""]","[""Pedestrian"",""Motor Vehicle in Motion""]",Pedestrian
0.0,1.0,Decatur Police Department,2024-07-12,None and 300 W Ponce De Leon Ave,(B) Suspected Minor/Visible Injury,Daylight,On Roadway - Non-Intersection,Not a Collision with Motor Vehicle,300 W Ponce De Leon Ave,Dry,09:05:00,None Used,Clear,0.0,33.77559897,-84.30055143,Decatur,DeKalb,,"[""Pedestrian"",""Pedestrian""]",,"[""Motor Vehicle in Motion"",""Motor Vehicle in Motion""]",Pedestrian
0.0,1.0,Dekalb Co Police Department,2024-07-16,Starvine Way and Clairmont Rd,(B) Suspected Minor/Visible Injury,Daylight,On Roadway - Roadway Intersection,Not a Collision with Motor Vehicle,Clairmont Rd,Dry,14:55:00,"[""None Used"",""Unknown""]",Clear,0.0,33.79871927,-84.30723827,Unincorporated,DeKalb,,"[""Motor Vehicle in Motion"",""Pedestrian""]","[""Disregard Other Traffic Control"",""Other Unit Contributed to Crash""]","[""Motor Vehicle in Motion"",""Pedestrian""]",Pedestrian
1.0,0.0,Dekalb Co Police Department,2024-07-18,Briarcliff Rd and Vista Valley Dr,(A) Suspected Serious Injury,Daylight,On Roadway - Non-Intersection,Not a Collision with Motor Vehicle,Briarcliff Rd,Wet,15:49:00,None Used,Rain,0.0,33.81494746,-84.33632383,Unincorporated,DeKalb,,"[""Motor Vehicle in Motion"",""Motor Vehicle in Motion""]","[""Driver Condition"",""Other Unit Contributed to Crash""]","[""Pedestrian"",""Motor Vehicle in Motion""]",Pedestrian
1.0,0.0,Atlanta Police Department,2024-08-02,Glenwood Ave Se and Fayetteville Rd Se,(A) Suspected Serious Injury,Daylight,On Roadway - Non-Intersection,Not a Collision with Motor Vehicle,Glenwood Ave Se,Dry,14:38:00,"[""Unknown"",""None Used""]",Clear,0.0,33.74005358,-84.31053206,Atlanta,DeKalb,,"[""Pedestrian"",""Motor Vehicle in Motion""]","[""Other Unit Contributed to Crash"",""Disregard Other Traffic Control""]","[""Pedestrian"",""Motor Vehicle in Motion""]",Pedestrian
0.0,0.0,Atlanta Police Department,2024-08-04,None and I-20 Rp,(K) Fatal Injury,Dark-Lighted,On Shoulder,Not a Collision with Motor Vehicle,I-20 Rp,Dry,01:30:00,,Clear,1.0,33.74534637,-84.34544457,Atlanta,DeKalb,,"[""Pedestrian"",""Motor Vehicle in Motion""]",Reckless Driving,"[""Pedestrian"",""Motor Vehicle in Motion""]",Pedestrian
0.0,0.0,Decatur Police Department,2024-08-06,Avery St and E College Ave,(C) Possible Injury / Complaint,Daylight,On Roadway - Roadway Intersection,Not a Collision with Motor Vehicle,Avery St,Dry,08:19:00,Lap and Shoulder Belt Used,Clear,0.0,33.77177555,-84.29037388,Decatur,DeKalb,,"[""Motor Vehicle in Motion"",""Pedestrian""]",Failure to Yield,"[""Motor Vehicle in Motion"",""Pedestrian""]",Pedestrian
1.0,0.0,Dekalb Co Police Department,2024-08-16,Midway Rd and 3570 Columbia Dr,(A) Suspected Serious Injury,Daylight,On Roadway - Driveway Intersection,Not a Collision with Motor Vehicle,3570 Columbia Dr,Dry,00:00:00,"[""None Used"",""Lap and Shoulder Belt Used""]",Clear,0.0,33.75524713,-84.26830887,Unincorporated,DeKalb,,"[""Pedestrian"",""Motor Vehicle in Motion""]","[""Failure to Yield"",""Not Visible (Object, Person, or Vehicle)""]","[""Pedestrian"",""Motor Vehicle in Motion""]",Pedestrian
0.0,0.0,Dekalb Co Police Department,2024-08-18,Midway Rd and Covington Hwy,(K) Fatal Injury,Dark-Lighted,On Roadway - Non-Intersection,Not a Collision with Motor Vehicle,Covington Hwy,Wet,05:50:00,"[""None Used"",""Lap and Shoulder Belt Used""]",Clear,1.0,33.76551992,-84.25141871,Unincorporated,DeKalb,,"[""Motor Vehicle in Motion"",""Pedestrian""]",,"[""Pedestrian"",""Pedestrian""]",Pedestrian
0.0,0.0,Dekalb Co Police Department,2024-08-29,Lefferts Pl and Flat Shoals Rd,(C) Possible Injury / Complaint,Dark-Lighted,On Roadway - Roadway Intersection,Not a Collision with Motor Vehicle,Flat Shoals Rd,Dry,20:50:00,"[""Unknown"",""None Used""]",Clear,0.0,33.7251338,-84.32121604,Unincorporated,DeKalb,,"[""Pedestrian"",""Pedestrian""]",,"[""Pedestrian"",""Pedestrian""]",Pedestrian
0.0,0.0,Dekalb Co Police Department,2024-09-06,Milscott Dr and Dekalb Industrial Way,(C) Possible Injury / Complaint,Daylight,On Roadway - Roadway Intersection,Not a Collision with Motor Vehicle,Dekalb Industrial Way,Dry,11:33:00,"[""None Used"",""Unknown""]",Clear,0.0,33.79612887,-84.278231,Unincorporated,DeKalb,,"[""Motor Vehicle in Motion"",""Pedestrian""]",Other Unit Contributed to Crash,"[""Motor Vehicle in Motion"",""Pedestrian""]",Pedestrian
0.0,0.0,Dekalb Co Police Department,2024-09-10,Mcafee Rd and Columbia Dr,(C) Possible Injury / Complaint,Daylight,On Roadway - Roadway Intersection,Not a Collision with Motor Vehicle,Mcafee Rd,Dry,15:10:00,None Used,Clear,0.0,33.73144705,-84.25215709,Unincorporated,DeKalb,,"[""Pedestrian"",""Pedestrian""]","[""Disregard Stop Sign/Signal"",""Other Unit Contributed to Crash""]","[""Pedestrian"",""Pedestrian""]",Pedestrian
0.0,0.0,Atlanta Police Department,2024-09-14,Kirkwood Rd Ne and Hosea L Williams Dr Se,(O) No Injury,Daylight,On Roadway - Non-Intersection,Not a Collision with Motor Vehicle,Hosea L Williams Dr Se,Wet,11:44:00,Unknown,Rain,0.0,33.75118668,-84.32185724,Atlanta,DeKalb,,"[""Pedestrian"",""Pedestrian"",""Pedestrian""]",,"[""Pedestrian"",""Pedestrian"",""Pedestrian""]",Pedestrian
0.0,0.0,Dekalb Co Police Department,2024-09-16,Calhoun St and N Decatur Rd,(K) Fatal Injury,Dark-Not Lighted,On Roadway - Non-Intersection,Not a Collision with Motor Vehicle,N Decatur Rd,Dry,00:00:00,"[""Unknown"",""None Used""]",Clear,1.0,33.79295686,-84.26004351,Unincorporated,DeKalb,,"[""Pedestrian"",""Motor Vehicle in Motion""]",,"[""Pedestrian"",""Motor Vehicle in Motion""]",Pedestrian
0.0,0.0,Atlanta Police Department,2024-09-24,Emerson St Se and Brownwood Ave Se,(C) Possible Injury / Complaint,Daylight,On Roadway - Driveway Intersection,Angle Crash,Brownwood Ave Se,Dry,11:35:00,Lap and Shoulder Belt Used,Clear,0.0,33.7385176,-84.34803534,Atlanta,DeKalb,,"[""Motor Vehicle in Motion"",""Motor Vehicle in Motion"",""Pedestrian""]","[""Improper Backing"",""Other Unit Contributed to Crash"",""Other Unit Contributed to Crash""]","[""Motor Vehicle in Motion"",""Motor Vehicle in Motion"",""Motor Vehicle in Motion""]",Pedestrian
0.0,1.0,Dekalb Co Police Department,2024-09-24,Memorial Dr and Covington Dr,(B) Suspected Minor/Visible Injury,Dark-Not Lighted,On Roadway - Non-Intersection,Not a Collision with Motor Vehicle,Covington Dr,Dry,23:55:00,"[""Unknown"",""Non-Motorist Lighting""]",Clear,0.0,33.76239343,-84.25758677,Unincorporated,DeKalb,,"[""Pedestrian"",""Pedestrian""]","Not Visible (Object, Person, or Vehicle)","[""Motor Vehicle in Motion"",""Motor Vehicle in Motion""]",Pedestrian
0.0,0.0,Dekalb Co Police Department,2024-10-03,Redan Rd and Covington Hwy,(K) Fatal Injury,Dark-Not Lighted,On Roadway - In Crosswalk,Not a Collision with Motor Vehicle,Covington Hwy,Dry,06:03:00,"[""None Used"",""Unknown""]",Clear,1.0,33.75919206,-84.24082145,Unincorporated,DeKalb,,"[""Motor Vehicle in Motion"",""Pedestrian""]","[""Disregard Stop Sign/Signal"",""Not Visible (Object, Person, or Vehicle)""]","[""Motor Vehicle in Motion"",""Pedestrian""]",Pedestrian
0.0,1.0,Atlanta Police Department,2024-10-13,Memorial Dr Se and Oakridge Ave Se,(B) Suspected Minor/Visible Injury,Daylight,On Roadway - Non-Intersection,Not a Collision with Motor Vehicle,Memorial Dr Se,Dry,10:13:00,"[""Lap and Shoulder Belt Used"",""None Used""]",Clear,0.0,33.74706516,-84.29392898,Atlanta,DeKalb,,"[""Motor Vehicle in Motion"",""Pedestrian""]","[""Other Unit Contributed to Crash"",""Reaction to Object or Animal""]","[""Motor Vehicle in Motion"",""Motor Vehicle in Motion""]",Pedestrian
0.0,0.0,Decatur Police Department,2024-10-16,E Court Square and E Ponce De Leon Ave,(C) Possible Injury / Complaint,Dark-Lighted,On Roadway - Non-Intersection,Not a Collision with Motor Vehicle,E Ponce De Leon Ave,Dry,19:20:00,Lap and Shoulder Belt Used,Clear,0.0,33.77551722,-84.29586257,Decatur,DeKalb,,"[""Pedestrian"",""Motor Vehicle in Motion""]",,"[""Pedestrian"",""Motor Vehicle in Motion""]",Pedestrian
0.0,0.0,Atlanta Police Department,2024-10-18,Warren St Se and Hosea L Williams Dr Se,(C) Possible Injury / Complaint,Daylight,On Roadway - In Crosswalk,Not a Collision with Motor Vehicle,Hosea L Williams Dr Se,Dry,16:10:00,Unknown,Clear,0.0,33.75335079,-84.32621816,Atlanta,DeKalb,,"[""Pedestrian"",""Motor Vehicle in Motion""]","[""Failure to Yield"",""Other Unit Contributed to Crash""]","[""Pedestrian"",""Motor Vehicle in Motion""]",Pedestrian
0.0,0.0,Atlanta Police Department,2024-10-22,Flat Shoals Ave Se and Metropolitan Ave Se,(C) Possible Injury / Complaint,Daylight,On Roadway - Roadway Intersection,Not a Collision with Motor Vehicle,Metropolitan Ave Se,Dry,15:00:00,"[""Unknown"",""None Used""]",Clear,0.0,33.7418858,-84.34723889,Atlanta,DeKalb,,"[""Motor Vehicle in Motion"",""Pedestrian""]","[""Inattentive or Other Distraction (Distracted)"",""Other Unit Contributed to Crash""]","[""Motor Vehicle in Motion"",""Pedestrian""]",Pedestrian
0.0,0.0,Dekalb Co Police Department,2024-11-01,Hyland Dr and Columbia Dr,(O) No Injury,Daylight,Off Roadway - Sidewalk,Not a Collision with Motor Vehicle,Columbia Dr,Dry,08:11:00,"[""Unknown"",""Unknown"",""Unknown""]",Clear,0.0,33.72970297,-84.25215531,Unincorporated,DeKalb,,"[""Motor Vehicle in Motion"",""Pedestrian"",""Pedestrian""]",Failure to Yield,"[""Motor Vehicle in Motion"",""Pedestrian"",""Pedestrian""]",Pedestrian
0.0,0.0,Dekalb Co Police Department,2024-11-02,Starvine Way and Clairmont Rd,(O) No Injury,Dark-Lighted,On Roadway - In Crosswalk,Not a Collision with Motor Vehicle,Clairmont Rd,Dry,23:13:00,"[""Unknown"",""None Used""]",Clear,0.0,33.79879011,-84.30732268,Atlanta,DeKalb,,"[""Pedestrian"",""Motor Vehicle in Motion""]","[""Failure to Yield"",""Other Unit Contributed to Crash""]","[""Pedestrian"",""Motor Vehicle in Motion""]",Pedestrian
0.0,0.0,Decatur Police Department,2024-11-10,Midway Rd and S Candler St,(C) Possible Injury / Complaint,Dark-Not Lighted,On Roadway - Roadway Intersection,Not a Collision with Motor Vehicle,S Candler St,Dry,22:30:00,Lap and Shoulder Belt Used,Clear,0.0,33.75773772,-84.29124775,Decatur,DeKalb,,"[""Motor Vehicle in Motion"",""Motor Vehicle in Motion""]",Failure to Yield,"[""Pedestrian"",""Pedestrian""]",Pedestrian
0.0,0.0,Atlanta Police Department,2024-11-12,Briarcliff Rd Ne and Lullwater Park Cir,(O) No Injury,Daylight,On Roadway - In Crosswalk,Not a Collision with Motor Vehicle,Briarcliff Rd Ne,Dry,11:00:00,,Clear,0.0,33.77728192,-84.34716959,Atlanta,DeKalb,,"[""Motor Vehicle in Motion"",""Pedestrian""]",,Pedestrian,Pedestrian
0.0,1.0,Atlanta Police Department,2024-11-12,Flat Shoals Rd Se and Fayetteville Rd Se,(B) Suspected Minor/Visible Injury,Daylight,On Roadway - In Crosswalk,Not a Collision with Motor Vehicle,Flat Shoals Rd Se,Dry,16:55:00,"[""Unknown"",""None Used""]",Clear,0.0,33.7259564,-84.32259135,Atlanta,DeKalb,,"[""Pedestrian"",""Pedestrian""]","[""Other Unit Contributed to Crash"",""Inattentive or Other Distraction (Distracted)""]","[""Motor Vehicle in Motion"",""Motor Vehicle in Motion""]",Pedestrian
0.0,0.0,Dekalb Co Police Department,2024-11-14,N Jamestown Rd and N Druid Hills Rd,(C) Possible Injury / Complaint,Daylight,On Roadway - Non-Intersection,Not a Collision with Motor Vehicle,N Jamestown Rd,Dry,17:00:00,None Used,Clear,0.0,33.81174167,-84.3064304,Unincorporated,DeKalb,,"[""Pedestrian"",""Motor Vehicle in Motion""]","[""Failure to Yield"",""Other Unit Contributed to Crash""]","[""Pedestrian"",""Motor Vehicle in Motion""]",Pedestrian
0.0,1.0,Dekalb Co Police Department,2024-11-27,Jody Ln and Lavista Rd,(B) Suspected Minor/Visible Injury,Daylight,On Roadway - In Crosswalk,Not a Collision with Motor Vehicle,Lavista Rd,Dry,13:34:00,"[""Lap and Shoulder Belt Used"",""None Used""]",Clear,0.0,33.81505539,-84.32093484,Unincorporated,DeKalb,,"[""Pedestrian"",""Motor Vehicle in Motion""]","[""Failure to Yield"",""Other Unit Contributed to Crash""]","[""Pedestrian"",""Motor Vehicle in Motion""]",Pedestrian
0.0,0.0,Atlanta Police Department,2024-11-30,Caroline St Ne and Seaboard Ave Ne,(C) Possible Injury / Complaint,Daylight,On Roadway - In Crosswalk,Not a Collision with Motor Vehicle,Caroline St Ne,Dry,13:30:00,Unknown,Clear,0.0,33.75844903,-84.34766402,Atlanta,DeKalb,,"[""Pedestrian"",""Pedestrian""]","[""Failure to Yield"",""Other Unit Contributed to Crash""]","[""Pedestrian"",""Pedestrian""]",Pedestrian
0.0,0.0,Dekalb Co Police Department,2024-12-02,Winfair Ln and Briarcliff Rd,(C) Possible Injury / Complaint,Dark-Lighted,On Roadway - Driveway Intersection,Not a Collision with Motor Vehicle,Briarcliff Rd,Dry,19:57:00,"[""Unknown"",""Unknown""]",Clear,0.0,33.81809466,-84.3352393,Unincorporated,DeKalb,,"[""Pedestrian"",""Pedestrian""]",Failure to Yield,"[""Motor Vehicle in Motion"",""Motor Vehicle in Motion""]",Pedestrian
0.0,0.0,Dekalb Co Police Department,2024-12-03,N Indian Creek Dr and E Ponce De Leon Ave,(C) Possible Injury / Complaint,Daylight,On Roadway - In Crosswalk,Not a Collision with Motor Vehicle,E Ponce De Leon Ave,Dry,13:00:00,"[""Unknown"",""Unknown""]",Clear,0.0,33.80674808,-84.24182173,Clarkston,DeKalb,,"[""Pedestrian"",""Motor Vehicle in Motion""]","[""Failure to Yield"",""Disregard Other Traffic Control""]","[""Pedestrian"",""Motor Vehicle in Motion""]",Pedestrian
0.0,0.0,Dekalb Co Police Department,2024-12-03,Leeland Rd and Columbia Dr,(C) Possible Injury / Complaint,Daylight,On Roadway - Non-Intersection,Not a Collision with Motor Vehicle,Columbia Dr,Dry,16:09:00,None Used,Clear,0.0,33.7509806,-84.26473473,Unincorporated,DeKalb,,"[""Pedestrian"",""Motor Vehicle in Motion""]",,"[""Pedestrian"",""Motor Vehicle in Motion""]",Pedestrian
0.0,1.0,Decatur Police Department,2024-12-04,Commerce Dr and W Ponce De Leon Ave,(B) Suspected Minor/Visible Injury,Dusk,On Roadway - In Crosswalk,Not a Collision with Motor Vehicle,W Ponce De Leon Ave,Dry,16:19:00,Lap and Shoulder Belt Used,Clear,0.0,33.77556682,-84.29886198,Decatur,DeKalb,,"[""Motor Vehicle in Motion"",""Pedestrian""]",Failure to Yield,"[""Pedestrian"",""Pedestrian""]",Pedestrian
0.0,0.0,Dekalb Co Police Department,2024-12-05,Mcafee Rd and Columbia Dr,(K) Fatal Injury,Daylight,On Roadway - Roadway Intersection,Head On,Columbia Dr,Dry,06:41:00,"[""Unknown"",""Unknown""]",Clear,1.0,33.73161247,-84.25214881,Unincorporated,DeKalb,,"[""Pedestrian"",""Motor Vehicle in Motion"",""Motor Vehicle in Motion""]",,"[""Pedestrian"",""Motor Vehicle in Motion"",""Motor Vehicle in Motion""]",Pedestrian
0.0,0.0,Decatur Police Department,2024-12-07,Commerce Dr and Clairemont Ave,(C) Possible Injury / Complaint,Daylight,Off Roadway,Not a Collision with Motor Vehicle,Clairemont Ave,Dry,15:05:00,"[""Lap and Shoulder Belt Used"",""Lap and Shoulder Belt Used"",""Lap and Shoulder Belt Used""]",Clear,0.0,33.77888771,-84.29647623,Decatur,DeKalb,,"[""Motor Vehicle in Motion"",""Motor Vehicle in Motion""]",Other Exterior Distraction (Distracted),"[""Utility Pole"",""Pedestrian""]",Pedestrian
0.0,0.0,Gsp Post 00,2024-12-16,Ousley Ct and 2263 Sheryl Court,(O) No Injury,Daylight,Off Roadway,Not a Collision with Motor Vehicle,2263 Sheryl Court,Dry,15:27:00,"[""None Used"",""Lap and Shoulder Belt Used""]",Clear,0.0,33.72342118,-84.28133397,Unincorporated,DeKalb,,"[""Motor Vehicle in Motion"",""Pedestrian""]","[""Disregard Police - Evasion"",""Other Unit Contributed to Crash""]","[""Motor Vehicle in Motion"",""Pedestrian""]",Pedestrian
0.0,0.0,Dekalb Co Police Department,2024-12-20,Shepherds Ln and Briarcliff Rd,(C) Possible Injury / Complaint,Dark-Lighted,On Roadway - Roadway Intersection,Not a Collision with Motor Vehicle,Shepherds Ln,Dry,18:50:00,"[""Lap and Shoulder Belt Used"",""None Used""]",Clear,0.0,33.80735135,-84.33585196,Unincorporated,DeKalb,,"[""Motor Vehicle in Motion"",""Pedestrian""]",,"[""Pedestrian"",""Pedestrian""]",Pedestrian
0.0,0.0,Atlanta Police Department,2024-12-21,Josephine St Ne and Moreland Ave Ne,(O) No Injury,Daylight,On Roadway - Roadway Intersection,Not a Collision with Motor Vehicle,Moreland Ave Ne,Dry,11:24:00,"[""Unknown"",""Unknown""]",Clear,0.0,33.76218106,-84.3491659,Atlanta,DeKalb,,"[""Other Object (Not Fixed)"",""Other Object (Not Fixed)""]","[""Failure to Yield"",""Other Unit Contributed to Crash""]","[""Pedestrian"",""Pedal-Cycle""]",Pedestrian
0.0,0.0,Dekalb Co Police Department,2025-01-09,Memorial Dr and Columbia Dr,(C) Possible Injury / Complaint,Daylight,On Roadway - In Crosswalk,Not a Collision with Motor Vehicle,Columbia Dr,Dry,17:10:00,None Used,Clear,0.0,33.75439013,-84.2670991,Unincorporated,DeKalb,,"[""Pedestrian"",""Motor Vehicle in Motion""]","[""Failure to Yield"",""Other Unit Contributed to Crash""]","[""Pedestrian"",""Pedestrian""]",Pedestrian
0.0,0.0,Decatur Police Department,2025-01-13,Sycamore Dr and E Ponce De Leon Ave,(C) Possible Injury / Complaint,Dark-Lighted,On Roadway - Roadway Intersection,Not a Collision with Motor Vehicle,Sycamore Dr,Dry,19:10:00,Lap and Shoulder Belt Used,Clear,0.0,33.77613757,-84.28282005,Decatur,DeKalb,,"[""Pedestrian"",""Motor Vehicle in Motion""]",Failure to Yield,"[""Pedestrian"",""Motor Vehicle in Motion""]",Pedestrian
0.0,0.0,Dekalb Co Police Department,2025-01-16,Canal St and Covington Hwy,(O) No Injury,Daylight,On Roadway - In Crosswalk,Not a Collision with Motor Vehicle,Canal St,Dry,16:19:00,"[""None Used"",""Lap and Shoulder Belt Used""]",Clear,0.0,33.75998704,-84.24194807,Unincorporated,DeKalb,,"[""Pedestrian"",""Pedestrian""]","[""Failure to Yield"",""Other Unit Contributed to Crash""]","[""Pedestrian"",""Pedestrian""]",Pedestrian
0.0,0.0,Dekalb Co Police Department,2025-01-25,Azalea Cir and N Druid Hills Rd,(C) Possible Injury / Complaint,Daylight,On Roadway - In Crosswalk,Not a Collision with Motor Vehicle,N Druid Hills Rd,Dry,10:20:00,"[""Unknown"",""Unknown"",""None Used""]",Clear,0.0,33.8146911,-84.30956856,Unincorporated,DeKalb,,"[""Motor Vehicle in Motion"",""Motor Vehicle in Motion""]",,"[""Pedestrian"",""Pedestrian""]",Pedestrian
0.0,0.0,Dekalb Co Police Department,2025-02-11,Church St and N Decatur Rd,(O) No Injury,Daylight,On Roadway - Non-Intersection,Not a Collision with Motor Vehicle,N Decatur Rd,Wet,14:45:00,"[""None Used"",""Lap and Shoulder Belt Used""]",Cloudy,0.0,33.7922338,-84.28526162,Unincorporated,DeKalb,,"[""Motor Vehicle in Motion"",""Pedestrian""]",Other Unit Contributed to Crash,"[""Motor Vehicle in Motion"",""Pedestrian""]",Pedestrian
0.0,0.0,Dekalb Co Police Department,2025-02-27,Blackmon Dr and N Decatur Rd,(C) Possible Injury / Complaint,Dark-Lighted,On Roadway - Roadway Intersection,Not a Collision with Motor Vehicle,N Decatur Rd,Dry,20:01:00,"[""Lap and Shoulder Belt Used"",""Lap and Shoulder Belt Used"",""None Used""]",Clear,0.0,33.79247113,-84.28708723,Unincorporated,DeKalb,,"[""Pedestrian"",""Motor Vehicle in Motion""]","[""Failure to Yield"",""Other Unit Contributed to Crash""]","[""Pedestrian"",""Motor Vehicle in Motion""]",Pedestrian
0.0,0.0,Decatur Police Department,2025-02-27,Commerce Dr and N Candler St,(O) No Injury,Daylight,On Roadway - Roadway Intersection,Head On,Commerce Dr,Dry,17:22:00,Lap and Shoulder Belt Used,Clear,0.0,33.77772883,-84.29261833,Decatur,DeKalb,,"[""Motor Vehicle in Motion"",""Pedestrian""]",,Motor Vehicle in Motion,Pedestrian
0.0,1.0,Dekalb Co Police Department,2025-03-04,N Decatur Ln and N Decatur Rd,(B) Suspected Minor/Visible Injury,Daylight,On Roadway - Non-Intersection,Not a Collision with Motor Vehicle,N Decatur Rd,Dry,14:51:00,None Used,Clear,0.0,33.79359011,-84.27820302,Unincorporated,DeKalb,,"[""Pedestrian"",""Motor Vehicle in Motion""]",,"[""Pedestrian"",""Motor Vehicle in Motion""]",Pedestrian
0.0,0.0,Dekalb Co Police Department,2025-03-06,Clifton Rd and Briarcliff Rd,(O) No Injury,Daylight,On Roadway - Roadway Intersection,Not a Collision with Motor Vehicle,Clifton Rd,Dry,17:47:00,"[""None Used"",""Unknown""]",Clear,0.0,33.80618775,-84.33598246,Unincorporated,DeKalb,,"[""Pedestrian"",""Motor Vehicle in Motion""]",,"[""Motor Vehicle in Motion"",""Motor Vehicle in Motion""]",Pedestrian
0.0,0.0,Dekalb Co Police Department,2025-03-18,Rupert Rd and Catalina Dr,(C) Possible Injury / Complaint,Daylight,On Roadway - Roadway Intersection,Not a Collision with Motor Vehicle,Rupert Rd,Dry,13:00:00,"[""Unknown"",""None Used""]",Clear,0.0,33.7484335,-84.27480426,Unincorporated,DeKalb,,"[""Motor Vehicle in Motion"",""Pedestrian""]","[""Failure to Yield"",""Not Visible (Object, Person, or Vehicle)""]","[""Motor Vehicle in Motion"",""Pedestrian""]",Pedestrian
0.0,1.0,Dekalb Co Police Department,2025-04-01,Toney Dr and Candler Rd,(B) Suspected Minor/Visible Injury,Daylight,On Roadway - Roadway Intersection,Not a Collision with Motor Vehicle,Toney Dr,Dry,17:04:00,"[""Lap and Shoulder Belt Used"",""None Used""]",Clear,0.0,33.72253068,-84.27760222,Unincorporated,DeKalb,,"[""Motor Vehicle in Motion"",""Pedestrian""]","[""Failure to Yield"",""Other Unit Contributed to Crash""]","[""Motor Vehicle in Motion"",""Pedestrian""]",Pedestrian
0.0,0.0,Dekalb Co Police Department,2025-04-01,Memorial Dr and Covington Hwy,(K) Fatal Injury,Daylight,On Roadway - Non-Intersection,Not a Collision with Motor Vehicle,Covington Hwy,Dry,14:46:00,"[""None Used"",""Unknown""]",Clear,1.0,33.76794841,-84.25136414,Unincorporated,DeKalb,,"[""Motor Vehicle in Motion"",""Pedestrian""]",Other Unit Contributed to Crash,"[""Motor Vehicle in Motion"",""Pedestrian""]",Pedestrian
0.0,1.0,Dekalb Co Police Department,2025-04-04,Tyler Way and Belmont Dr,(B) Suspected Minor/Visible Injury,Dark-Not Lighted,On Roadway - Non-Intersection,Not a Collision with Motor Vehicle,Tyler Way,Dry,22:04:00,None Used,Clear,0.0,33.72313788,-84.28728263,Unincorporated,DeKalb,,"[""Motor Vehicle in Motion"",""Pedestrian""]",,"[""Motor Vehicle in Motion"",""Pedestrian""]",Pedestrian
0.0,1.0,Dekalb Co Police Department,2025-04-07,Redan Rd and Covington Hwy,(B) Suspected Minor/Visible Injury,Dark-Not Lighted,On Roadway - Non-Intersection,Not a Collision with Motor Vehicle,Covington Hwy,Dry,23:43:00,"[""Unknown"",""Unknown""]",Clear,0.0,33.75858452,-84.24019036,Unincorporated,DeKalb,,"[""Pedestrian"",""Motor Vehicle in Motion""]",Other Unit Contributed to Crash,"[""Pedestrian"",""Motor Vehicle in Motion""]",Pedestrian
0.0,0.0,Dekalb Co Police Department,2025-04-09,Clairmont Rd and Clairmont Cir,(C) Possible Injury / Complaint,Daylight,On Roadway - Roadway Intersection,Not a Collision with Motor Vehicle,Clairmont Cir,Dry,14:09:00,"[""Unknown"",""None Used""]",Clear,0.0,33.79500515,-84.30557472,Unincorporated,DeKalb,,"[""Pedestrian"",""Motor Vehicle in Motion""]","[""Failure to Yield"",""Other Unit Contributed to Crash""]","[""Pedestrian"",""Motor Vehicle in Motion""]",Pedestrian
0.0,0.0,Emory Police Department,2025-04-12,Towers Cir Ne and Clifton Rd Ne,(C) Possible Injury / Complaint,Daylight,On Roadway - In Crosswalk,Not a Collision with Motor Vehicle,Clifton Rd Ne,Dry,16:25:00,"[""Lap and Shoulder Belt Used"",""None Used""]",Clear,0.0,33.80360804,-84.33358772,Atlanta,DeKalb,,"[""Pedestrian"",""Motor Vehicle in Motion""]",Vision Obscured,"[""Pedestrian"",""Motor Vehicle in Motion""]",Pedestrian
0.0,1.0,Dekalb Co Police Department,2025-04-14,Kingston Trl and Lawrenceville Hwy,(B) Suspected Minor/Visible Injury,Daylight,On Roadway - Non-Intersection,Not a Collision with Motor Vehicle,Lawrenceville Hwy,Dry,10:20:00,"[""None Used"",""Lap and Shoulder Belt Used""]",Clear,0.0,33.81976566,-84.26504202,Unincorporated,DeKalb,,"[""Pedestrian"",""Motor Vehicle in Motion""]","[""Under the Influence (U.I.)"",""Other Unit Contributed to Crash""]","[""Pedestrian"",""Motor Vehicle in Motion""]",Pedestrian
0.0,1.0,Atlanta Police Department,2025-04-16,Memorial Dr Se and Wilkinson Dr Se,(B) Suspected Minor/Visible Injury,Daylight,On Roadway - In Crosswalk,Not a Collision with Motor Vehicle,Memorial Dr Se,Dry,09:30:00,Unknown,Clear,0.0,33.74745083,-84.32858989,Atlanta,DeKalb,,"[""Pedestrian"",""Pedestrian""]","[""Failure to Yield"",""Other Unit Contributed to Crash""]","[""Motor Vehicle in Motion"",""Pedestrian""]",Pedestrian
0.0,0.0,Decatur Police Department,2025-04-17,Church St and E Trinity Pl,(C) Possible Injury / Complaint,Daylight,On Roadway - Roadway Intersection,Not a Collision with Motor Vehicle,E Trinity Pl,Dry,12:11:00,Lap and Shoulder Belt Used,Clear,0.0,33.7728467,-84.294931,Decatur,DeKalb,,"[""Motor Vehicle in Motion"",""Pedestrian""]",Disregard Other Traffic Control,"[""Motor Vehicle in Motion"",""Pedestrian""]",Pedestrian
1.0,0.0,Dekalb Co Police Department,2025-04-25,Elgin Dr and Columbia Dr,(A) Suspected Serious Injury,Daylight,On Roadway - Roadway Intersection,Not a Collision with Motor Vehicle,Columbia Dr,Dry,07:34:00,Unknown,Clear,0.0,33.73629656,-84.25200271,Unincorporated,DeKalb,,"[""Motor Vehicle in Motion"",""Pedestrian""]","[""Occupant Distraction (Distracted)"",""Other Unit Contributed to Crash""]","[""Motor Vehicle in Motion"",""Pedestrian""]",Pedestrian
1.0,0.0,Dekalb Co Police Department,2025-05-02,Ponce De Leon Ave and S Ponce De Leon Ave,(A) Suspected Serious Injury,Daylight,On Roadway - Roadway Intersection,Not a Collision with Motor Vehicle,Ponce De Leon Ave,Dry,19:02:00,"[""None Used"",""Lap and Shoulder Belt Used""]",Clear,0.0,33.77211454,-84.32705971,Unincorporated,DeKalb,,"[""Motor Vehicle in Motion"",""Pedestrian""]","[""Failure to Yield"",""Other Unit Contributed to Crash""]","[""Motor Vehicle in Motion"",""Pedestrian""]",Pedestrian
0.0,0.0,Dekalb Co Police Department,2025-05-05,Memorial Dr and Kensington Rd,(K) Fatal Injury,Dark-Lighted,On Roadway - Roadway Intersection,Sideswipe-Same Direction,Memorial Dr,Dry,23:06:00,"[""Unknown"",""Reflective: Clothing/Backpack/Equipment""]",Clear,1.0,33.77206905,-84.24948849,Unincorporated,DeKalb,,"[""Motor Vehicle in Motion"",""Work Zone/Maintenance Equipment"",""Parked Motor Vehicle""]","[""Changed Lanes Improperly"",""Other Unit Contributed to Crash"",""Other Unit Contributed to Crash""]","[""Motor Vehicle in Motion"",""Pedestrian"",""Parked Motor Vehicle""]",Pedestrian
1.0,0.0,Atlanta Police Department,2025-05-14,Carter Ave Se and Hosea L Williams Dr Se,(A) Suspected Serious Injury,Dark-Not Lighted,On Roadway - Non-Intersection,Not a Collision with Motor Vehicle,Hosea L Williams Dr Se,Dry,22:07:00,"[""Unknown"",""Unknown""]",Clear,0.0,33.75102938,-84.30460084,Atlanta,DeKalb,,"[""Pedestrian"",""Pedestrian""]",,"[""Pedestrian"",""Pedestrian""]",Pedestrian
0.0,0.0,Atlanta Police Department,2025-05-16,Memorial Dr Se and Wilkinson Dr Se,(C) Possible Injury / Complaint,Daylight,On Roadway - In Crosswalk,Not a Collision with Motor Vehicle,Wilkinson Dr Se,Dry,07:35:00,"[""Unknown"",""None Used""]",Clear,0.0,33.74745069,-84.32865088,Atlanta,DeKalb,,"[""Motor Vehicle in Motion"",""Pedestrian""]","[""Disregard Other Traffic Control"",""Other Unit Contributed to Crash""]","[""Pedestrian"",""Pedestrian""]",Pedestrian
0.0,1.0,Clarkston Police Department,2025-05-20,. and Debelle Street,(B) Suspected Minor/Visible Injury,Daylight,On Roadway - Non-Intersection,Not a Collision with Motor Vehicle,Debelle Street,Dry,20:15:00,Unknown,Clear,0.0,33.8038862,-84.24093067,Clarkston,DeKalb,,"[""Pedestrian"",""Motor Vehicle in Motion""]",Failure to Yield,"[""Pedestrian"",""Motor Vehicle in Motion""]",Pedestrian
1.0,0.0,Dekalb Co Police Department,2025-05-28,Covington Dr and Covington Hwy,(A) Suspected Serious Injury,Dark-Lighted,On Roadway - Non-Intersection,Not a Collision with Motor Vehicle,Covington Hwy,Dry,21:40:00,None Used,Cloudy,0.0,33.7625069,-84.24947964,Unincorporated,DeKalb,,"[""Pedestrian"",""Motor Vehicle in Motion""]",,"[""Pedestrian"",""Motor Vehicle in Motion""]",Pedestrian
1.0,0.0,Dekalb Co Police Department,2025-06-07,Memorial Dr and Covington Hwy,(A) Suspected Serious Injury,Dark-Not Lighted,Off Roadway - Sidewalk,Not a Collision with Motor Vehicle,Memorial Dr,Dry,21:50:00,"[""Lap and Shoulder Belt Used"",""Unknown""]",Clear,0.0,33.77025,-84.2505256,Unincorporated,DeKalb,,"[""Motor Vehicle in Motion"",""Pedestrian""]","[""Driver Lost Control - Impairment Related"",""Under the Influence (U.I.)"",""Other Unit Contributed to Crash""]","[""Motor Vehicle in Motion"",""Pedestrian""]",Pedestrian
0.0,0.0,Decatur Police Department,2025-06-17,Robin St and Commerce Dr,(O) No Injury,Daylight,On Shoulder,Not a Collision with Motor Vehicle,Commerce Dr,Dry,11:44:00,Lap and Shoulder Belt Used,Clear,0.0,33.77162458,-84.29888112,Decatur,DeKalb,,"[""Motor Vehicle in Motion"",""Motor Vehicle in Motion""]",Improper Backing,"[""Pedestrian"",""Pedestrian""]",Pedestrian
0.0,1.0,Decatur Police Department,2025-06-21,Commerce Dr and Clairemont Ave,(B) Suspected Minor/Visible Injury,Daylight,On Roadway - Roadway Intersection,Head On,Commerce Dr,Dry,15:20:00,Lap and Shoulder Belt Used,Clear,0.0,33.77791145,-84.29642523,Decatur,DeKalb,,"[""Motor Vehicle in Motion"",""Pedestrian""]",Failure to Yield,"[""Motor Vehicle in Motion"",""Pedestrian""]",Pedestrian
0.0,0.0,Dekalb Co Police Department,2025-06-24,N Decatur Rd and Dekalb Industrial Way,(C) Possible Injury / Complaint,Daylight,On Roadway - Driveway Intersection,Not a Collision with Motor Vehicle,Dekalb Industrial Way,Dry,15:00:00,Lap and Shoulder Belt Used,Clear,0.0,33.79398957,-84.27646812,Unincorporated,DeKalb,,"[""Motor Vehicle in Motion"",""Pedestrian""]","[""Disregard Other Traffic Control"",""Other Unit Contributed to Crash""]","[""Pedestrian"",""Pedestrian""]",Pedestrian
0.0,0.0,Dekalb Co Police Department,2025-06-28,I 285 and E Ponce De Leon Ave,(K) Fatal Injury,Dark-Not Lighted,On Roadway - Non-Intersection,Not a Collision with Motor Vehicle,I 285,Dry,23:05:00,"[""Unknown"",""Lap and Shoulder Belt Used""]",Clear,1.0,33.80402363,-84.25012701,Clarkston,DeKalb,,"[""Pedestrian"",""Pedestrian""]",Under the Influence (U.I.),"[""Pedestrian"",""Pedestrian""]",Pedestrian
0.0,0.0,Dekalb Co Police Department,2025-07-04,Clifton Rd and Briarcliff Rd,(C) Possible Injury / Complaint,Daylight,On Roadway - In Crosswalk,Not a Collision with Motor Vehicle,Clifton Rd,Dry,09:49:00,"[""Lap and Shoulder Belt Used"",""None Used""]",Clear,0.0,33.80613032,-84.33601934,Unincorporated,DeKalb,,"[""Pedestrian"",""Motor Vehicle in Motion""]","[""Failure to Yield"",""Other Unit Contributed to Crash""]","[""Pedestrian"",""Motor Vehicle in Motion""]",Pedestrian
0.0,1.0,Atlanta Police Department,2025-07-07,Mclendon Ave Ne and Candler Park Dr Ne,(B) Suspected Minor/Visible Injury,Daylight,On Roadway - In Crosswalk,Not a Collision with Motor Vehicle,Candler Park Dr Ne,Dry,12:55:00,"[""Unknown"",""Unknown""]",Clear,0.0,33.76485587,-84.33942426,Atlanta,DeKalb,,"[""Pedestrian"",""Pedestrian""]","[""Inattentive or Other Distraction (Distracted)"",""Other Unit Contributed to Crash""]","[""Motor Vehicle in Motion"",""Pedal-Cycle""]",Pedestrian
0.0,0.0,Atlanta Police Department,2025-07-13,Glenwood Ave Se and Brownwood Ave Se,(C) Possible Injury / Complaint,Daylight,On Roadway - Roadway Intersection,Not a Collision with Motor Vehicle,Glenwood Ave Se,Dry,08:30:00,"[""Shoulder Belt Only Used"",""Shoulder Belt Only Used"",""None Used""]",Clear,0.0,33.74019896,-84.34832247,Atlanta,DeKalb,,"[""Motor Vehicle in Motion"",""Pedal-Cycle""]","[""Other Unit Contributed to Crash"",""Other Activity - Mobile Device (Distracted)""]","[""Motor Vehicle in Motion"",""Pedestrian""]",Pedestrian
0.0,1.0,Dekalb Co Police Department,2025-07-20,Candler Rd and Glenwood Rd,(B) Suspected Minor/Visible Injury,Daylight,On Roadway - Non-Intersection,Not a Collision with Motor Vehicle,Glenwood Rd,Dry,16:51:00,None Used,Clear,0.0,33.73887403,-84.28818985,Unincorporated,DeKalb,,"[""Pedestrian"",""Motor Vehicle in Motion""]",,"[""Pedestrian"",""Motor Vehicle in Motion""]",Pedestrian
