stop_id,stop_name,stop_lat,stop_lon,access_category,access_category_v2,pedestrian_access_score,pas_v2,detour_factor,reach_ratio_5,reach_ratio_10,area_5min_m2,area_10min_m2,intersection_density_km2,dead_end_ratio,circuity,avg_street_len_m,snap_dist_m,pop_5min_crowflies,pop_5min_network,pop_10min_network,access_gap_pct,transit_share,gtfs_routes,gtfs_trips,crashes_200m,crashes_per_1k_10min,pipeline,suppressed_demand,priority_score
908566,EAST LAKE STATION,33.7652,-84.3129,Good,Good,85.0,78.0,1.5199,0.3758,0.3096,204952.1848,675353.7021,643.0782,0.169,1.3388,43.3474,15.0845,1173.143,362.4304,1565.7288,0.6911,0.0043,1,697,0,0.0,none,0.0028,0.1606
908567,EAST LAKE STATION,33.7652,-84.3134,Good,Good,85.0,75.0,1.5231,0.339,0.3031,184908.3358,661332.3115,634.4509,0.1765,1.0276,34.2189,29.1732,1138.7424,334.4489,1520.0116,0.7063,0.0043,1,687,0,0.0,none,0.0031,0.1782
908475,DECATUR STATION,33.7747,-84.2954,Good,Good,85.0,85.3,1.3767,0.4911,0.5185,267855.9162,1131176.1525,1035.2606,0.2815,1.0814,25.9909,17.2557,1546.0475,730.9431,3009.4697,0.5272,0.0289,1,687,3,0.9969,none,0.0388,0.1359
908476,EDGEWOOD-CANDLER PARK STATION,33.7618,-84.3408,Good,Good,85.0,78.9,1.3893,0.4259,0.4671,232308.5082,1018955.1794,817.6034,0.17,1.0524,28.2181,46.6,1376.2058,620.0523,2551.0267,0.5494,0.0172,2,852,0,0.0,none,0.0221,0.1908
908699,EDGEWOOD-CANDLER PARK STATION,33.7619,-84.3405,Good,Good,85.0,78.0,1.3344,0.3815,0.4723,208096.7759,1030496.4059,908.0452,0.1675,1.0687,25.2692,27.5867,1365.7923,535.6994,2549.2528,0.6078,0.0172,2,862,0,0.0,none,0.0223,0.1925
908700,DECATUR STATION,33.7747,-84.2953,Good,Good,85.0,84.9,1.3767,0.4911,0.5185,267855.9162,1131176.1525,1035.2606,0.2815,1.0814,25.9909,26.4622,1541.2685,730.9431,3009.4697,0.5258,0.0289,1,697,3,0.9969,none,0.0399,0.1396
908709,KENSINGTON STATION,33.7728,-84.2522,Moderate,Good,45.0,73.1,1.4708,0.3607,0.3318,196717.0971,723964.9097,682.3193,0.121,1.0409,42.0762,11.8219,734.0726,256.257,967.2783,0.6509,0.0857,1,687,0,0.0,planned,0.0601,0.0
908634,KENSINGTON STATION,33.7726,-84.2516,Moderate,Moderate,45.0,66.8,1.4745,0.3711,0.355,202392.821,774465.4649,693.4221,0.1333,1.0444,42.097,10.5855,717.038,261.2323,1045.3048,0.6357,0.0857,1,697,0,0.0,planned,0.0929,0.0
908438,AVONDALE STATION,33.7756,-84.2815,Moderate,Moderate,45.0,69.2,1.3986,0.3579,0.4495,195206.6781,980627.3796,483.6132,0.0928,1.0768,40.8792,19.2554,1029.7306,406.014,1784.529,0.6057,0.0289,1,697,3,1.6811,none,0.0674,0.2361
908691,AVONDALE STATION,33.7752,-84.2825,Moderate,Moderate,45.0,68.7,1.2666,0.4836,0.4941,263776.9869,1077898.3723,515.6599,0.1316,1.0674,38.5476,19.3119,1089.2366,564.9939,1965.6571,0.4813,0.0289,1,687,2,1.0175,none,0.0592,0.2073
900586,LAVISTA RD NE @ CITADEL DR NE,33.8173,-84.3485,Good,Moderate,73.2,63.8,1.2467,0.3728,0.3286,203351.7721,716947.6773,859.7549,0.0448,1.1064,29.1204,10.9306,1008.6487,412.6432,1458.8788,0.5909,0.0732,1,525,0,0.0,none,0.1175,0.1768
900587,LAVISTA RD NE @ CHESHIRE BRIDGE RD,33.8179,-84.3497,Good,Moderate,71.2,65.1,1.3018,0.4823,0.4001,263045.8795,872901.6545,1106.4662,0.0596,1.1206,27.9558,2.1715,1160.6583,586.9335,1831.8337,0.4943,0.0732,1,513,0,0.0,none,0.1633,0.2458
902270,BRIARCLIFF RD NE @ 2195,33.8173,-84.3351,Moderate,Moderate,41.7,56.4,1.2263,0.4002,0.3227,218295.7931,704010.5236,620.3318,0.1818,1.261,37.1423,10.9956,1070.4284,431.7999,1208.73,0.5966,0.053,1,267,1,0.8273,none,0.0765,0.1517
902312,BRIARCLIFF RD NE @ SHEFFIELD DR NE,33.8198,-84.3349,Moderate,Poor,44.8,36.2,1.1366,0.4166,0.3427,227222.9572,747678.7721,315.2986,0.2333,1.2606,44.7184,17.2962,716.1025,317.7722,1283.0969,0.5562,0.0418,1,267,1,0.7794,none,0.0461,0.1006
901536,LAVISTA RD NE @ WOODLAND HILLS DR,33.815,-84.3412,Good,Moderate,74.5,69.8,1.1655,0.2315,0.2617,126284.9259,570846.2235,197.4228,0.2,1.2003,65.4892,2.0072,529.0357,124.5359,670.2967,0.7646,0.0418,1,525,0,0.0,none,0.0042,0.0093
901537,LAVISTA RD NE @ BROOKFOREST DR NE,33.8158,-84.3432,Moderate,Moderate,66.9,59.4,1.0795,0.2931,0.3073,159854.303,670347.9099,138.2065,0.1765,1.024,63.5165,14.3571,527.5694,150.9011,800.8427,0.714,0.0418,1,525,0,0.0,none,0.0026,0.0056
901543,N DRUID HILLS RD NE @ LAVISTA RD NE,33.8178,-84.3124,Good,Good,85.0,84.6,1.1186,0.5588,0.3524,304759.2982,768811.3598,806.999,0.0913,1.0918,33.3348,8.2669,787.7163,428.7739,1104.3287,0.4557,0.053,1,273,3,2.7166,none,0.0073,0.0145
901544,N DRUID HILLS RD NE @ LAVISTA RD NE,33.8172,-84.3115,Good,Good,85.0,84.3,1.1485,0.5325,0.3485,290425.802,760322.6539,1085.1826,0.08,1.0947,30.1767,13.1868,750.4273,384.6699,1046.3155,0.4874,0.0053,1,274,3,2.8672,none,0.0006,0.0201
901478,BRIARCLIFF RD NE @ CITADEL DR NE,33.8196,-84.3351,Moderate,Poor,45.5,34.8,1.1366,0.4166,0.3427,227222.9572,747678.7721,315.2986,0.2333,1.2606,44.7184,5.1647,706.9564,317.7722,1283.0969,0.5505,0.0418,1,266,1,0.7794,none,0.0471,0.1028
901547,BRIARCLIFF RD NE @ 2178,33.8171,-84.3352,Moderate,Moderate,42.0,57.9,1.2244,0.4093,0.3242,223228.7717,707352.4304,604.7134,0.1825,1.2449,37.6278,7.9796,1076.2799,460.8809,1213.6024,0.5718,0.0418,1,266,1,0.824,none,0.0669,0.1461
901595,BRIARCLIFF RD NE @ SOUTHLAND VISTA CT,33.8136,-84.3338,Good,Good,85.0,84.9,1.2123,0.3762,0.2914,205161.9967,635678.6949,396.1761,0.1038,1.0779,43.146,15.5924,1308.889,456.8276,1120.4833,0.651,0.0326,2,780,1,0.8925,none,0.0162,0.0422
901596,LAVISTA RD NE @ BRIARCLIFF RD NE,33.8156,-84.3353,Good,Good,85.0,80.4,1.2014,0.4344,0.3103,236925.4718,676995.7573,552.902,0.1719,1.2764,39.768,9.9541,1129.0149,453.1968,1145.8675,0.5986,0.0418,1,513,2,1.7454,none,0.0244,0.0534
901597,LAVISTA RD NE @ VISTA VALLEY DR NE,33.8149,-84.3366,Good,Good,85.0,80.8,1.197,0.3524,0.2817,192178.7167,614585.4694,506.1878,0.1667,1.1473,33.8539,15.5512,873.5747,348.225,1030.3456,0.6014,0.0418,1,513,1,0.9705,none,0.0178,0.0389
901598,LAVISTA RD NE @ BERNADETTE LN NE,33.8141,-84.3388,Good,Moderate,71.2,68.2,1.2279,0.2971,0.2654,162057.3241,578968.6012,202.1098,0.2963,1.195,47.0779,33.9166,538.1311,170.1051,830.5071,0.6839,0.0418,1,513,0,0.0,none,0.0182,0.0398
901488,LAVISTA RD NE @ WOODLAND HILLS DR,33.815,-84.3408,Good,Good,74.4,70.2,1.1611,0.2662,0.2696,145184.2641,588094.7154,146.2239,0.1875,1.1805,67.7768,29.4458,528.4479,144.0407,726.9785,0.7274,0.0418,1,513,0,0.0,none,0.0053,0.0115
901489,LAVISTA RD NE @ BROOKFOREST DR NE,33.8158,-84.3429,Good,Moderate,73.8,67.6,1.0737,0.3203,0.3065,174686.0857,668705.4084,129.548,0.1875,1.0192,64.851,37.2911,525.6757,164.2342,800.1693,0.6876,0.0418,1,513,0,0.0,none,0.0016,0.0035
901534,LAVISTA RD NE @ CITADEL DR NE,33.8172,-84.3471,Moderate,Moderate,59.9,54.1,1.223,0.3824,0.3418,208581.0902,745610.5643,301.9241,0.1061,1.1425,48.0822,8.4605,842.9168,348.4083,1317.0934,0.5867,0.0418,1,513,0,0.0,none,0.0826,0.1804
901710,BRIARCLIFF RD @ SOUTHLAND VISTA CT,33.8139,-84.334,Good,Good,78.3,76.2,1.2174,0.3796,0.2915,207050.4181,636057.8534,396.9512,0.1193,1.0767,42.9081,17.2523,1298.8413,458.1862,1120.8774,0.6472,0.0418,2,791,1,0.8922,none,0.0315,0.0688
901819,LAVISTA RD NE @ VISTA VALLEY DR NE,33.8148,-84.3365,Good,Good,85.0,84.9,1.1998,0.3531,0.2803,192568.1196,611476.0803,522.9535,0.1682,1.1481,33.9165,13.4133,890.2399,348.4191,1024.262,0.6086,0.0418,1,525,1,0.9763,none,0.0141,0.0309
901820,LAVISTA RD NE @ BRIARCLIFF RD NE,33.8155,-84.3351,Good,Good,85.0,84.7,1.146,0.4429,0.3263,241565.6371,711938.4898,559.9583,0.1692,1.2694,40.1256,17.9097,1168.5418,458.1652,1195.2825,0.6079,0.0418,1,525,2,1.6732,none,0.0116,0.0253
901872,LAVISTA RD NE @ BERNADETTE LN NE,33.814,-84.3386,Good,Good,80.4,74.7,1.1991,0.3152,0.264,171893.5893,576033.4188,206.5355,0.2909,1.1936,45.932,8.8249,554.3235,180.4384,828.5747,0.6745,0.0418,1,525,0,0.0,none,0.012,0.0262
902031,N DRUID HILLS RD NE @ 2941,33.8156,-84.3105,Good,Good,85.0,84.5,1.1401,0.4849,0.3674,264484.0967,801629.0259,1221.687,0.044,1.1109,28.5977,5.9196,684.0696,330.9505,1043.6208,0.5162,0.0106,1,273,1,0.9582,none,0.0007,0.017
902032,N DRUID HILLS RD NE @ 2960,33.8155,-84.3101,Good,Good,85.0,84.2,1.144,0.4606,0.3637,251235.5597,793455.296,1261.6876,0.0441,1.1153,27.4688,9.3417,678.3582,314.8971,994.7792,0.5358,0.0053,1,274,1,1.0052,none,0.0005,0.0159
902079,LAWRENCEVILLE HWY @ VALLEY BROOK RD,33.8151,-84.2689,Moderate,Moderate,64.6,57.2,1.0949,0.4704,0.3546,256544.7669,773698.6036,498.4806,0.15,1.2242,44.558,5.4206,908.5731,440.56,1337.9142,0.5151,0.0413,1,280,0,0.0,none,0.0137,0.0316
902080,LAWRENCEVILLE HWY @ ROBINWOOD RD,33.8164,-84.2679,Moderate,Moderate,67.3,59.0,1.2055,0.4366,0.3699,238144.0808,807054.1397,440.6411,0.2289,1.2111,45.8182,10.6976,781.191,355.4876,1367.9876,0.5449,0.0413,1,280,0,0.0,none,0.0672,0.155
902298,LAWRENCEVILLE HWY @ 2505,33.8199,-84.2647,No Infrastructure,No Infrastructure,2.4,4.4,1.128,0.3234,0.3123,176399.0307,681330.9401,390.2546,0.2676,1.3032,46.1722,11.2837,667.4926,216.4956,809.7903,0.6757,0.0413,1,280,1,1.2349,none,0.0176,0.0406
902299,LAWRENCEVILLE HWY @ HARCOURT DR,33.8174,-84.2675,Moderate,Moderate,57.8,48.8,1.1187,0.5024,0.3761,274005.7397,820589.6279,308.7217,0.2065,1.2145,48.362,21.9843,711.4138,351.8501,1209.3417,0.5054,0.0413,1,280,0,0.0,none,0.0251,0.0579
901636,LAWRENCEVILLE @ HARCOURT DR,33.818,-84.2674,Moderate,Moderate,56.3,45.2,1.1,0.5242,0.381,285883.9168,831241.7492,272.0659,0.2151,1.1883,51.3636,7.1402,688.0362,364.1118,1192.7302,0.4708,0.0288,1,273,0,0.0,none,0.0101,0.0391
901637,LAWRENCEVILLE @ ROBINWOOD RD,33.8168,-84.2683,Moderate,Moderate,66.8,58.8,1.1784,0.4248,0.3664,231696.2331,799290.3235,409.827,0.2289,1.2779,45.366,6.5767,754.2967,320.7247,1292.0714,0.5748,0.0288,1,273,0,0.0,none,0.0286,0.1111
901638,LAWRENCEVILLE HWY @ VALLEY BROOK RD,33.8153,-84.2692,Moderate,Moderate,64.7,57.9,1.1538,0.4111,0.3312,224226.7542,722552.0254,557.7745,0.1552,1.2396,43.1653,16.7968,887.9107,394.3175,1276.7022,0.5559,0.0288,1,273,0,0.0,none,0.0215,0.0832
901639,MONTREAL RD @ NOBLE VINES DR,33.8153,-84.2443,Moderate,Moderate,68.7,59.1,1.0827,0.4144,0.2664,226029.2367,581145.3521,317.0358,0.1625,1.234,45.2193,6.0632,3036.8451,1217.2376,2377.1507,0.5992,0.0126,1,274,2,0.8413,none,0.0016,0.0321
901528,MONTREAL RD @ CLARKSTON INDUSTRIAL BLVD,33.8175,-84.2457,No Infrastructure,No Infrastructure,8.4,11.0,1.0843,0.2765,0.2381,150829.7051,519511.5466,331.8774,0.2,1.4092,44.7193,25.6713,2695.4755,923.9165,2007.0228,0.6572,0.0126,1,274,1,0.4983,none,0.0034,0.0674
901529,MONTREAL RD @ JUNEAU CT,33.8189,-84.2474,No Infrastructure,No Infrastructure,0.0,0.0,1.0771,0.2737,0.2139,149287.8031,466690.6004,114.9078,0.2174,1.2261,76.0528,5.0603,1677.2917,480.3185,1556.6164,0.7136,0.0605,1,274,0,0.0,none,0.0263,0.0501
902476,MONTREAL RD @ JUNEAU CT,33.8189,-84.2476,No Infrastructure,No Infrastructure,0.0,0.0,1.0771,0.2737,0.2139,149287.8031,466690.6004,114.9078,0.2174,1.2261,76.0528,12.9373,1656.456,480.3185,1556.6164,0.71,0.0605,1,280,0,0.0,none,0.0263,0.0501
902477,MONTREAL RD @ CLARKSTON INDUSTRIAL BLVD,33.8175,-84.2458,No Infrastructure,No Infrastructure,8.2,10.6,1.0843,0.2765,0.2381,150829.7051,519511.5466,331.8774,0.2,1.4092,44.7193,34.8933,2667.3982,923.9165,2007.0228,0.6536,0.0445,1,280,1,0.4983,none,0.0324,0.0678
902478,MONTREAL RD @ NOBLE VINES DR,33.8152,-84.2445,Moderate,Moderate,68.8,57.9,1.1128,0.392,0.26,213812.3588,567206.8931,334.1596,0.16,1.2169,46.0844,8.5011,3039.9485,1183.3012,2345.4279,0.6107,0.0445,1,280,2,0.8527,none,0.0347,0.0724
901525,E ROCK SPRINGS RD NE @ JOHNSON RD,33.7968,-84.3498,Good,Good,85.0,85.0,1.0751,0.4525,0.5361,246801.6436,1169657.8165,524.8994,0.0273,1.0755,37.1823,11.3895,752.3281,279.4286,1735.3613,0.6286,0.0061,1,266,0,0.0,none,0.0003,0.0078
901835,BRIARCLIFF RD NE @ SHEPHERDS LN NE,33.807,-84.3356,Good,Good,85.0,83.9,1.1474,0.3268,0.3526,178247.9387,769248.3766,663.8499,0.0918,1.0687,34.7288,11.6012,942.7305,285.3951,1332.2055,0.6973,0.0326,2,780,6,4.5038,none,0.0124,0.0322
901836,BRIARCLIFF RD NE @ STEPHENS DR NE,33.8118,-84.3342,Good,Good,85.0,84.7,1.1642,0.2399,0.3084,130860.122,672867.4493,316.9221,0.0588,1.0351,49.7305,17.9706,1036.1639,229.0829,1208.8626,0.7789,0.0418,2,780,1,0.8272,none,0.0145,0.0317
901837,E ROCK SPRINGS RD @ ROCK SPRINGS CR,33.793,-84.3405,Moderate,Moderate,65.0,54.4,1.3174,0.3903,0.3075,212876.0451,670938.1621,209.4257,0.1702,1.1679,64.5563,4.6709,1641.6062,759.3623,1661.0778,0.5374,0.0298,1,266,0,0.0,none,0.0967,0.307
902058,BRIARCLIFF RD @ SHEPHERDS LN,33.8078,-84.3354,Good,Good,85.0,83.9,1.1374,0.3141,0.3228,171294.5574,704259.2009,383.6978,0.1011,1.0677,40.6296,63.12,915.554,271.5197,1202.4716,0.7034,0.0418,2,791,6,4.9897,none,0.0106,0.0232
902218,N DECATUR RD NE @ DOWMAN DR NE,33.7884,-84.3252,Good,Good,85.0,86.6,1.1928,0.5615,0.4546,306259.0414,991687.7697,894.0845,0.164,1.0871,25.2766,5.0658,695.337,433.9125,1340.1561,0.376,0.0043,1,266,2,1.4924,none,0.0008,0.0441
901492,CLIFTON RD NE @ GAMBRELL DR,33.7903,-84.3208,Good,Good,100.0,95.7,1.2289,0.6035,0.512,329155.8507,1116935.9405,1078.0633,0.185,1.0584,24.3321,2.4225,852.1576,553.2694,1636.2115,0.3507,0.0354,2,780,3,1.8335,none,0.0086,0.0207
901560,CLIFTON RD NE @ UPPER GATE DR NE,33.7929,-84.3209,Good,Good,100.0,99.8,1.2672,0.5793,0.5539,315943.3841,1208327.4393,828.8277,0.1345,1.0634,26.7564,9.6093,932.69,571.1475,1817.8677,0.3876,0.0354,2,780,4,2.2004,none,0.0005,0.0013
901561,CLIFTON RD NE @ HAYGOOD DR NE,33.7951,-84.3211,Good,Good,85.0,99.4,1.1917,0.5838,0.5077,318400.5933,1107539.9704,709.3428,0.1422,1.0754,29.6554,5.2477,808.376,511.0523,1744.5428,0.3678,0.0354,2,780,5,2.8661,none,0.001,0.0024
901604,CLIFTON RD NE @ GATEWOOD RD NE,33.7969,-84.3221,Good,Good,85.0,96.8,1.2578,0.3902,0.426,212830.0372,929448.0833,513.916,0.1885,1.1003,32.5265,18.5903,778.7431,295.0768,1427.3598,0.6211,0.0243,2,780,3,2.1018,none,0.0025,0.016
901605,CLIFTON RD NE @ HOUSTON MILL RD NE,33.7982,-84.3233,Good,Good,85.0,92.3,1.4286,0.3515,0.3117,191728.3848,680098.1348,465.1837,0.2336,1.0418,32.2788,13.839,826.0606,277.8229,1015.1203,0.6637,0.0243,2,780,7,6.8957,none,0.0043,0.0276
901494,CLIFTON RD NE @ 1599,33.7993,-84.3245,Good,Good,85.0,91.8,1.6301,0.1521,0.1429,82976.7178,311776.4276,344.2917,0.28,1.3349,52.4752,53.3446,891.1381,159.1467,591.3276,0.8214,0.0354,2,780,8,13.5289,none,0.0013,0.0031
901496,CLIFTON RD NE @ TURNER LN,33.8006,-84.3267,Good,Good,85.0,84.8,1.2429,0.3616,0.2749,197240.956,599818.5794,487.8337,0.1485,1.0921,38.633,11.2004,974.983,374.7799,987.3545,0.6156,0.0354,2,780,2,2.0256,none,0.0144,0.0349
901497,CLIFTON RD NE @ EMORY POINT DR,33.8009,-84.329,Good,Good,83.9,89.1,1.1677,0.2457,0.1951,134012.1081,425611.2008,527.264,0.1711,1.0751,38.5251,2.5571,1022.0847,257.1114,781.8905,0.7484,0.0354,2,780,0,0.0,none,0.0027,0.0065
901606,CLIFTON RD NE @ 1749,33.8012,-84.3306,Good,Good,83.8,88.8,1.1537,0.2694,0.194,146915.9637,423302.0891,378.3668,0.1515,1.0603,46.7821,8.4797,1007.3522,281.9932,830.5702,0.7201,0.0354,2,780,0,0.0,none,0.003,0.0073
902239,CLIFTON RD NE @ OLD BRIARCLIFF WAY,33.8036,-84.3335,Good,Good,85.0,84.1,1.3439,0.3094,0.3045,168737.252,664315.0385,215.1497,0.1224,1.0893,59.8837,7.8726,1104.5921,341.1764,1224.5259,0.6911,0.0354,2,780,2,1.6333,none,0.0343,0.083
902173,CLIFTON RD NE @ BILTMORE DR NE,33.805,-84.3349,Good,Good,85.0,84.6,1.2802,0.3438,0.3196,187513.4106,697366.7795,339.2478,0.0641,1.0741,39.8483,13.7634,1063.0161,367.7968,1242.4579,0.654,0.0326,2,780,5,4.0243,none,0.0276,0.0719
902174,CLIFTON RD NE @ BRIARCLIFF RD NE,33.806,-84.3359,Good,Good,85.0,82.5,1.1394,0.4056,0.3553,221214.0437,775219.2912,572.0587,0.1074,1.0719,32.688,5.8462,961.0073,397.4934,1366.1603,0.5864,0.0326,2,780,6,4.3919,none,0.0121,0.0316
902175,BRIARCLIFF RD NE @ BRIAR VISTA TER NE,33.8093,-84.3343,Good,Good,85.0,81.4,1.0792,0.2576,0.278,140521.6431,606585.7876,482.1939,0.1216,1.0839,40.7589,57.9812,896.2439,205.0103,1013.0214,0.7713,0.0326,2,780,1,0.9871,none,0.0021,0.0055
902283,E ROCK SPRINGS RD NE @ CUMBERLAND RD NE,33.7951,-84.3446,Good,Good,71.7,70.4,1.2142,0.4135,0.4286,225514.8839,935159.3634,154.0619,0.1026,1.0445,75.3485,4.717,1353.1319,566.7674,2158.3862,0.5811,0.0873,1,267,0,0.0,none,0.1175,0.1609
902284,E ROCK SPRINGS RD NE @ MARKAN DR NE,33.7943,-84.3431,Good,Moderate,71.7,68.6,1.1673,0.4586,0.3588,250101.738,782880.5259,229.1483,0.1833,1.1298,68.4291,12.6009,1568.0313,790.802,1975.1649,0.4957,0.0873,1,267,0,0.0,none,0.0791,0.1084
902285,E ROCK SPRINGS RD NE @ ROCK SPRINGS CIR NE,33.793,-84.3405,Moderate,Moderate,65.0,53.3,1.3174,0.3903,0.3075,212876.0451,670938.1621,209.4257,0.1702,1.1679,64.5563,6.6975,1632.5733,759.3623,1661.0778,0.5349,0.0298,1,267,0,0.0,none,0.099,0.3144
902176,E ROCK SPRINGS RD NE @ N DECATUR RD NE,33.7915,-84.339,Good,Good,85.0,83.0,1.2384,0.2728,0.3781,148797.0329,824935.6211,332.4166,0.1321,1.1588,52.8662,9.8572,1287.2546,468.1579,1677.2036,0.6363,0.0298,1,267,0,0.0,none,0.0276,0.0878
902177,N DECATUR RD NE @ BRIARCLIFF RD NE,33.791,-84.3381,Good,Good,85.0,83.2,1.167,0.4849,0.4092,264454.4324,892733.3891,207.4341,0.125,1.2286,67.7473,5.5142,1080.6688,522.7403,1744.1817,0.5163,0.0298,1,267,0,0.0,none,0.0164,0.052
902178,N DECATUR RD NE @ SPRINGDALE RD NE,33.7901,-84.3351,Good,Good,85.0,84.4,1.1449,0.3034,0.4167,165486.8884,909204.9102,406.4873,0.0625,1.0175,39.6504,37.9542,600.4268,178.2554,1181.9775,0.7031,0.0298,1,267,1,0.846,none,0.0078,0.0249
902179,N DECATUR RD NE @ OXFORD RD NE,33.7892,-84.333,Good,Good,85.0,84.4,1.1404,0.2962,0.4306,161547.9124,939496.1817,410.4842,0.04,1.0285,38.9276,3.9377,472.7533,141.0046,1152.2285,0.7017,0.0298,1,267,2,1.7358,completed,0.007,0.0
902287,N DECATUR RD NE @ OAKDALE RD NE,33.7887,-84.332,Good,Good,85.0,84.5,1.2263,0.3536,0.3931,192856.7222,857677.8662,380.4815,0.1319,1.0379,37.6112,2.2038,481.5566,169.3822,937.8784,0.6483,0.0043,1,267,1,1.0662,none,0.0005,0.0289
901724,N DECATUR RD NE @ LULLWATER RD,33.7875,-84.3282,Good,Good,85.0,86.4,1.207,0.3394,0.378,185110.2134,824576.9066,520.9521,0.259,1.1348,27.3909,17.6981,562.5945,195.1845,1014.398,0.6531,0.0043,1,267,0,0.0,none,0.0005,0.0289
901725,N DECATUR RD @ WASH LIVELY CIR,33.792,-84.2835,Good,Good,85.0,82.8,1.256,0.5474,0.53,298560.9102,1156261.2549,749.1004,0.1319,1.1307,33.2452,12.6264,1105.3572,668.9027,2340.1904,0.3949,0.0945,1,267,5,2.1366,none,0.0893,0.116
901796,N DECATUR RD NE @ S OXFORD RD NE,33.7882,-84.3259,Good,Good,85.0,86.0,1.2123,0.5421,0.4494,295669.9138,980340.7882,870.6572,0.1785,1.0964,25.6436,8.3705,667.0657,394.3687,1281.8222,0.4088,0.0043,1,267,2,1.5603,completed,0.0008,0.0
901797,N DECATUR RD NE @ 1641,33.7883,-84.3233,Good,Good,85.0,90.2,1.2761,0.4729,0.426,257906.9745,929352.6486,1032.4106,0.1181,1.0852,25.5863,6.7715,705.4352,360.7289,1303.6566,0.4886,0.0043,1,267,1,0.7671,none,0.0008,0.0482
901726,N DECATUR RD NE @ HEALTHGATE DR,33.7902,-84.3178,Good,Good,85.0,93.8,1.387,0.6051,0.4533,330037.671,988960.0357,505.257,0.1481,1.3577,43.8231,27.1713,721.8351,398.1601,1214.3628,0.4484,0.0043,1,525,0,0.0,none,0.0006,0.0327
901727,N DECATUR RD NE @ RIDGEWOOD DR NE,33.7913,-84.3162,Good,Good,85.0,84.8,1.2479,0.7246,0.4368,395185.3073,953027.7123,609.3783,0.1692,1.2783,36.2978,17.3811,639.6604,464.3353,1168.0897,0.2741,0.0043,1,525,1,0.8561,none,0.001,0.0557
901728,N DECATUR RD NE @ PRINCETON WAY,33.7921,-84.312,Good,Good,85.0,87.9,1.1199,0.3879,0.385,211560.5795,839876.5603,612.6846,0.0635,1.3167,53.4821,6.4679,574.5831,198.6593,1097.4701,0.6543,0.0243,1,525,0,0.0,none,0.0018,0.0116
901729,N DECATUR RD @ HAYGOOD DR,33.7921,-84.3147,Good,Good,85.0,90.1,1.1621,0.5224,0.4154,284940.793,906162.6794,496.8275,0.1912,1.2272,39.4453,1.9524,556.1155,307.6597,1096.1012,0.4468,0.0354,1,513,1,0.9123,none,0.0067,0.0162
901840,N DECATUR RD NE @ RIDGEWOOD DR,33.7912,-84.3165,Good,Good,85.0,82.3,1.2434,0.7137,0.4405,389272.1046,961092.2616,632.2751,0.1667,1.2874,35.8211,3.7998,655.0362,459.6294,1183.18,0.2983,0.0354,1,513,1,0.8452,none,0.0267,0.0646
901842,N DECATUR RD NE @ HEALTHGATE DR,33.7898,-84.3186,Good,Good,85.0,92.2,1.5414,0.3963,0.3947,216145.5467,861169.1769,612.1613,0.2105,1.3391,37.2388,16.8555,747.0913,255.8256,1114.2591,0.6576,0.0043,1,513,0,0.0,none,0.0006,0.0361
901843,N DECATUR RD @ 1660,33.7883,-84.3236,Good,Good,85.0,90.5,1.2673,0.5105,0.4333,278418.279,945208.3705,1024.3402,0.1348,1.0997,24.812,14.2806,712.0418,401.9614,1316.4712,0.4355,0.0043,1,266,1,0.7596,none,0.0008,0.0458
901730,N DECATUR RD @ LULLWATER RD,33.7875,-84.3288,Good,Good,85.0,85.9,1.1652,0.3086,0.3565,168305.9686,777802.2259,629.8916,0.2238,1.1301,23.2415,11.0009,543.9838,161.6884,920.8242,0.7028,0.0043,1,266,0,0.0,none,0.0003,0.0151
901572,N DECATUR RD NE @ OAKDALE RD,33.7886,-84.3317,Good,Good,85.0,83.8,1.2398,0.3142,0.4073,171389.1919,888555.922,394.5424,0.1304,1.0468,39.1527,2.9589,486.6562,151.4367,980.224,0.6888,0.0043,1,266,1,1.0202,none,0.0006,0.036
901573,N DECATUR RD @ OXFORD RD,33.7892,-84.3327,Good,Good,85.0,84.6,1.1445,0.3074,0.4316,167652.0909,941560.3424,451.5627,0.0256,1.0361,37.8478,6.0336,473.6412,146.4492,1147.9849,0.6908,0.0043,1,266,2,1.7422,completed,0.0004,0.0
901619,N DECATUR RD @ SPRINGDALE RD,33.79,-84.3342,Good,Good,85.0,84.5,1.1668,0.2618,0.4048,142763.2752,883220.6818,482.1659,0.04,1.0186,38.1419,11.3091,505.1878,135.4245,1144.3125,0.7319,0.0298,1,266,1,0.8739,none,0.0095,0.0301
901620,N DECATUR RD NE @ BRIARCLIFF RD NE,33.791,-84.3379,Good,Good,85.0,84.8,1.1582,0.4849,0.4084,264454.4324,891089.2749,207.4341,0.125,1.2286,67.7473,9.3146,1051.3603,522.7403,1737.7616,0.5028,0.0298,1,266,0,0.0,none,0.0131,0.0416
901509,N DECATUR RD @ E ROCK SPRINGS RD,33.7914,-84.3389,Good,Good,85.0,82.8,1.2384,0.2728,0.3781,148797.0329,824935.6211,332.4166,0.1321,1.1588,52.8662,7.2892,1258.1973,468.1579,1677.2036,0.6279,0.0298,1,266,0,0.0,none,0.028,0.0888
901511,E ROCK SPRINGS RD @ MARKAN DR,33.7941,-84.3426,Good,Good,71.7,70.8,1.1673,0.4586,0.3588,250101.738,782880.5259,229.1483,0.1833,1.1298,68.4291,31.839,1605.4511,790.802,1975.1649,0.5074,0.0298,1,266,0,0.0,none,0.0317,0.1008
901512,E ROCK SPRINGS RD @ BEECH VALLEY WY,33.7953,-84.3447,Good,Moderate,71.7,68.3,1.202,0.4316,0.4274,235419.5832,932451.6184,147.8107,0.0909,1.1235,81.353,20.2334,1325.4128,589.1879,2153.74,0.5555,0.0873,1,266,0,0.0,none,0.1156,0.1583
902013,BRIARCLIFF RD NE @ BRIAR VISTA TER NE,33.8105,-84.335,Good,Good,85.0,85.0,1.1198,0.3186,0.3123,173756.0216,681426.3936,315.8792,0.1216,1.0711,41.5401,4.231,824.2155,235.5994,1193.079,0.7142,0.0418,2,791,1,0.8382,none,0.0076,0.0167
901946,CLIFTON RD @ BRIARCLIFF RD,33.8056,-84.3358,Good,Good,85.0,79.8,1.1993,0.3822,0.3439,208450.544,750269.5237,556.7674,0.0902,1.0395,32.9524,21.7992,989.284,375.4818,1335.5202,0.6205,0.0326,2,791,6,4.4926,none,0.0268,0.0698
901947,CLIFTON RD @ OLD BRIARCLIFF WAY,33.8034,-84.3336,Good,Good,85.0,84.0,1.3471,0.3623,0.3009,197619.7076,656426.9934,200.4756,0.1364,1.0684,56.7412,16.4368,1100.7215,401.8998,1214.1657,0.6349,0.0354,2,791,2,1.6472,none,0.0341,0.0824
600025,CLIFTON RD @ 1762,33.8014,-84.3313,Good,Good,85.0,88.2,1.1537,0.2694,0.194,146915.9637,423302.0891,378.3668,0.1515,1.0603,46.7821,67.0433,993.2396,281.9932,830.5702,0.7161,0.0354,2,791,0,0.0,none,0.0032,0.0077
901949,CLIFTON RD @ CDC PKWY,33.8006,-84.3288,Good,Good,83.5,88.4,1.2603,0.2271,0.1852,123876.8052,404089.8815,513.6007,0.1739,1.0846,37.8639,26.3977,1026.2434,237.6662,756.8326,0.7684,0.0354,2,791,0,0.0,none,0.0047,0.0114
600026,CLIFTON RD @ CLIFTON WAY,33.8006,-84.327,Good,Good,85.0,88.2,1.2435,0.3681,0.2774,200772.1144,605161.0425,477.2776,0.1574,1.0895,38.6969,8.7472,988.1756,381.8456,997.9076,0.6136,0.0354,2,791,2,2.0042,none,0.0117,0.0283
902015,CLIFTON RD NE @ 1615,33.7998,-84.3256,Good,Good,85.0,91.8,1.2862,0.3548,0.284,193508.1751,619514.5798,399.9599,0.1649,1.0738,37.9052,6.3098,944.8437,348.9321,974.1289,0.6307,0.0354,2,791,3,3.0797,none,0.0089,0.0216
600027,CLIFTON RD @ HOUSTON MILL RD,33.7986,-84.3238,Good,Good,85.0,88.0,1.2098,0.5186,0.3643,282836.8712,794789.1822,407.8527,0.2215,1.0612,35.5941,1.6194,852.7215,426.9917,1218.5439,0.4993,0.0354,2,791,8,6.5652,none,0.0161,0.0391
902059,CLIFTON RD @ GATEWOOD RD,33.7972,-84.3224,Good,Good,85.0,94.2,1.2548,0.4289,0.4267,233940.1008,930938.1737,503.7315,0.189,1.0946,32.8262,9.4185,792.1094,344.9516,1440.7233,0.5645,0.0354,2,791,8,5.5528,none,0.012,0.0291
901950,CLIFTON RD @ EAGLE ROW,33.7947,-84.3212,Good,Good,85.0,98.6,1.22,0.549,0.4995,299410.9819,1089714.3964,779.1035,0.1532,1.0866,28.8989,9.4709,842.8846,481.9787,1705.0222,0.4282,0.0354,2,791,8,4.692,none,0.0028,0.0067
901952,CLIFTON RD @ WOODRUFF CIR,33.7934,-84.3211,Good,Good,100.0,99.3,1.269,0.5393,0.5455,294153.3399,1190138.3598,798.2906,0.1347,1.0723,27.2343,13.5298,920.8355,527.122,1852.9555,0.4276,0.0354,2,791,5,2.6984,none,0.0018,0.0045
901953,CLIFTON RD @ FISHBURNE DR,33.7906,-84.3211,Good,Good,100.0,98.9,1.2493,0.5942,0.5106,324080.5568,1113910.4554,1051.472,0.1895,1.0542,24.3887,8.0025,885.5768,563.6805,1654.7269,0.3635,0.0354,2,791,3,1.813,none,0.0024,0.0059
902061,N DECATUR RD NE @ HAYGOOD DR NE,33.792,-84.3143,Good,Good,85.0,91.1,1.1581,0.6148,0.4146,335326.0327,904580.7703,508.0405,0.194,1.2304,39.4838,9.0951,546.9881,335.5984,1093.8791,0.3865,0.0043,1,525,1,0.9142,none,0.0002,0.0137
901813,CHURCH ST @ GLENLAKE COMMONS DR,33.7857,-84.2917,Good,Good,85.0,83.0,1.1361,0.3633,0.3624,198169.3849,790733.524,325.3283,0.0854,1.1084,43.6647,18.0108,1041.5894,369.1587,1537.3874,0.6456,0.0289,2,547,0,0.0,none,0.0092,0.0321
901853,CHURCH ST @ FORKNER DR,33.7866,-84.2902,Good,Moderate,74.2,68.2,1.0972,0.462,0.4125,251955.7092,899921.9775,282.7289,0.1263,1.1147,44.9533,6.0721,1093.2594,507.6703,1803.8019,0.5356,0.0289,2,547,0,0.0,none,0.0086,0.0302
901854,WINN WAY @ 455,33.7876,-84.2792,Moderate,Moderate,57.1,53.9,1.2923,0.3881,0.3391,211659.0076,739819.7167,524.134,0.117,1.2006,45.575,19.2749,679.3537,279.8029,1095.2784,0.5881,0.0945,1,149,0,0.0,none,0.1336,0.1736
901855,CHURCH ST @ 1391,33.7881,-84.289,Good,Moderate,72.1,62.0,1.2097,0.4004,0.418,218366.7515,911950.6459,458.938,0.1869,1.1831,36.5683,7.9862,1098.0207,434.1192,1767.7337,0.6046,0.0301,2,547,1,0.5657,none,0.057,0.1763
901856,CHURCH ST @ 1429,33.7892,-84.2879,Good,Good,85.0,80.2,1.2206,0.3774,0.4406,205814.9086,961298.9175,618.9107,0.1452,1.0958,33.7245,6.9703,1060.2143,394.591,1814.0385,0.6278,0.0945,2,547,1,0.5513,none,0.0763,0.0991
901745,CHURCH ST @ 1471,33.7903,-84.2866,Good,Good,78.3,72.5,1.2645,0.4685,0.4966,255536.2259,1083460.8127,695.6114,0.1347,1.1357,34.0209,14.583,981.116,442.0496,2101.0949,0.5494,0.0945,2,547,1,0.4759,none,0.1446,0.1879
901746,CHURCH ST @ SYCAMORE DR,33.791,-84.2859,Good,Good,85.0,79.3,1.2763,0.5542,0.5114,302256.5244,1115605.1482,679.8054,0.1429,1.1425,34.0845,12.1889,954.9574,525.5527,2122.9803,0.4497,0.0945,2,547,3,1.4131,none,0.1148,0.1492
901747,N DECATUR RD @ WINN WAY,33.7925,-84.2815,Good,Good,85.0,84.2,1.2274,0.5457,0.4899,297646.6265,1068890.1103,605.8897,0.1156,1.1374,38.8327,5.3659,1337.7196,713.4078,2024.5259,0.4667,0.0945,1,267,3,1.4818,none,0.0686,0.0892
901748,N DECATUR RD @ 2787,33.7932,-84.2791,Good,Good,71.7,71.4,1.2942,0.463,0.4449,252545.2814,970567.5388,500.0162,0.1316,1.1395,42.6748,13.9017,1469.2679,628.5211,1899.4437,0.5722,0.0207,1,267,1,0.5265,none,0.0277,0.2026
901858,DEKALB INDUSTRIAL WAY @ 685,33.7971,-84.2791,Moderate,Moderate,54.1,48.3,1.2767,0.4657,0.4207,253989.9894,917890.9726,473.1887,0.2164,1.0657,34.8367,21.9155,1673.9053,829.3303,2048.4132,0.5046,0.0207,1,149,1,0.4882,none,0.05,0.3662
901859,DEKALB INDUSTRIAL WAY @ 751,33.7986,-84.2799,Moderate,Moderate,65.1,57.8,1.231,0.5165,0.4125,281717.8063,899948.6209,609.2378,0.1657,1.0875,35.486,5.8047,1296.4378,764.2066,1838.9641,0.4105,0.0207,1,149,1,0.5438,none,0.0307,0.2248
901860,DEKALB INDUSTRIAL WAY @ LAWRENCEVILLE HWY,33.8001,-84.2806,Moderate,Moderate,62.5,56.0,1.1133,0.4768,0.4616,260033.5588,1006983.1581,656.3556,0.1938,1.1192,35.2276,10.1161,961.4825,605.5169,1819.0893,0.3702,0.0207,2,429,1,0.5497,none,0.0092,0.0673
901750,LAWRENCEVILLE HWY @ JORDAN LN,33.8016,-84.2795,Poor,Moderate,31.8,47.0,1.1403,0.4075,0.4031,222274.9124,879353.1423,564.8954,0.2015,1.1549,32.8803,20.3557,693.8323,361.117,1343.4364,0.4795,0.0207,2,429,1,0.7444,none,0.0131,0.0963
903671,NORTH DEKALB MALL,33.81,-84.2774,Poor,Poor,19.3,29.1,1.3622,0.4525,0.3143,246805.5361,685682.6261,946.1925,0.1389,1.084,30.37,7.3925,515.5822,230.024,755.9047,0.5539,0.0288,1,292,0,0.0,none,0.0226,0.0875
903672,DRUID WOODS CT @ N DRUID HILLS RD,33.8114,-84.2794,No Infrastructure,No Infrastructure,2.1,5.2,1.2211,0.3808,0.3847,207682.7255,839381.8229,533.7707,0.121,1.0967,34.416,14.6325,535.582,199.3212,878.1609,0.6278,0.0288,1,149,0,0.0,none,0.0351,0.1362
903958,CLAIREMONT AVE @ MAEDIRIS DR,33.7869,-84.3066,Good,Good,100.0,89.0,1.3026,0.436,0.3571,237826.8278,779154.7666,516.2627,0.2081,1.1294,35.0415,18.167,1035.9128,492.3146,1500.8249,0.5248,0.1035,2,798,0,0.0,none,0.0573,0.0679
903959,CLAIREMONT AVE @ CLAIRMONT RUN,33.7888,-84.307,Good,Good,85.0,90.0,1.2501,0.4545,0.3953,247914.0359,862382.1305,774.6881,0.1534,1.1104,32.6478,8.4602,1030.481,551.2301,1722.8894,0.4651,0.1403,2,798,5,2.9021,none,0.0515,0.0558
903960,CLAIRMONT RD @ N DECATUR RD,33.7906,-84.3065,Good,Good,85.0,84.3,1.1704,0.5289,0.408,288466.2578,890053.0997,675.6292,0.1212,1.1146,35.4375,6.58,1105.6174,628.0027,1734.5881,0.432,0.1403,1,273,7,4.0355,none,0.0464,0.0503
903961,CLAIRMONT RD @ POWELL LN,33.792,-84.3059,Good,Good,85.0,84.7,1.6479,0.3402,0.2848,185554.7893,621266.6232,847.4043,0.0684,1.0632,35.2171,21.4164,1215.1376,462.4965,1468.9669,0.6194,0.1403,1,273,5,3.4038,none,0.0988,0.1071
903996,CLAIRMONT RD @ LADSON CT,33.7935,-84.3056,Good,Good,85.0,84.8,1.4695,0.1412,0.1876,77029.074,409278.24,902.2981,0.2045,1.1522,37.1661,51.9401,1377.0173,194.9644,978.28,0.8584,0.1403,1,273,2,2.0444,none,0.0448,0.0485
903998,CLAIRMONT RD @ STARVINE WAY,33.7983,-84.3071,Good,Good,85.0,84.9,1.2253,0.3525,0.3356,192267.5126,732254.3355,456.8961,0.2222,1.0965,35.1629,22.0745,1850.8507,815.763,2095.6192,0.5592,0.0243,1,273,3,1.4316,none,0.0132,0.0854
903992,CLAIRMONT RD @ BUTLER LN,33.805,-84.3108,Good,Good,85.0,84.9,1.2078,0.4075,0.342,222272.1315,746096.2729,582.2817,0.1544,1.1058,34.505,12.4626,1024.4884,438.806,1400.5011,0.5717,0.0106,1,273,1,0.714,none,0.0024,0.0587
903993,CLAIRMONT RD @ MASON MILL RD,33.8067,-84.3105,Good,Good,85.0,84.9,1.1771,0.4079,0.4026,222493.9647,878431.8166,547.6709,0.1301,1.1163,34.037,12.6707,856.2057,342.3861,1356.8343,0.6001,0.0106,1,273,1,0.737,none,0.0018,0.0426
903994,CLAIRMONT RD @ MCCONNELL DR,33.8098,-84.3092,Good,Good,85.0,82.6,1.1888,0.5496,0.4211,299762.8679,918670.2838,728.9677,0.1667,1.1357,31.7177,4.8648,600.1308,337.9816,1158.3058,0.4368,0.0106,1,273,0,0.0,none,0.0018,0.0437
903568,N DECATUR RD NE @ PRINCETON WAY,33.7913,-84.3103,Good,Good,85.0,84.2,1.109,0.3068,0.3382,167353.2943,737783.7327,445.62,0.0192,1.1696,52.0417,6.3327,702.1369,197.8193,1102.0506,0.7183,0.0043,1,525,0,0.0,none,0.0002,0.0117
903499,N DECATUR RD @ CLAIRMONT RD,33.7903,-84.3068,Good,Good,85.0,84.7,1.1415,0.5348,0.4424,291677.7569,965095.7128,657.5247,0.1244,1.1176,35.7768,16.5501,1065.2931,629.3998,1863.8359,0.4092,0.1403,1,525,7,3.7557,none,0.033,0.0358
905436,N DECATUR RD @ CLAIRMONT RD,33.7906,-84.3071,Good,Good,85.0,84.3,1.2239,0.4057,0.4212,221260.3457,918991.4532,728.0485,0.1166,1.0866,34.1075,23.0647,1039.7193,467.8816,1691.0394,0.55,0.1403,1,513,7,4.1395,none,0.0702,0.0761
905437,N DECATUR RD @ PRINCETON WAY,33.7914,-84.3102,Good,Good,85.0,83.2,1.115,0.3092,0.3403,168629.7463,742510.515,444.4423,0.0192,1.1697,52.1033,3.8329,722.427,200.9733,1118.4402,0.7218,0.0043,1,513,0,0.0,none,0.0003,0.0155
905553,N DECATUR RD @ PRINCETON WAY,33.7921,-84.3118,Good,Good,85.0,88.5,1.1199,0.3879,0.385,211560.5795,839876.5603,612.6846,0.0635,1.3167,53.4821,17.2922,600.587,198.6593,1097.4701,0.6692,0.0243,1,513,0,0.0,none,0.0017,0.011
905554,WINN WAY @ 440,33.7865,-84.2794,Moderate,Moderate,56.9,50.0,1.2629,0.3196,0.2921,174337.8357,637188.7776,514.5448,0.137,1.2273,45.8466,9.5018,743.8794,241.2987,866.3156,0.6756,0.0945,1,149,0,0.0,none,0.0636,0.0826
905555,WINN WAY @ IRVIN WAY,33.7888,-84.2794,Moderate,Moderate,62.3,58.0,1.3192,0.4559,0.3608,248667.8579,787214.1866,456.2401,0.1038,1.143,49.5717,6.733,677.7193,322.6371,1289.681,0.5239,0.0945,1,149,0,0.0,none,0.175,0.2273
905556,WINN WAY @ IRVIN WAY,33.7889,-84.2794,Moderate,Moderate,63.1,62.0,1.3205,0.4703,0.3821,256536.0408,833684.1276,434.8467,0.1028,1.1366,51.1483,13.6774,675.0223,326.2397,1355.4018,0.5167,0.0945,1,149,0,0.0,none,0.1707,0.2217
905561,WINN WAY @ BILL THRASHER DR,33.7898,-84.2798,Moderate,Moderate,65.0,63.8,1.3354,0.5425,0.3887,295888.9503,847974.2905,419.1334,0.1016,1.1343,46.6909,10.2639,783.1513,438.2326,1510.994,0.4404,0.0945,1,149,0,0.0,none,0.1849,0.2402
905669,WINN WAY @ BILL THRASHER DR,33.79,-84.28,Moderate,Moderate,65.0,61.8,1.3404,0.5368,0.3918,292782.6339,854843.7586,435.2214,0.0938,1.1336,46.6808,6.0426,825.8563,437.5401,1530.676,0.4702,0.0945,1,149,0,0.0,none,0.1983,0.2576
905671,WINN WAY @ RUFUS EVANS DR,33.7915,-84.2806,Good,Good,85.0,84.7,1.2416,0.5267,0.4572,287256.02,997422.6701,616.0039,0.119,1.1177,37.6465,29.6129,1210.7693,582.1541,1875.1155,0.5192,0.0945,1,149,0,0.0,none,0.0674,0.0876
905741,RUFUS EVANS DR @ SYCAMORE DR,33.7906,-84.2852,Good,Good,85.0,84.0,1.2289,0.5872,0.5073,320277.9725,1106766.011,697.7238,0.126,1.1272,33.3571,5.165,967.786,544.067,2117.3238,0.4378,0.0945,1,149,2,0.9446,none,0.0717,0.0932
905675,N DECATUR RD @ 2806,33.7938,-84.2782,Good,Moderate,71.7,64.8,1.3277,0.4441,0.4242,242198.991,925356.6957,509.291,0.1667,1.1486,40.3428,13.3227,1439.1666,587.0204,1923.7559,0.5921,0.0207,1,266,5,2.5991,none,0.0374,0.274
905789,CHURCH ST @ SYCAMORE DR,33.7905,-84.2868,Good,Good,85.0,83.8,1.2645,0.4685,0.4966,255536.2259,1083460.8127,695.6114,0.1347,1.1357,34.0209,13.8765,972.7943,442.0496,2101.0949,0.5456,0.0301,2,539,1,0.4759,none,0.0358,0.1107
905790,CHURCH ST @ 1438,33.7896,-84.2877,Good,Good,85.0,85.0,1.2237,0.4049,0.4491,220815.266,979676.3923,633.3258,0.1197,1.0834,33.7374,5.0439,1035.9139,409.7868,1824.7847,0.6044,0.0301,2,539,1,0.548,none,0.0249,0.0769
905791,CHURCH ST @ 1380,33.7882,-84.2892,Good,Moderate,72.4,66.6,1.2025,0.4022,0.4185,219345.6045,913042.9956,458.938,0.1869,1.1831,36.5683,8.8636,1096.9769,436.2719,1767.0551,0.6023,0.0301,2,539,1,0.5659,none,0.0474,0.1466
905984,CHURCH ST @ MEDLOCK RD,33.7871,-84.29,Good,Moderate,73.6,68.4,1.1299,0.4238,0.4251,231134.5273,927339.3637,340.3316,0.1596,1.1419,42.3421,15.028,1095.6631,471.5186,1846.8084,0.5697,0.0448,2,539,0,0.0,planned,0.0312,0.0
905985,CHURCH ST @ GLENLAKE COMMONS DR,33.7858,-84.2918,Good,Good,85.0,84.0,1.1297,0.3633,0.365,198169.3849,796285.0369,320.9906,0.0864,1.109,43.7427,15.9119,1039.2979,369.1587,1548.6303,0.6448,0.0289,2,539,0,0.0,none,0.0081,0.0283
905986,CLAIREMONT AVE @ MAEDIRIS DR,33.7865,-84.306,Good,Good,100.0,89.8,1.2915,0.4389,0.3942,239401.5314,859906.9945,466.5583,0.2126,1.1041,39.6928,25.1451,1051.5946,464.4691,1601.0365,0.5583,0.0289,2,787,0,0.0,none,0.0182,0.0636
905912,CLAIREMONT AVE @ CLAIRMONT RUN,33.7881,-84.3068,Good,Good,85.0,90.6,1.2787,0.4154,0.3882,226587.308,846841.2285,729.9565,0.1585,1.1331,32.8983,9.2237,1042.1294,497.7784,1657.8137,0.5223,0.1403,2,787,1,0.6032,none,0.0529,0.0574
905913,CLAIRMONT RD @ N DECATUR RD,33.7895,-84.3066,Good,Good,85.0,87.4,1.2847,0.433,0.3973,236153.2536,866844.7818,790.0549,0.1294,1.1169,33.231,19.5785,1068.3557,519.1634,1716.9076,0.5141,0.1403,2,787,5,2.9122,none,0.0741,0.0804
905914,CLAIRMONT RD @ POWELL LN,33.7914,-84.3059,Good,Good,85.0,84.4,1.2106,0.4862,0.3735,265168.8476,814959.4616,720.3622,0.108,1.0913,34.6137,2.1849,1186.5938,618.8544,1679.2604,0.4785,0.1403,1,274,7,4.1685,none,0.0648,0.0702
905915,CLAIRMONT RD @ LADSON CT,33.7925,-84.3056,Good,Good,85.0,84.3,1.2313,0.4114,0.3317,224399.8236,723734.0808,900.2157,0.1032,1.0752,35.0123,13.638,1276.0817,558.4801,1640.7992,0.5623,0.1403,1,274,2,1.2189,none,0.0708,0.0768
906030,CLAIRMONT RD @ DESMOND DR,33.7972,-84.3057,Good,Good,78.3,78.2,1.2578,0.3333,0.3781,181808.3421,824981.0035,293.8675,0.098,1.0521,53.9603,24.2667,1689.28,637.5449,2244.7814,0.6226,0.1403,1,274,0,0.0,none,0.1353,0.1467
906031,CLAIRMONT RD @ STARVINE WAY,33.7986,-84.3071,Good,Good,85.0,81.7,1.1266,0.3917,0.3227,213659.4255,704064.4767,490.7609,0.2149,1.0954,38.1748,6.5362,1804.5896,944.3696,2089.8154,0.4767,0.0243,1,274,3,1.4355,none,0.0058,0.0376
906032,CLAIRMONT RD @ BUTLER LN,33.8052,-84.3105,Good,Good,85.0,84.3,1.2204,0.3843,0.3563,209626.1348,777262.5739,558.3397,0.1452,1.1037,33.1473,13.3269,992.4093,397.0494,1413.1154,0.5999,0.0106,1,274,0,0.0,none,0.0027,0.0656
905917,CLAIRMONT RD @ MCCONNELL DR,33.8096,-84.3091,Good,Good,85.0,83.5,1.2128,0.5467,0.4142,298200.9463,903642.221,736.2946,0.1721,1.1379,32.3932,4.6904,608.1679,341.3652,1141.9679,0.4387,0.0099,1,274,0,0.0,none,0.0016,0.0482
905918,CLAIRMONT RD @ WILLIAMSBURG DR,33.8109,-84.3086,Good,Good,85.0,84.6,1.1868,0.5386,0.4313,293742.3344,940908.9068,794.9783,0.1384,1.1513,31.7602,15.073,581.5885,320.8799,1116.227,0.4483,0.0099,1,274,0,0.0,none,0.0012,0.0346
905919,N DRUID HILLS RD @ CLAIRMONT RD,33.8133,-84.3085,Good,Good,85.0,84.1,1.1463,0.5407,0.433,294887.0946,944747.2531,834.4226,0.1089,1.1225,30.2127,10.8087,622.5066,342.829,1115.5474,0.4493,0.0053,1,274,1,0.8964,none,0.0007,0.0231
903579,CLAIRMONT RD @ CLAIRMONT LK,33.8014,-84.3095,Good,Good,85.0,83.7,1.1878,0.3848,0.2808,209867.6339,612710.6564,527.9552,0.1575,1.0816,31.3241,22.4035,1472.0219,562.4484,1798.5613,0.6179,0.0106,1,274,0,0.0,none,0.0026,0.0631
903580,DEKALB INDUSTRIAL WAY @ MILSCOTT DR,33.7962,-84.2781,Moderate,Moderate,59.6,56.3,1.2184,0.4757,0.4533,259466.5633,988873.1125,385.5104,0.1754,1.1863,40.2877,16.0637,1661.6982,830.9886,2280.7268,0.4999,0.0207,1,149,1,0.4385,none,0.0334,0.2447
903697,N DECATUR RD @ WINN WAY,33.7929,-84.2807,Good,Good,78.3,72.4,1.2832,0.4317,0.4471,235434.9481,975357.0331,592.4294,0.145,1.1071,38.1038,22.2829,1474.5883,591.393,1925.5887,0.5989,0.0207,1,266,0,0.0,none,0.0262,0.1917
903698,CHURCH ST @ N DECATUR RD,33.7927,-84.2848,Good,Good,85.0,74.0,1.251,0.5939,0.5402,323944.0704,1178558.2574,812.9268,0.1225,1.1272,32.823,20.8098,1051.9382,647.7643,2436.9324,0.3842,0.0207,1,280,4,1.6414,none,0.0239,0.1751
903699,CHURCH ST @ WILLOW LN,33.785,-84.2929,Good,Good,85.0,83.9,1.1459,0.4321,0.4271,235666.9619,931821.5723,324.138,0.0972,1.1092,49.0541,12.8263,983.3929,415.2713,1779.7865,0.5777,0.0289,2,539,0,0.0,none,0.0113,0.0394
903700,CLAIRMONT RD @ N WILLIAMSBURG DR,33.8112,-84.3087,Good,Good,85.0,84.6,1.4099,0.352,0.3383,191971.5295,738101.9087,987.4094,0.1484,1.0888,26.5327,11.1079,583.1471,208.7635,874.3887,0.642,0.0106,1,273,0,0.0,none,0.0014,0.0338
903581,VA HOSPITAL,33.8021,-84.3109,Good,Good,85.0,78.8,1.2041,0.3975,0.2755,216793.8433,601138.3096,598.9516,0.1765,1.1224,32.4282,7.0099,1266.6084,503.9533,1574.4015,0.6021,0.0106,1,547,1,0.6352,none,0.0037,0.0886
903582,CLAIRMONT RD @ CLAIRMONT LAKE,33.8012,-84.3096,Good,Good,85.0,84.6,1.1878,0.3848,0.2808,209867.6339,612710.6564,527.9552,0.1575,1.0816,31.3241,22.3966,1489.7431,562.4484,1798.5613,0.6225,0.0106,1,273,0,0.0,none,0.0025,0.0596
903702,CLAIRMONT RD @ SOUTHERN LN,33.8035,-84.3108,Good,Good,85.0,84.1,1.1237,0.4175,0.3084,227701.569,672925.3576,746.4116,0.1742,1.1391,31.5016,7.8822,1193.449,475.2008,1494.2414,0.6018,0.0106,1,273,1,0.6692,none,0.0011,0.0254
903703,CLAIRMONT RD @ BUTLER LN,33.8063,-84.3104,Good,Good,85.0,84.2,1.2078,0.3545,0.3974,193331.9962,866976.3619,501.4573,0.1376,1.1212,37.6043,8.7079,894.0766,316.7395,1397.0926,0.6457,0.0106,1,274,1,0.7158,none,0.0026,0.0612
903793,N DRUID HILLS RD @ ORION DR,33.8077,-84.2684,No Infrastructure,Poor,6.6,17.0,1.1539,0.2157,0.2491,117621.527,543486.7974,236.0922,0.1724,1.0481,60.912,4.7396,1088.1491,310.2465,951.9824,0.7149,0.0413,1,143,0,0.0,none,0.0365,0.0842
903794,VALLEY BROOK RD @ 908,33.8053,-84.2678,No Infrastructure,No Infrastructure,0.0,0.0,1.144,0.2772,0.2585,151175.1645,563960.9576,148.7367,0.0741,1.0334,65.8309,17.6266,913.4848,319.4669,1154.8514,0.6503,0.0207,1,143,0,0.0,none,0.0205,0.1502
903795,VALLEY BROOK RD @ HOLLYWOOD DR,33.8044,-84.2675,No Infrastructure,No Infrastructure,0.0,0.0,1.2218,0.2891,0.3149,157690.7907,687082.4156,117.609,0.04,1.0308,72.3316,8.678,893.0813,304.75,1427.9469,0.6588,0.0207,1,143,0,0.0,none,0.058,0.4249
903796,VALLEY BROOK RD @ VISTA BROOK DR,33.8024,-84.2669,No Infrastructure,No Infrastructure,0.0,0.0,1.1799,0.2788,0.3172,152046.786,692017.4428,100.8669,0.1765,1.0245,106.3559,5.6199,854.7813,302.0687,1199.8318,0.6466,0.0207,1,143,0,0.0,none,0.033,0.2416
903882,VALLEY BROOK RD @ FANTASY LN,33.8008,-84.2663,No Infrastructure,No Infrastructure,0.0,0.0,1.1505,0.2978,0.2769,162447.893,604067.8333,133.3908,0.2381,1.0303,85.2476,5.2829,832.8651,269.9238,933.4728,0.6759,0.0207,1,143,0,0.0,none,0.0127,0.0931
903883,VALLEY BROOK RD @ WESTBURY DR,33.7985,-84.2656,No Infrastructure,No Infrastructure,1.8,4.9,1.2113,0.3883,0.25,211792.2216,545487.9388,208.9858,0.2647,1.0939,64.1887,4.2185,786.48,305.196,710.9664,0.6119,0.0207,1,143,0,0.0,none,0.0078,0.0568
903884,VALLEY BROOK RD @ CEDAR BROOK DR,33.7969,-84.2638,Moderate,Moderate,65.4,54.3,1.2822,0.3313,0.3541,180695.3315,772628.6489,293.164,0.1967,1.0904,49.0834,1.6752,821.3994,300.4331,911.4475,0.6342,0.0413,1,143,1,1.0972,none,0.0435,0.1004
903885,VALLEY BROOK RD @ E PONCE DE LEON AVE,33.7954,-84.2631,Moderate,Moderate,68.9,59.2,1.2662,0.3198,0.383,174421.2683,835586.4915,356.8036,0.1667,1.0783,37.5458,12.1162,709.3551,236.4932,963.8542,0.6666,0.0413,1,143,2,2.075,none,0.0424,0.0979
903827,E PONCE DE LEON AVE @ LAREDO DR,33.7852,-84.269,Moderate,Poor,45.6,32.8,1.4694,0.2763,0.2718,150711.1584,592954.0015,440.912,0.1346,1.1471,52.2459,28.2767,330.1652,91.3634,372.4387,0.7233,0.0945,1,287,1,2.685,none,0.004,0.0052
903828,E PONCE DE LEON AVE @ PATTERSON AVE,33.7857,-84.266,No Infrastructure,No Infrastructure,1.9,5.1,1.3151,0.2266,0.319,123570.293,695858.2809,225.6011,0.2121,1.1388,54.792,17.4812,374.4546,75.1445,456.9591,0.7993,0.0945,1,287,0,0.0,none,0.0136,0.0177
903829,E PONCE DE LEON AVE @ EXCHANGE AVE,33.7909,-84.2648,No Infrastructure,No Infrastructure,3.3,6.3,1.2361,0.3645,0.4004,198821.0366,873620.1346,250.3021,0.1404,1.0475,50.0491,60.883,390.988,142.7489,754.473,0.6349,0.0945,1,287,0,0.0,none,0.0617,0.0802
904009,N DRUID HILLS RD @ LAWRENCEVILLE HWY,33.8106,-84.2738,Good,Good,81.7,79.9,1.3271,0.4688,0.3966,255715.811,865139.5333,969.9266,0.1369,1.0971,26.9609,1.6474,700.0326,336.4525,1260.7581,0.5194,0.0288,1,149,2,1.5863,none,0.0276,0.1073
904010,E PONCE DE LEON AVE @ N DECATUR RD,33.7937,-84.264,Moderate,Moderate,69.5,56.5,1.1424,0.426,0.4176,232330.5266,911129.2549,405.3608,0.1828,1.0789,34.8806,9.8482,507.2881,216.6645,977.7192,0.5729,0.0207,2,423,5,5.1139,none,0.0055,0.0405
904065,E PONCE DE LEON AVE @ EXCHANGE AVE,33.7908,-84.2649,No Infrastructure,No Infrastructure,3.0,5.6,1.2361,0.3645,0.4004,198821.0366,873620.1346,250.3021,0.1404,1.0475,50.0491,73.0221,388.4443,142.7489,754.473,0.6325,0.0945,1,280,0,0.0,none,0.0622,0.0808
904066,E PONCE DE LEON AVE @ PALOMA DR,33.787,-84.2648,No Infrastructure,No Infrastructure,0.1,0.7,1.219,0.3208,0.3077,174990.2816,671237.437,185.6802,0.2059,1.1147,64.6271,12.9026,396.4396,108.4191,455.4113,0.7265,0.0945,1,280,0,0.0,none,0.0091,0.0118
904067,E PONCE DE LEON AVE @ LAREDO DR,33.7853,-84.2693,Moderate,Poor,45.9,37.7,1.1591,0.5138,0.3277,280213.2387,715011.9629,293.794,0.1429,1.0984,51.8089,19.4213,330.1083,169.8696,447.6247,0.4854,0.0945,1,280,1,2.234,none,0.0031,0.004
904068,LAWRENCEVILLE HWY @ WHITE BLVD,33.8115,-84.2717,Good,Good,85.0,81.9,1.2229,0.5125,0.3609,279523.9559,787315.1303,737.1379,0.1111,1.1297,33.1229,14.3635,976.6173,565.5495,1226.0726,0.4209,0.0413,1,280,0,0.0,none,0.0277,0.0639
904011,LAWRENCEVILLE HWY @ 2295,33.8141,-84.2697,Moderate,Moderate,65.8,60.9,1.1226,0.432,0.3404,235599.851,742618.2776,769.2292,0.1449,1.2803,38.331,7.2671,1011.8348,449.8372,1302.9078,0.5554,0.0413,1,280,0,0.0,none,0.0231,0.0534
904013,LAWRENCEVILLE HWY @ WHITE BLVD,33.8119,-84.272,Good,Good,85.0,79.6,1.2893,0.3653,0.348,199250.0624,759195.7677,1044.6096,0.1136,1.1233,29.4389,12.7464,952.1573,362.6299,1161.1772,0.6191,0.0288,1,273,0,0.0,none,0.0224,0.0869
904159,DEKALB INDUSTRIAL WAY @ STRATFORD CMNS,33.7924,-84.2763,Good,Good,78.0,71.1,1.2709,0.5158,0.4087,281343.9253,891583.8425,672.378,0.1775,1.0895,39.0456,35.7397,936.8952,476.9709,1734.2825,0.4909,0.0945,1,143,5,2.883,none,0.1359,0.1766
904160,DEKALB INDUSTRIAL WAY @ STRATFORD CMNS,33.7918,-84.276,Good,Moderate,70.5,69.6,1.4681,0.3529,0.3393,192500.3491,740324.8128,627.3944,0.1368,1.0614,38.9275,31.8577,785.1493,237.5312,1340.6134,0.6975,0.0945,1,149,1,0.7459,none,0.1479,0.1922
904192,DEKALB INDUSTRIAL WAY @ IRVIN WAY,33.7884,-84.2764,Moderate,Moderate,57.7,54.4,1.2377,0.4072,0.3744,222096.7599,816762.4985,348.3487,0.1429,1.1196,45.1653,30.5714,525.5839,244.2033,1145.2441,0.5354,0.0945,1,149,0,0.0,none,0.1169,0.1519
904249,DEKALB INDUSTRIAL WAY @ 375,33.7864,-84.2766,Moderate,Moderate,58.1,52.9,1.3145,0.2106,0.2632,114870.5521,574192.962,230.6159,0.1786,1.1226,64.3677,29.1222,538.7537,116.2336,610.3975,0.7843,0.0945,1,149,0,0.0,none,0.0157,0.0203
904250,DEKALB INDUSTRIAL WAY @ RIMINGTON LN,33.7853,-84.2764,Moderate,Moderate,58.0,50.8,1.2396,0.2802,0.3049,152834.2139,665164.8983,296.7657,0.1892,1.1194,60.8253,41.921,533.3543,153.875,716.165,0.7115,0.0945,1,143,0,0.0,none,0.0268,0.0348
904251,N DECATUR RD @ JORDAN LN,33.7937,-84.2718,No Infrastructure,Poor,6.4,16.6,1.1847,0.425,0.3478,231828.6805,758701.2898,395.0396,0.172,1.1487,43.3326,6.8072,458.1318,214.2985,943.5357,0.5322,0.0945,1,267,0,0.0,none,0.089,0.1156
904252,N DECATUR RD @ E PONCE DE LEON AVE,33.7935,-84.2643,Moderate,Moderate,68.9,52.8,1.1322,0.3456,0.4244,188482.0904,925895.4258,426.7565,0.1875,1.1115,34.379,14.8522,472.6811,164.297,989.9129,0.6524,0.0945,1,267,3,3.0306,none,0.0306,0.0397
904194,N DECATUR RD @ GIFFORD DR,33.7919,-84.2583,Good,Good,84.6,84.0,1.1825,0.2306,0.2791,125754.6011,608944.3925,407.1682,0.1316,1.0895,65.4278,23.2217,573.2088,144.1525,640.5565,0.7485,0.0333,1,267,2,3.1223,none,0.002,0.005
904195,N DECATUR RD @ GLENDALE RD,33.7898,-84.2528,Good,Good,84.6,82.3,1.1298,0.4398,0.3651,239870.4018,796479.9847,165.9787,0.1154,1.1457,58.4282,7.1234,570.4138,246.5734,869.2027,0.5677,0.0333,1,267,0,0.0,none,0.0038,0.0096
904196,N DECATUR RD @ CREEKVIEW CT,33.7888,-84.25,Good,Good,78.3,76.9,1.1393,0.3158,0.2828,172263.5393,617024.4448,346.6736,0.1831,1.0934,44.8705,5.259,603.6624,193.5264,735.3511,0.6794,0.0333,1,267,1,1.3599,none,0.0028,0.007
904197,N DECATUR RD @ NORTHERN AVE,33.7871,-84.2471,Good,Good,77.6,76.9,1.1514,0.2157,0.3295,117627.2614,718779.9578,406.8926,0.2143,1.0822,41.0133,10.9296,787.3904,166.9907,1032.5165,0.7879,0.0333,1,267,1,0.9685,none,0.0114,0.029
904253,N DECATUR RD @ NORTHERN AVE,33.7865,-84.2455,Good,Moderate,71.2,66.8,1.176,0.1994,0.3198,108781.0102,697766.7759,318.6391,0.225,1.0363,47.221,19.7406,889.0588,182.1175,1010.9987,0.7952,0.0818,1,267,1,0.9891,none,0.036,0.0519
903465,N INDIAN CREEK DR @ HILL ST,33.8085,-84.2424,Good,Good,85.0,84.0,1.2666,0.4678,0.4313,255137.0525,940843.3779,464.5419,0.1806,1.0517,35.2748,10.4306,1351.8165,609.919,2485.0361,0.5488,0.0445,1,274,0,0.0,none,0.0553,0.1154
903466,MONTREAL RD @ MONTREAL CREEK CT,33.8132,-84.243,Good,Good,80.1,76.7,1.1528,0.3822,0.3476,208438.9744,758287.4768,488.3912,0.1524,1.099,39.7265,1.8502,2178.6416,659.3183,2861.4549,0.6974,0.0445,1,274,2,0.6989,none,0.0353,0.0737
903655,MONTREAL RD @ SAMS RD,33.8124,-84.2426,Good,Good,85.0,84.3,1.1713,0.4434,0.3595,241843.8129,784328.8695,508.5251,0.1628,1.0903,39.2077,7.565,1889.1619,704.2249,2693.4095,0.6272,0.0445,1,280,1,0.3713,none,0.03,0.0626
903536,N INDIAN CREEK DR @ HILL ST,33.8086,-84.2425,Good,Good,85.0,83.8,1.2759,0.4923,0.4189,268519.9762,913798.8836,467.9364,0.1854,1.0525,35.8654,4.2447,1348.4222,633.8998,2430.3565,0.5299,0.0445,1,280,0,0.0,none,0.0571,0.1193
903585,N DECATUR RD @ NORTHERN AVE,33.7867,-84.2458,Good,Moderate,72.3,68.9,1.1053,0.2504,0.325,136583.8275,709113.442,325.6538,0.2143,1.0606,51.8113,4.4438,878.8594,225.6053,1023.164,0.7433,0.0818,1,266,1,0.9774,none,0.0122,0.0176
903586,N DECATUR RD @ NORTHERN AVE,33.7876,-84.2475,Good,Good,78.3,77.7,1.1588,0.2533,0.3088,138177.194,673596.9566,387.8509,0.25,1.0884,46.8036,11.1809,760.1564,183.8197,966.944,0.7582,0.0333,1,266,2,2.0684,none,0.0099,0.025
903657,N DECATUR RD @ GLENDALE RD,33.7899,-84.2524,Good,Good,84.5,82.9,1.1152,0.4579,0.3558,249733.1404,776129.7374,280.9129,0.1346,1.1505,49.6262,12.9895,577.5694,258.2616,851.452,0.5528,0.0333,1,266,0,0.0,none,0.0027,0.0069
903658,N DECATUR RD @ PARKDALE DR,33.7913,-84.2563,Good,Moderate,71.7,68.9,1.0927,0.3669,0.2716,200089.4266,592463.4075,357.6695,0.1346,1.1524,65.2533,20.7562,575.961,233.7137,655.2504,0.5942,0.0333,1,266,2,3.0523,none,0.001,0.0025
903659,N DECATUR RD @ GIFFORD DR,33.7921,-84.2583,Good,Good,84.4,82.4,1.1776,0.244,0.291,133056.9345,634833.7486,414.6387,0.1351,1.0974,62.6887,12.3206,578.0146,153.1907,673.0579,0.735,0.0333,1,266,2,2.9715,none,0.0025,0.0063
903587,N DECATUR RD @ CHURCH ST,33.7936,-84.2629,Good,Moderate,72.0,63.7,1.1773,0.4744,0.3774,258734.5515,823432.7092,270.6657,0.1463,1.0954,45.9106,15.9769,551.7949,249.6021,851.9924,0.5477,0.0333,1,266,5,5.8686,none,0.0129,0.0327
903588,N DECATUR RD @ KENTUCKY ST,33.7938,-84.2694,No Infrastructure,No Infrastructure,0.7,1.8,1.2049,0.3768,0.2897,205538.3905,632135.4174,369.3467,0.2184,1.1199,39.6524,11.2211,350.0137,134.0497,573.438,0.617,0.0207,2,409,0,0.0,none,0.0027,0.0198
903589,N DECATUR RD @ JORDAN LN,33.7937,-84.2716,No Infrastructure,No Infrastructure,5.9,14.6,1.1847,0.425,0.3478,231828.6805,758701.2898,395.0396,0.172,1.1487,43.3326,14.8639,448.3579,214.2985,943.5357,0.522,0.0207,2,409,0,0.0,none,0.0162,0.1184
903590,N DECATUR RD @ DEKALB INDUSTRIAL WAY,33.7939,-84.2761,Good,Good,71.2,71.0,1.1813,0.5378,0.4482,293346.8035,977815.336,571.4719,0.1778,1.1101,38.7196,16.7303,1090.8549,608.3242,1987.3853,0.4423,0.0207,1,266,6,3.019,none,0.0156,0.1142
904071,N DECATUR RD @ DEKALB INDUSTRIAL WAY,33.7938,-84.2767,Good,Good,71.7,71.7,1.1826,0.5545,0.4459,302414.3775,972881.7713,556.8985,0.2011,1.1288,39.2446,11.7751,1186.7952,631.6373,1974.804,0.4678,0.0945,1,267,6,3.0383,none,0.086,0.1117
904073,E PONCE DE LEON AVE @ VALLEY BROOK RD,33.7949,-84.2629,Good,Moderate,70.2,56.2,1.1557,0.3297,0.3808,179801.6433,830733.0872,306.5542,0.1795,1.0734,39.4182,2.4196,668.6492,231.8285,1040.8694,0.6533,0.0207,1,287,4,3.8429,none,0.008,0.0583
903985,E PONCE DE LEON AVE @ MILTON ST,33.7962,-84.2616,Poor,Moderate,29.1,47.5,1.1503,0.2706,0.3033,147595.0557,661702.7642,298.612,0.1915,1.0644,43.5673,49.4486,869.4857,302.2819,977.4471,0.6523,0.0413,1,287,2,2.0461,none,0.0236,0.0545
904223,E PONCE DE LEON AVE @ NEEDHAM DR,33.7979,-84.2595,No Infrastructure,No Infrastructure,0.6,4.6,1.1387,0.1838,0.2646,100243.6521,577281.368,435.4829,0.0714,1.085,40.8139,26.4091,991.0155,218.0939,929.4243,0.7799,0.0413,1,287,0,0.0,none,0.032,0.0738
904164,E PONCE DE LEON AVE @ MCLENDON DR,33.7994,-84.2577,Moderate,Moderate,60.2,43.2,1.2132,0.285,0.3581,155431.9961,781267.3721,211.4318,0.0952,1.0745,46.6615,10.8734,879.3925,283.5569,1261.3177,0.6776,0.0413,1,287,0,0.0,none,0.0856,0.1975
904165,E PONCE DE LEON AVE @ VERDI WAY,33.8012,-84.2553,No Infrastructure,No Infrastructure,8.0,11.4,1.1812,0.2327,0.3381,126914.4264,737692.2151,136.7155,0.1667,1.0097,44.7101,14.6697,717.1765,177.2409,1121.9307,0.7529,0.0605,1,287,0,0.0,none,0.0999,0.1901
904167,E PONCE DE LEON AVE @ MILAM CIR,33.8024,-84.2531,Moderate,Poor,47.8,26.5,1.171,0.1382,0.2467,75402.7335,538126.4741,169.1254,0.25,1.0061,85.37,10.5702,721.5135,108.5293,882.5455,0.8496,0.0605,1,287,0,0.0,none,0.0372,0.0708
903481,E PONCE DE LEON AVE @ CREEKDALE DR,33.8028,-84.2516,No Infrastructure,Poor,7.8,23.0,1.1176,0.1652,0.2434,90083.8698,531080.9808,284.097,0.1111,1.1977,65.4141,11.0711,774.2495,145.3987,1009.5807,0.8122,0.0605,1,287,1,0.9905,none,0.0296,0.0564
903482,E PONCE DE LEON AVE @ MELL AVE,33.8035,-84.2481,No Infrastructure,No Infrastructure,3.1,14.5,1.1941,0.3186,0.3355,173763.4697,731869.5153,409.5772,0.1061,1.3148,47.7823,13.3742,1249.9966,420.9244,1811.4289,0.6633,0.0445,1,287,2,1.1041,none,0.1713,0.3577
903483,E PONCE DE LEON AVE @ PECAN ST,33.8038,-84.2464,Moderate,Poor,42.9,24.5,1.1767,0.3807,0.3861,207657.7754,842414.6536,405.8569,0.1282,1.2789,46.0208,8.2778,1520.2457,518.0777,2118.1282,0.6592,0.0445,1,287,1,0.4721,none,0.1408,0.294
903484,E PONCE DE LEON AVE @ JOLLY AVE,33.8051,-84.2432,Poor,Poor,21.5,36.2,1.1897,0.3673,0.3752,200349.4305,818495.8386,362.2571,0.2125,1.0309,39.139,5.6641,1685.7771,508.4992,2151.5968,0.6984,0.0312,1,287,0,0.0,none,0.0941,0.2869
904168,E PONCE DE LEON AVE @ N INDIAN CREEK DR,33.8073,-84.2413,Good,Good,85.0,84.9,1.4577,0.3614,0.4157,197113.7838,906887.8126,557.5444,0.1622,1.0911,35.0305,13.9097,1431.8715,567.7296,2430.8618,0.6035,0.0445,1,287,3,1.2341,none,0.0657,0.1371
904169,E PONCE DE LEON AVE @ JOLLY AVE,33.8053,-84.2431,Poor,Moderate,36.5,53.4,1.2491,0.3427,0.3634,186939.1173,792736.7606,384.3067,0.1974,1.0324,36.5129,10.7707,1658.5001,477.6129,2098.0113,0.712,0.0445,1,280,1,0.4766,none,0.1419,0.2962
904170,E PONCE DE LEON AVE @ PECAN ST,33.804,-84.2464,No Infrastructure,Poor,2.9,20.4,1.2066,0.3865,0.3623,210806.7143,790330.1716,405.8569,0.0933,1.2836,46.5372,12.7204,1499.8185,526.3587,2024.2887,0.6491,0.0445,1,280,1,0.494,none,0.1926,0.4021
904171,E PONCE DE LEON AVE @ MELL AVE,33.8036,-84.2481,No Infrastructure,No Infrastructure,3.0,13.8,1.1941,0.3186,0.3355,173763.4697,731869.5153,409.5772,0.1061,1.3148,47.7823,11.1518,1242.1265,420.9244,1811.4289,0.6611,0.0445,1,280,2,1.1041,none,0.1727,0.3607
903485,E PONCE DE LEON AVE @ CREEKDALE DR,33.803,-84.2515,No Infrastructure,Poor,7.8,20.9,1.1176,0.1652,0.2434,90083.8698,531080.9808,284.097,0.1111,1.1977,65.4141,4.6099,784.8635,145.3987,1009.5807,0.8147,0.0605,1,280,1,0.9905,none,0.0304,0.0579
903486,E PONCE DE LEON AVE @ MILAM CIR,33.8024,-84.2535,No Infrastructure,Poor,7.8,23.7,1.171,0.1382,0.2467,75402.7335,538126.4741,169.1254,0.25,1.0061,85.37,39.4548,715.5993,108.5293,882.5455,0.8483,0.0605,1,280,0,0.0,none,0.0386,0.0735
903674,E PONCE DE LEON AVE @ VERDI WAY,33.8014,-84.2554,No Infrastructure,No Infrastructure,1.3,4.7,1.1812,0.2327,0.3381,126914.4264,737692.2151,136.7155,0.1667,1.0097,44.7101,11.3801,718.3333,177.2409,1121.9307,0.7533,0.0605,1,280,0,0.0,none,0.1075,0.2045
903722,E PONCE DE LEON AVE @ GLENDALE RD,33.8002,-84.2568,Poor,Poor,20.2,27.6,1.1612,0.324,0.421,176709.1807,918534.5774,256.7771,0.1552,1.0353,44.0657,12.9792,819.198,260.9277,1388.6407,0.6815,0.0605,1,280,0,0.0,none,0.0917,0.1745
903723,E PONCE DE LEON AVE @ MURPHEY ST,33.7975,-84.2602,No Infrastructure,No Infrastructure,3.3,6.7,1.1455,0.1954,0.2739,106593.1135,597614.4902,441.879,0.1176,1.0558,34.7996,17.8077,1015.6103,225.293,963.0903,0.7782,0.0413,1,280,0,0.0,none,0.0386,0.0892
903605,E PONCE DE LEON AVE @ MILTON ST,33.7964,-84.2617,Poor,Moderate,28.5,45.4,1.1503,0.2706,0.3033,147595.0557,661702.7642,298.612,0.1915,1.0644,43.5673,37.6071,890.4674,302.2819,977.4471,0.6605,0.0413,1,280,2,2.0461,none,0.0246,0.0567
903606,E PONCE DE LEON AVE @ VALLEY BROOK RD,33.7954,-84.2629,Moderate,Moderate,69.5,62.4,1.1744,0.315,0.379,171818.8215,826936.6232,333.7991,0.1667,1.0765,37.842,7.4173,716.861,239.7507,1038.384,0.6656,0.0413,1,280,3,2.8891,none,0.0268,0.062
903724,N DECATUR RD @ MCHENRY AVE,33.7913,-84.2566,Good,Good,85.0,82.6,1.0583,0.3712,0.2752,202468.2236,600371.9464,344.7766,0.1429,1.1333,69.7507,7.2763,573.6386,236.1322,660.9235,0.5884,0.0333,1,267,2,3.0261,none,0.0002,0.0004
903725,N DECATUR RD @ KENTUCKY ST,33.7936,-84.2696,No Infrastructure,No Infrastructure,1.2,2.6,1.1484,0.397,0.3003,216551.1536,655099.6215,372.9907,0.2273,1.12,39.2449,5.5663,356.552,149.8378,634.4778,0.5798,0.0945,1,267,0,0.0,none,0.0146,0.019
903726,N DECATUR RD @ CHURCH ST,33.7935,-84.2627,Good,Moderate,72.5,67.1,1.1773,0.4744,0.3774,258734.5515,823432.7092,270.6657,0.1463,1.0954,45.9106,33.9129,552.8911,249.6021,851.9924,0.5486,0.0333,1,267,5,5.8686,none,0.0117,0.0296
903727,N DECATUR RD @ FRANCES ST,33.7936,-84.2678,No Infrastructure,No Infrastructure,0.9,2.2,1.1627,0.4444,0.3396,242382.0175,740858.0621,403.4414,0.2371,1.1272,39.5754,3.7091,314.2329,141.9139,672.5392,0.5484,0.0945,1,267,0,0.0,none,0.0225,0.0293
903609,N DECATUR RD @ DEKALB INDUSTRIAL WAY,33.7938,-84.2755,Good,Moderate,70.0,67.9,1.1909,0.4752,0.4017,259183.091,876271.3396,612.9766,0.142,1.1057,38.8251,14.5552,946.5634,467.7636,1667.2502,0.5058,0.0945,1,267,5,2.9989,none,0.0942,0.1224
903610,N DECATUR RD @ E PONCE DE LEON AVE,33.7937,-84.2648,Poor,Moderate,27.7,43.9,1.1412,0.342,0.4131,186508.1758,901185.371,418.061,0.1915,1.1064,34.0215,11.5528,458.9452,156.7648,950.8894,0.6584,0.0207,2,409,3,3.1549,none,0.0065,0.0474
903611,N DECATUR RD @ FRANCES ST,33.7938,-84.2676,No Infrastructure,No Infrastructure,1.3,2.7,1.2779,0.4108,0.3111,224042.9482,678770.7626,398.857,0.25,1.1318,40.1011,14.9914,312.273,126.406,600.7108,0.5952,0.0207,2,409,0,0.0,none,0.0046,0.0339
903612,DEKALB INDUSTRIAL WAY @ N DECATUR RD,33.7945,-84.2766,Good,Moderate,71.6,69.2,1.1902,0.5589,0.4571,304818.1858,997135.6725,519.1188,0.1724,1.1114,39.1829,14.8643,1241.3508,693.6434,2123.3985,0.4412,0.0207,1,149,5,2.3547,none,0.019,0.1388
903818,N DRUID HILLS RD @ LAWRENCEVILLE HWY,33.8102,-84.2735,Good,Good,82.4,80.9,1.2613,0.5246,0.4012,286103.5504,875332.9558,966.777,0.1374,1.0973,28.3341,11.8601,702.311,414.4554,1339.6444,0.4099,0.0288,1,143,2,1.4929,none,0.0238,0.0925
903904,DEKALB INDUSTRIAL WAY @ IRVIN WAY,33.7893,-84.2765,Moderate,Moderate,57.5,48.7,1.2617,0.3772,0.3694,205712.1967,805957.5281,326.633,0.1558,1.1047,46.0596,42.7196,530.218,222.5968,1135.3319,0.5802,0.0945,1,143,0,0.0,none,0.1454,0.1889
903905,DEKALB INDUSTRIAL WAY @ 455,33.7902,-84.2761,Moderate,Moderate,64.8,61.9,1.3554,0.3689,0.3358,201209.0826,732539.7007,529.9004,0.1455,1.0622,40.2304,92.9177,520.4585,220.6026,1257.149,0.5761,0.0945,1,149,0,0.0,none,0.1602,0.2081
903995,N INDIAN CREEK DR @ CHURCH ST,33.8064,-84.2409,Good,Good,85.0,84.6,1.1642,0.5627,0.4935,306913.702,1076729.2258,619.8118,0.1398,1.0713,34.0087,15.0213,1500.1119,909.7495,2850.5917,0.3935,0.0312,1,274,3,1.0524,none,0.0185,0.0563
904000,N INDIAN CREEK DR @ MARKET ST,33.8102,-84.2415,Good,Good,85.0,82.9,1.2382,0.538,0.4343,293444.4584,947561.6458,702.4645,0.1707,1.0718,32.1787,2.7134,1319.836,689.9963,2607.4173,0.4772,0.0445,1,274,2,0.767,none,0.0526,0.1098
904002,N INDIAN CREEK DR @ MARKET ST,33.8103,-84.2417,Good,Good,85.0,83.4,1.241,0.4787,0.422,261067.3007,920602.1033,689.8463,0.1701,1.0688,32.4473,2.5884,1339.4059,614.1775,2599.0344,0.5415,0.0445,1,280,2,0.7695,none,0.0519,0.1084
904003,N INDIAN CREEK DR @ E PONCE DE LEON AVE,33.8067,-84.2419,Good,Good,85.0,83.1,1.1621,0.5097,0.4928,278022.0676,1075193.5349,512.6669,0.1757,1.0628,38.2777,6.612,1494.2959,795.8186,2849.3852,0.4674,0.0445,1,280,3,1.0529,none,0.0285,0.0595
904088,N INDIAN CREEK DR @ ROWLAND ST,33.8062,-84.2409,Good,Good,85.0,82.1,1.1708,0.5645,0.4857,307861.1311,1059626.5952,576.1311,0.1229,1.0735,35.115,5.6967,1521.5704,927.6389,2861.9659,0.3903,0.0312,1,280,3,1.0482,none,0.0233,0.0712
904186,N DECATUR RD @ 3770,33.7857,-84.2412,No Infrastructure,Poor,7.6,25.2,1.2155,0.2534,0.2452,138202.7231,534980.9008,338.9307,0.1522,1.155,52.934,14.4655,795.5969,183.3152,750.7707,0.7696,0.0818,1,266,1,1.332,none,0.0376,0.0542
905611,E PONCE DE LEON AVE @ MARKET ST,33.809,-84.2402,Good,Good,85.0,83.2,1.2826,0.5651,0.4712,308217.4929,1028081.349,866.4558,0.1845,1.0393,30.5231,1.4747,1294.2939,756.138,2572.5873,0.4158,0.0445,1,287,1,0.3887,none,0.0622,0.13
905613,E PONCE DE LEON AVE @ N INDIAN CREEK DR,33.807,-84.2417,Good,Good,85.0,83.9,1.1608,0.5243,0.4996,285946.8286,1089879.5865,538.9228,0.1768,1.0604,36.6531,16.6714,1462.6969,817.8485,2878.6139,0.4409,0.0445,1,280,3,1.0422,none,0.0268,0.0561
905795,N DECATUR RD @ 3770,33.7856,-84.2407,Moderate,Poor,47.7,32.2,1.184,0.2918,0.2555,159131.0646,557360.8252,386.0039,0.15,1.1411,47.2151,10.5017,773.4601,204.7273,779.3071,0.7353,0.0818,1,267,1,1.2832,none,0.0319,0.0459
905921,N DECATUR RD @ 3711,33.7859,-84.2441,Moderate,Moderate,57.8,44.9,1.079,0.2135,0.2977,116446.6935,649435.5675,408.9681,0.1957,1.0661,48.183,17.6819,907.6843,185.0599,943.5308,0.7961,0.0818,1,267,0,0.0,none,0.0089,0.0129
904370,WINN WAY @ PINEHURST ST,33.78,-84.2795,Moderate,Moderate,67.3,61.7,1.232,0.5166,0.3883,281781.3774,847060.2603,372.8631,0.1134,1.0349,46.7976,23.4056,889.6958,497.4246,1477.672,0.4409,0.0448,1,149,0,0.0,none,0.0865,0.1759
904533,CHURCH ST @ 711,33.7788,-84.2948,Good,Good,85.0,86.2,1.287,0.5315,0.5291,289866.7695,1154245.5872,505.5272,0.3521,1.0571,29.4823,5.5832,1092.29,554.9318,2545.6501,0.492,0.0289,2,547,4,1.5713,none,0.0307,0.1075
904576,CHURCH ST @ LUCERNE ST,33.7838,-84.2939,Good,Good,85.0,83.5,1.1554,0.432,0.3961,235595.9017,864089.4547,296.4005,0.1628,1.1104,49.4819,17.0524,945.4129,414.1685,1592.1027,0.5619,0.0289,2,547,0,0.0,none,0.0119,0.0415
904577,CHURCH ST @ NORRIS ST,33.7847,-84.2931,Good,Good,85.0,82.8,1.1467,0.4245,0.424,231513.5363,925124.2046,301.8946,0.0897,1.1031,52.5054,18.2935,965.9527,406.6233,1759.1651,0.579,0.0289,2,547,0,0.0,none,0.0121,0.0424
904582,CLAIREMONT AVE @ HUNTER ST,33.7791,-84.2967,Good,Good,85.0,89.0,1.3129,0.5205,0.4603,283909.9327,1004307.7832,483.7598,0.3353,1.0979,35.3265,17.1411,1103.2071,586.5003,2276.4954,0.4684,0.0289,2,798,2,0.8785,none,0.0253,0.0885
904587,CLAIREMONT AVE @ 446,33.78,-84.2973,Good,Good,85.0,84.9,1.3003,0.47,0.446,256355.8959,973106.3266,432.3422,0.3724,1.0826,39.303,8.3279,1040.8283,487.7572,2074.7497,0.5314,0.1035,2,798,1,0.482,none,0.0972,0.1152
904588,CLAIREMONT AVE @ PONCE DE LEON PL,33.781,-84.2981,Good,Good,85.0,85.0,1.1988,0.3766,0.4144,205395.1979,904003.8904,354.5302,0.3235,1.0866,43.2931,10.2001,967.6284,347.8894,1901.8657,0.6405,0.1035,2,798,0,0.0,none,0.0566,0.0671
904589,CLAIREMONT AVE @ WILTON DR,33.7821,-84.2996,Good,Good,85.0,84.1,1.1704,0.3488,0.4684,190252.9658,1021840.8856,231.0683,0.2769,1.0725,50.9996,3.0388,893.1557,318.6789,1915.3462,0.6432,0.1035,2,798,0,0.0,none,0.0462,0.0547
904590,CLAIREMONT AVE @ LAMONT DR,33.7828,-84.3009,Good,Good,85.0,83.3,1.199,0.2016,0.4109,109960.9908,896406.3064,358.0017,0.2286,1.005,45.3306,2.9679,882.3758,179.9028,1578.2983,0.7961,0.1035,2,798,0,0.0,none,0.0559,0.0662
904705,CLAIREMONT AVE @ GARDEN LN,33.7835,-84.3021,Good,Good,85.0,83.4,1.1761,0.2405,0.4471,131156.66,975498.7472,391.7221,0.1698,1.025,43.6208,5.6199,890.0206,219.9506,1671.0195,0.7529,0.1035,2,798,0,0.0,none,0.0459,0.0544
904706,CLAIREMONT AVE @ SCOTT BLVD,33.785,-84.3043,Good,Good,85.0,90.5,1.1102,0.5623,0.4175,306713.9794,910769.3144,288.0868,0.2,1.1589,45.4805,10.4014,956.4724,528.7262,1641.9301,0.4472,0.1035,2,798,1,0.609,planned,0.0104,0.0
905079,E PONCE DE LEON AVE @ GROVE PL,33.7767,-84.2792,Poor,Moderate,31.7,53.7,1.4655,0.2707,0.3723,147666.4014,812281.052,399.3592,0.1176,1.0253,49.8472,54.4051,863.9409,177.4667,1300.3878,0.7946,0.0945,1,287,1,0.769,none,0.2143,0.2784
904385,COMMERCE DR @ W PONCE DE LEON AVE,33.7753,-84.2988,Good,Good,85.0,88.8,1.2763,0.6217,0.5944,339073.2276,1296788.5482,795.4754,0.3121,1.1103,28.5256,15.4504,1653.6927,1097.2101,3568.3436,0.3365,0.0697,2,554,7,1.9617,none,0.0555,0.0886
904849,S COLUMBIA DR @ TALLEY ST,33.7694,-84.2865,Good,Good,85.0,84.7,1.2009,0.4377,0.4808,238703.1108,1048878.4704,321.343,0.1429,1.0531,42.9404,2.9415,729.0382,318.1351,1643.8226,0.5636,0.0708,1,267,0,0.0,none,0.0404,0.0625
904850,S COLUMBIA DR @ DERRYDOWN WAY,33.7682,-84.2847,Good,Good,85.0,84.5,1.1777,0.4223,0.504,230328.5177,1099569.0438,233.6802,0.0714,1.0418,49.0592,8.1401,726.1842,308.5352,1556.4579,0.5751,0.0708,1,267,0,0.0,none,0.0324,0.0501
904903,S COLUMBIA DR @ MISSIONARY DR,33.7668,-84.2824,Moderate,Moderate,59.7,54.5,1.3106,0.4231,0.4511,230786.95,984041.7926,376.7529,0.1758,1.0432,43.7123,5.3777,743.2881,312.6693,1293.6428,0.5793,0.0708,1,267,0,0.0,none,0.1576,0.2438
904904,S COLUMBIA DR @ INMAN DR,33.7647,-84.2801,Poor,Moderate,22.1,40.4,1.4364,0.5357,0.3878,292196.4519,845948.6997,717.0675,0.2186,1.0504,29.8529,9.776,711.3302,387.2889,1104.5213,0.4555,0.0708,1,267,0,0.0,none,0.1719,0.266
904905,S COLUMBIA DR @ KIRK RD,33.7633,-84.2791,Moderate,Moderate,63.2,53.0,1.3504,0.4896,0.3642,267060.0477,794538.4303,633.4567,0.1925,1.1664,35.4426,10.156,671.9435,332.8911,996.0637,0.5046,0.0708,1,267,0,0.0,none,0.0969,0.15
904906,S COLUMBIA DR @ THOMAS RD,33.7608,-84.2771,No Infrastructure,Poor,8.9,24.5,1.4488,0.0092,0.0381,5018.4776,83190.0629,,,,,17.8242,612.8151,5.3449,71.0986,0.9913,0.0646,1,267,0,0.0,none,0.0005,0.0008
904976,COLUMBIA DR @ CONWAY RD,33.7613,-84.2773,Poor,Poor,15.5,25.8,1.1225,0.1658,0.1307,90411.4032,285130.5063,442.976,0.2333,1.0531,40.4144,71.5067,629.4651,123.7411,376.9225,0.8034,0.0646,1,266,0,0.0,none,0.0009,0.0015
905090,COLUMBIA DR @ KIRK RD,33.7637,-84.2792,Poor,Moderate,23.9,44.6,1.3504,0.4896,0.3642,267060.0477,794538.4303,633.4567,0.1925,1.1664,35.4426,37.9488,687.0071,332.8911,996.0637,0.5154,0.0646,1,266,0,0.0,none,0.1071,0.1768
905091,COLUMBIA DR @ INMAN DR,33.7654,-84.2803,Moderate,Moderate,61.8,50.9,1.2921,0.5302,0.3953,289169.5246,862309.1605,682.7276,0.199,1.0533,30.1673,15.91,730.4418,384.1896,1121.5764,0.474,0.0646,1,266,0,0.0,none,0.1187,0.196
905092,COLUMBIA DR @ MISSIONARY DR,33.7669,-84.2824,Moderate,Moderate,60.7,53.0,1.3125,0.4216,0.4512,229968.927,984361.2071,370.3597,0.1724,1.0449,43.4299,10.7513,744.7337,311.8888,1293.1647,0.5812,0.0646,1,266,0,0.0,none,0.1529,0.2524
905093,COLUMBIA DR @ DERRYDOWN WAY,33.7681,-84.2843,Good,Good,85.0,82.4,1.1834,0.4256,0.5038,232145.8371,1099109.4016,224.961,0.0746,1.0435,51.8861,11.822,729.7347,311.1662,1537.5035,0.5736,0.0708,1,266,0,0.0,none,0.0377,0.0584
904977,COLUMBIA DR @ TALLEY ST,33.7692,-84.286,Good,Good,85.0,84.8,1.2323,0.4093,0.4848,223237.8706,1057674.2404,297.6526,0.1279,1.0564,42.2709,1.9271,719.4928,292.362,1609.0896,0.5937,0.0646,1,266,0,0.0,none,0.0449,0.0742
904978,2ND AVE @ E LAKE DR,33.7599,-84.3106,Good,Good,85.0,84.8,1.163,0.3675,0.4325,200461.4988,943646.5109,413.0174,0.0217,1.0468,38.4436,13.2964,1390.0924,508.6443,2418.2841,0.6341,0.0531,1,203,0,0.0,none,0.027,0.0526
904979,2ND AVE @ BRYAN PL,33.7584,-84.3106,Good,Good,85.0,84.9,1.2684,0.201,0.3104,109635.7214,677246.5874,799.8434,0.0282,1.0664,34.5196,77.5159,1338.2765,269.6055,1732.5094,0.7985,0.0531,1,203,0,0.0,none,0.0467,0.0911
904980,2ND AVE @ 342,33.755,-84.3102,Good,Good,85.0,83.8,1.1104,0.5177,0.5515,282354.8894,1203084.2983,339.3466,0.0882,1.0208,48.9225,94.1118,1176.7798,577.6137,2432.8571,0.5092,0.0531,1,203,0,0.0,none,0.0135,0.0264
905094,2ND AVE @ BEATY PL,33.7565,-84.3104,Good,Good,85.0,84.8,1.2999,0.267,0.4202,145605.9212,916740.7532,352.7638,0.0238,1.0081,61.6045,35.0942,1247.9944,335.3149,2098.4198,0.7313,0.0531,1,203,0,0.0,none,0.0599,0.1167
905095,2ND AVE @ BRYAN PL,33.7583,-84.3105,Good,Good,85.0,84.4,1.2684,0.201,0.3104,109635.7214,677246.5874,799.8434,0.0282,1.0664,34.5196,81.0411,1330.6985,269.6055,1732.5094,0.7974,0.0531,1,203,0,0.0,none,0.0483,0.0941
905096,2ND AVE @ E LAKE DR,33.7596,-84.3105,Good,Good,85.0,84.4,1.1581,0.3675,0.4376,200461.4988,954780.3682,408.5301,0.0217,1.0487,39.9215,30.5009,1381.3133,508.6443,2446.4796,0.6318,0.0531,1,203,0,0.0,none,0.026,0.0506
905097,E LAKE DR @ JOHNSTON PL,33.7612,-84.3112,Good,Good,85.0,84.6,1.2279,0.3562,0.4462,194292.7092,973468.3561,507.3027,0.0357,1.0653,38.2777,2.0624,1430.7098,495.9827,2431.6694,0.6533,0.0531,1,203,0,0.0,none,0.0474,0.0924
905148,E LAKE DR @ 3RD AVE,33.763,-84.311,Good,Good,85.0,84.6,1.2617,0.4681,0.4608,255300.4723,1005327.0807,489.3926,0.0657,1.0795,47.5634,29.3012,1462.4714,683.1866,2532.2651,0.5329,0.0531,1,203,0,0.0,none,0.0559,0.1089
905149,E LAKE DR @ 3RD AVE,33.7633,-84.3112,Good,Good,85.0,84.4,1.2413,0.4745,0.4616,258794.4615,1006968.7726,517.736,0.0748,1.0739,47.6101,10.0697,1452.48,691.0936,2537.5875,0.5242,0.0531,1,203,0,0.0,none,0.0519,0.1011
904608,WINN WAY @ PINEHURST ST,33.7803,-84.2794,Moderate,Moderate,67.1,64.6,1.2344,0.5147,0.388,280708.5219,846586.9679,375.654,0.11,1.0328,47.9152,3.6303,886.3032,495.9598,1476.9868,0.4404,0.0945,1,149,0,0.0,none,0.1265,0.1643
904609,WINN WAY @ COALTER WAY,33.7828,-84.2794,Moderate,Moderate,63.9,60.1,1.3012,0.359,0.3356,195788.1462,732116.9507,456.5038,0.1084,1.0715,43.5292,9.66,897.9412,294.3123,1099.4323,0.6722,0.0448,1,149,0,0.0,none,0.0765,0.1558
904610,WINN WAY @ 320,33.7848,-84.2794,Moderate,Moderate,61.1,55.8,1.2094,0.3224,0.3068,175853.4192,669261.0717,472.8334,0.1447,1.155,48.0741,19.0216,828.4443,245.9614,857.895,0.7031,0.0945,1,149,0,0.0,none,0.0416,0.0541
904857,CHURCH ST @ LUCERNE ST,33.7842,-84.2937,Good,Good,85.0,84.4,1.1542,0.4258,0.3922,232263.0462,855732.7385,303.7118,0.1566,1.1128,49.8673,10.5476,944.3615,407.9195,1571.1289,0.568,0.0289,2,539,0,0.0,none,0.011,0.0386
904858,CHURCH ST @ GENEVA ST,33.7834,-84.2944,Good,Good,85.0,83.7,1.2046,0.3948,0.3812,215315.1073,831740.2505,206.5263,0.1587,1.037,55.4421,14.335,953.5558,375.2923,1500.1684,0.6064,0.0289,2,539,0,0.0,none,0.0188,0.0659
904859,CHURCH ST @ 921,33.7807,-84.295,Good,Good,85.0,84.2,1.3024,0.3305,0.4319,180273.9899,942207.6217,434.4518,0.3761,1.0947,32.9218,13.9847,995.8476,333.301,1902.189,0.6653,0.0289,2,539,0,0.0,none,0.0328,0.1148
904741,CHURCH ST @ BELL ST,33.7795,-84.2949,Good,Good,85.0,84.8,1.3022,0.4615,0.5053,251725.5488,1102352.8322,563.0584,0.3837,1.0647,29.5948,6.4145,1045.553,476.0149,2366.2741,0.5447,0.0289,2,539,2,0.8452,none,0.0347,0.1214
904742,COMMERCE DR @ BEAUMONT AVE,33.7773,-84.2987,Good,Good,85.0,88.5,1.321,0.4808,0.5282,262225.6382,1152289.3979,649.7874,0.29,1.1002,32.5377,34.7478,1352.672,774.1508,2967.7712,0.4277,0.0697,1,274,2,0.6739,none,0.063,0.1006
904744,CLAIREMONT AVE @ HUNTER ST,33.779,-84.2964,Good,Good,85.0,89.2,1.2948,0.6051,0.5186,330004.4343,1131458.5515,561.858,0.3517,1.1099,33.0089,4.959,1115.4231,685.7751,2557.5286,0.3852,0.0289,2,787,3,1.173,none,0.0248,0.087
904861,CLAIREMONT AVE @ 441,33.7802,-84.2971,Good,Good,85.0,85.0,1.2611,0.4582,0.4429,249931.1191,966303.7256,394.9836,0.3759,1.0871,38.002,8.7636,1032.5289,448.3753,2045.9612,0.5658,0.0289,2,787,1,0.4888,none,0.0283,0.099
905101,CLAIREMONT AVE @ ERIE AVE,33.7813,-84.2982,Good,Good,85.0,84.1,1.1649,0.4178,0.4036,227865.9016,880612.3104,315.1909,0.3043,1.1204,46.5772,5.5581,952.9303,384.8349,1703.0693,0.5962,0.0289,2,787,0,0.0,none,0.0135,0.0472
905102,CLAIREMONT AVE @ MICHIGAN AVE,33.7819,-84.2991,Good,Good,85.0,84.0,1.1591,0.3886,0.462,211934.3049,1007987.9857,229.3269,0.3014,1.0672,50.846,3.9137,901.6003,355.8119,1861.9122,0.6054,0.0289,2,787,0,0.0,none,0.0133,0.0467
905103,CLAIREMONT AVE @ GARDEN LN,33.7836,-84.3021,Good,Good,85.0,85.0,1.2022,0.238,0.4401,129792.1439,960217.8688,406.3834,0.1731,1.0167,42.283,16.5098,891.1621,217.8269,1640.7499,0.7556,0.1035,2,787,0,0.0,none,0.0521,0.0618
905104,CLAIREMONT AVE @ SCOTT BLVD,33.7848,-84.3037,Good,Good,85.0,89.2,1.1159,0.478,0.4336,260699.8889,945862.3833,281.7308,0.2019,1.1599,48.1125,9.5172,943.3618,446.5346,1689.1651,0.5267,0.0289,2,787,1,0.592,planned,0.0047,0.0
904988,E TRINITY PL @ CHURCH ST,33.7727,-84.2948,Good,Good,85.0,83.7,1.2418,0.6346,0.5986,346104.6544,1306041.2231,745.8437,0.3354,1.0956,29.2414,4.5764,1526.4353,974.8151,3424.4302,0.3614,0.0289,1,513,5,1.4601,none,0.0318,0.1112
904989,S CANDLER ST @ COLLEGE AVE,33.7707,-84.2925,Good,Good,85.0,84.9,1.2776,0.4471,0.5002,243855.8746,1091357.2129,572.7432,0.1908,1.0366,29.2293,13.957,1205.822,522.6641,2535.1702,0.5665,0.0708,1,513,5,1.9723,none,0.0739,0.1144
904990,S CANDLER ST @ 184,33.7681,-84.2927,Good,Good,85.0,84.7,1.2749,0.5036,0.4428,274655.4737,966079.6573,671.7726,0.1542,1.0839,30.793,7.449,1018.6507,530.0169,1974.7378,0.4797,0.0708,1,525,0,0.0,none,0.0674,0.1043
904991,S CANDLER ST @ 206,33.7678,-84.2926,Good,Good,85.0,84.1,1.2638,0.5309,0.4387,289536.2191,957080.4731,678.146,0.1538,1.0834,30.7145,13.7241,1000.022,550.8412,1948.272,0.4492,0.0708,1,513,0,0.0,none,0.067,0.1037
905105,S CANDLER ST @ E DOUGHERTY ST,33.7669,-84.2927,Good,Good,85.0,83.3,1.2758,0.572,0.4687,311961.7635,1022562.0449,456.9029,0.1765,1.0932,37.4004,5.7391,991.499,581.3056,1965.8588,0.4137,0.0708,1,525,0,0.0,none,0.0738,0.1142
905106,S CANDLER ST @ DOUGHERTY ST,33.7668,-84.2926,Good,Good,85.0,84.3,1.2836,0.5728,0.466,312426.9086,1016622.3635,434.9168,0.1742,1.0876,38.6916,2.807,986.706,581.7893,1944.3685,0.4104,0.0708,1,513,0,0.0,none,0.0712,0.1101
905107,S CANDLER ST @ E HANCOCK ST,33.7645,-84.2927,Good,Good,85.0,83.7,1.2993,0.4281,0.4148,233469.6848,905007.1676,235.8363,0.2034,1.1647,65.5962,1.583,1008.5639,443.3265,1700.1953,0.5604,0.0708,1,525,0,0.0,none,0.0697,0.1078
905108,S CANDLER ST @ HANCOCK ST,33.7643,-84.2926,Good,Good,85.0,84.2,1.302,0.4281,0.4127,233469.6848,900313.6221,231.5657,0.2069,1.1654,67.1955,22.573,1005.5359,443.3265,1686.5828,0.5591,0.0708,1,513,0,0.0,none,0.0677,0.1047
904992,S CANDLER ST @ E DAVIS ST,33.7633,-84.2926,Good,Good,85.0,83.9,1.2563,0.4119,0.4286,224655.7921,935003.0286,205.4287,0.2281,1.1473,70.7573,3.3988,1020.7844,427.0403,1757.8606,0.5817,0.0708,1,525,0,0.0,none,0.0605,0.0937
904993,S CANDLER ST @ DAVIS ST,33.7631,-84.2924,Good,Good,85.0,84.2,1.2582,0.4114,0.428,224395.6002,933720.7257,198.5317,0.2364,1.1547,71.7582,28.7932,1020.2735,426.6773,1755.5486,0.5818,0.0708,1,513,0,0.0,none,0.0598,0.0925
904994,S CANDLER ST @ KIRK RD,33.7613,-84.2926,Good,Good,85.0,83.8,1.2435,0.2772,0.3233,151194.0904,705408.0329,178.593,0.2973,1.083,45.9056,5.5843,1061.8479,293.8762,1325.0444,0.7232,0.0708,1,513,0,0.0,none,0.046,0.0712
904995,S CANDLER ST @ MIDWAY RD,33.7576,-84.2912,Good,Good,85.0,84.6,1.135,0.3498,0.309,190789.633,674152.8276,170.0401,0.3091,1.0859,53.8707,6.5408,1063.0548,374.5677,1188.4286,0.6476,0.0708,1,513,1,0.8414,none,0.0135,0.021
904938,S CANDLER ST @ BUCHANAN TER,33.759,-84.2913,Good,Good,85.0,84.3,1.3197,0.2047,0.1584,111666.8923,345601.7532,226.816,0.2581,1.0217,49.3344,11.3189,1069.1807,221.516,666.7944,0.7928,0.0708,1,513,1,1.4997,none,0.0071,0.011
904939,S CANDLER ST @ BUCHANAN TER,33.7591,-84.2915,Good,Good,85.0,83.5,1.2911,0.2223,0.2078,121230.1376,453341.5643,224.9887,0.2812,1.0216,48.1395,3.9711,1073.1066,240.4868,776.3862,0.7759,0.0708,1,525,1,1.288,none,0.0129,0.02
904817,S CANDLER ST @ MIDWAY RD,33.7579,-84.2914,Good,Good,85.0,83.4,1.1319,0.34,0.3066,185436.9312,668937.5998,168.9422,0.3269,1.0882,55.2828,11.3132,1070.4171,367.1577,1178.083,0.657,0.0708,1,525,1,0.8488,none,0.014,0.0217
904818,S CANDLER ST @ BROWER ST,33.7564,-84.2915,Good,Good,85.0,84.0,1.2865,0.2928,0.317,159699.2804,691645.5617,177.7959,0.2857,1.0092,54.6541,3.4119,1069.6668,316.0707,1235.7392,0.7045,0.0708,1,525,1,0.8092,none,0.0488,0.0756
904820,N ARCADIA AVE @ E PONCE DE LEON AVE,33.7776,-84.2806,Good,Good,71.7,70.0,1.298,0.3782,0.4482,206302.3348,977902.249,488.3488,0.1188,1.0609,36.7998,17.5511,1021.399,353.4459,1662.0758,0.654,0.0448,2,292,1,0.6017,none,0.0956,0.1944
904940,N ARCADIA AVE @ E PONCE DE LEON AVE,33.7768,-84.2804,Good,Moderate,71.7,65.5,1.3383,0.3973,0.4568,216718.089,996536.9555,458.0701,0.1204,1.0646,39.9059,13.7681,977.5858,371.7676,1696.4467,0.6197,0.0945,2,298,1,0.5895,none,0.1902,0.2471
904941,E PONCE DE LEON AVE @ N ARCADIA AVE,33.7771,-84.2785,Poor,Moderate,31.7,47.4,1.3055,0.3546,0.4244,193379.244,925859.764,478.436,0.1098,1.0667,41.484,16.1548,799.4695,259.8799,1482.9867,0.6749,0.0945,1,280,1,0.6743,none,0.2484,0.3227
904942,CHURCH ST @ BELL ST,33.7806,-84.2948,Good,Good,85.0,83.2,1.3024,0.3305,0.4319,180273.9899,942207.6217,434.4518,0.3761,1.0947,32.9218,15.286,998.5164,333.301,1902.189,0.6662,0.0289,2,547,0,0.0,none,0.0349,0.1221
904357,WINN WAY @ 341,33.7849,-84.2793,Moderate,Moderate,60.5,58.3,1.2094,0.3224,0.3068,175853.4192,669261.0717,472.8334,0.1447,1.155,48.0741,5.0683,807.3973,245.9614,857.895,0.6954,0.0945,1,149,0,0.0,none,0.0393,0.051
904448,S COLUMBIA DR @ FORREST BLVD,33.7572,-84.2721,Good,Good,100.0,89.8,1.1867,0.2733,0.3417,149077.568,745576.2395,360.4564,0.1803,1.0362,39.8092,9.129,551.8238,163.4889,811.2101,0.7037,0.0646,1,267,0,0.0,none,0.0054,0.0089
904365,S CANDLER ST @ KIRK RD,33.7607,-84.2925,Good,Good,85.0,83.4,1.5325,0.1013,0.1949,55229.347,425242.0678,885.3959,0.3077,1.2903,41.3613,16.434,1069.2177,108.1296,801.7631,0.8989,0.0708,1,525,0,0.0,none,0.0181,0.028
904259,2ND AVE @ BEATY PL,33.7569,-84.3106,Good,Good,85.0,84.7,1.3029,0.2693,0.4185,146880.0857,912995.0074,352.7638,0.0238,1.0081,61.6045,1.3726,1267.2876,340.2099,2090.0053,0.7315,0.0531,1,203,0,0.0,none,0.0609,0.1186
904260,COMMERCE DR @ E COLLEGE AVE,33.7722,-84.2876,Good,Good,85.0,84.3,1.253,0.4168,0.4741,227324.1945,1034306.2982,522.3849,0.1959,1.0541,35.4962,12.402,1046.644,419.3455,1993.3907,0.5993,0.0708,1,266,1,0.5017,none,0.0644,0.0996
905066,WINN WAY @ COALTER WAY,33.783,-84.2793,Moderate,Moderate,64.1,63.5,1.3602,0.3622,0.3267,197534.1114,712779.3541,515.7481,0.131,1.1098,45.2543,12.9189,878.0655,285.0921,1001.7191,0.6753,0.0945,1,149,0,0.0,none,0.0919,0.1194
500117,AVONDALE STATION - BAY F,33.7745,-84.2822,Good,Good,85.0,84.5,1.2162,0.479,0.5101,261275.3569,1112866.1042,636.6186,0.1138,1.0892,33.8044,4.2426,1026.2747,478.8172,1977.3564,0.5334,0.0646,1,819,2,1.0115,none,0.0495,0.0817
905117,E PONCE DE LEON AVE @ 2775,33.779,-84.2761,No Infrastructure,Poor,10.1,15.9,1.2141,0.244,0.2463,133091.7705,537396.9821,544.0897,0.1562,1.0437,40.8268,15.7617,521.9909,80.6823,608.0067,0.8454,0.0945,1,287,0,0.0,none,0.018,0.0234
905118,E PONCE DE LEON AVE @ DEKALB INDUSTRIAL WAY,33.7809,-84.2744,Poor,Poor,15.7,35.2,1.1893,0.3618,0.2741,197350.0104,597926.6726,343.3432,0.2128,1.0816,39.7178,31.4657,381.5164,122.4427,524.1444,0.6791,0.0945,1,287,0,0.0,none,0.0064,0.0084
905119,E PONCE DE LEON AVE @ 2947,33.7829,-84.2728,Moderate,Moderate,53.9,42.9,1.3657,0.2937,0.2537,160206.4105,553440.1691,394.7507,0.2,1.1612,42.5897,17.8488,340.7074,97.1196,397.6048,0.7149,0.0945,1,287,0,0.0,none,0.0043,0.0055
904266,E PONCE DE LEON AVE @ 2995,33.7842,-84.2715,Moderate,Poor,51.2,39.0,1.4932,0.1839,0.2239,100302.6446,488541.902,482.9246,0.1923,1.1742,70.3051,28.3618,330.1083,60.805,298.9677,0.8158,0.0945,1,287,0,0.0,none,0.0024,0.0031
904688,KENSINGTON RD @ MEMORIAL DR,33.7721,-84.2478,Good,Good,85.0,80.4,1.1744,0.4752,0.4179,259178.1738,911823.4718,389.3707,0.1207,1.0634,44.8517,57.4441,805.0458,334.1265,1303.7871,0.585,0.1789,2,533,2,1.534,planned,0.049,0.0
904568,MEMORIAL DR @ NOTTINGHAM DR,33.7672,-84.2531,Good,Good,85.0,91.5,1.2165,0.475,0.3601,259084.7146,785671.6735,571.139,0.0769,1.1034,39.8656,25.0787,525.2018,248.7663,809.3535,0.5263,0.186,1,259,3,3.7067,none,0.009,0.0092
904569,MEMORIAL DR @ COVINGTON HWY,33.7695,-84.2508,Good,Good,85.0,86.9,1.193,0.4674,0.4097,254905.6112,893759.9568,723.8909,0.0779,1.105,37.4029,32.5126,446.6743,194.5819,1064.3683,0.5644,0.1789,3,946,7,6.5767,none,0.027,0.0283
904570,COVINGTON HWY @ MIDWAY RD,33.766,-84.2515,Good,Good,85.0,87.5,1.1037,0.5176,0.3656,282318.8363,797604.2463,640.9103,0.0855,1.1161,38.1775,18.9412,563.1658,294.7478,804.5286,0.4766,0.186,2,679,4,4.9719,none,0.0032,0.0032
904689,MIDWAY RD @ COVINGTON HWY,33.7642,-84.2516,Good,Good,85.0,84.5,1.1528,0.4564,0.3661,248926.2719,798733.8684,395.0415,0.1481,1.1283,45.5167,6.5853,634.6084,284.2488,852.7633,0.5521,0.186,1,273,3,3.518,none,0.0104,0.0106
904690,COVINGTON DR @ LA COSTA DR,33.762,-84.2564,Poor,Poor,24.6,38.6,1.1623,0.2843,0.2181,155038.9275,475776.481,234.2097,0.2955,1.2251,58.6878,9.9169,749.5669,215.9521,608.3553,0.7119,0.186,1,267,4,6.5751,none,0.0106,0.0108
904691,COVINGTON DR @ 3246,33.7616,-84.2542,Poor,Poor,18.1,30.0,1.3238,0.2443,0.2644,133254.4758,576892.3477,272.9629,0.1471,1.3213,55.5987,20.8116,750.4243,186.4681,708.6915,0.7515,0.186,1,267,2,2.8221,none,0.0622,0.0635
904692,MIDWAY RD @ COVINGTON DR,33.7615,-84.2516,Moderate,Moderate,58.4,55.4,1.0527,0.4521,0.4184,246605.2156,912766.8324,255.1622,0.1124,1.159,44.9064,16.8292,668.451,302.5645,1059.0021,0.5474,0.186,1,273,1,0.9443,none,0.0046,0.0047
904571,MIDWAY RD @ LARK LN,33.7603,-84.2515,No Infrastructure,Poor,13.3,27.1,1.2031,0.3918,0.4333,213715.0237,945260.9362,229.1377,0.1296,1.1306,49.9018,13.9338,649.9741,252.0908,1063.6256,0.6122,0.186,1,267,1,0.9402,none,0.1677,0.1713
904572,MIDWAY RD @ CRESCENTWOOD LN,33.7595,-84.2517,No Infrastructure,No Infrastructure,7.5,14.1,1.2705,0.4089,0.4111,223043.3506,896905.8007,225.6869,0.1471,1.1653,61.34,13.1089,638.7894,255.6505,961.063,0.5998,0.186,1,273,1,1.0405,none,0.202,0.2062
904573,MIDWAY RD @ BEECH DR,33.7584,-84.2517,No Infrastructure,No Infrastructure,1.4,3.1,1.3061,0.2879,0.4506,157018.2279,983018.5534,146.8183,0.04,1.119,81.1238,13.3657,630.1916,201.499,1107.9853,0.6803,0.186,1,273,0,0.0,none,0.3816,0.3896
904574,MIDWAY RD @ BEECH DR,33.7581,-84.2516,No Infrastructure,No Infrastructure,1.0,2.2,1.3057,0.3029,0.4459,165190.6892,972822.9817,142.689,0.0417,1.12,83.5287,12.9862,621.3412,206.6046,1095.9294,0.6675,0.186,1,267,0,0.0,none,0.3751,0.383
904693,PEACHCREST RD @ BENNINGTON DR,33.7566,-84.2514,No Infrastructure,No Infrastructure,0.0,0.0,1.2665,0.4208,0.3729,229498.6689,813538.4599,94.2998,0.0435,1.4696,116.7674,14.1827,585.923,213.1773,810.279,0.6362,0.1302,1,267,0,0.0,none,0.1236,0.1389
904694,MIDWAY RD @ PEACHCREST RD,33.7576,-84.2517,No Infrastructure,No Infrastructure,0.0,0.0,1.2769,0.2601,0.4143,141849.0862,903842.8155,133.0727,0.0435,1.0771,79.0775,21.6594,616.5647,169.6936,987.8336,0.7248,0.186,1,273,0,0.0,none,0.262,0.2675
904695,E PONCE DE LEON AVE @ 2995,33.7844,-84.2716,Moderate,Moderate,49.5,43.1,1.4932,0.1839,0.2239,100302.6446,488541.902,482.9246,0.1923,1.1742,70.3051,30.293,330.1083,60.805,298.9677,0.8158,0.0945,1,280,0,0.0,none,0.0022,0.0029
904465,E PONCE DE LEON AVE @ 2942,33.7829,-84.2731,Moderate,Moderate,60.7,55.2,1.3206,0.3205,0.2716,174815.7068,592456.8095,396.1963,0.2192,1.1472,42.7085,3.7961,346.704,105.976,432.0059,0.6943,0.0945,1,280,0,0.0,none,0.0053,0.0069
904466,E PONCE DE LEON AVE @ DEKALB INDUSTRIAL WAY,33.7815,-84.2743,Moderate,Moderate,57.4,51.5,1.2547,0.3827,0.2878,208713.2528,627848.5731,342.3348,0.2043,1.0831,39.677,9.9979,366.6666,129.3313,532.2184,0.6473,0.0945,1,280,0,0.0,none,0.0075,0.0097
904467,E PONCE DE LEON AVE @ 2818,33.7795,-84.276,No Infrastructure,Poor,11.5,18.3,1.2469,0.2554,0.2157,139287.0239,470599.7793,565.7014,0.1515,1.0433,39.7669,9.3226,496.1095,84.4379,492.5507,0.8298,0.0945,1,280,0,0.0,none,0.0106,0.0138
904379,KENSINGTON RD @ MEMORIAL DR,33.7723,-84.2482,Good,Good,85.0,84.4,1.1744,0.4752,0.4179,259178.1738,911823.4718,389.3707,0.1207,1.0634,44.8517,18.092,782.7896,334.1265,1303.7871,0.5732,,2,533,2,1.534,planned,0.0002,0.0
904381,COVINGTON HWY @ MEMORIAL DR,33.7669,-84.2513,Good,Good,85.0,87.8,1.1221,0.477,0.3561,260161.0844,776968.5731,623.3066,0.0516,1.1204,37.5115,15.7612,513.5059,240.5984,796.0762,0.5315,0.1789,1,413,7,8.7931,none,0.0042,0.0044
904468,COVINGTON HWY @ E CLUBHOUSE CIR,33.7637,-84.2507,Good,Good,84.7,84.1,1.0986,0.4042,0.3658,220456.6995,798023.6137,483.6827,0.1429,1.1273,45.2461,24.2098,636.4371,238.5734,862.0749,0.6251,0.1302,1,413,2,2.32,none,0.0037,0.0042
904470,COVINGTON HWY @ BEECH DR,33.7615,-84.2473,Good,Good,79.0,73.8,1.0644,0.4107,0.4054,223999.971,884391.4256,509.7521,0.1756,1.1196,36.3818,6.6796,655.5713,260.6838,1125.6331,0.6024,0.1302,1,406,4,3.5536,none,0.0051,0.0057
904471,COVINGTON HWY @ BEECH DR,33.7615,-84.2471,Good,Good,79.2,76.0,1.0644,0.4107,0.4054,223999.971,884391.4256,509.7521,0.1756,1.1196,36.3818,9.5324,668.8063,260.6838,1125.6331,0.6102,0.1302,1,413,4,3.5536,none,0.0046,0.0052
904416,COVINGTON HWY @ RICHARD RD,33.7611,-84.246,Good,Good,79.3,74.8,1.0564,0.3755,0.3657,204805.9624,797749.5632,489.2599,0.1742,1.0649,35.063,7.3983,736.1366,264.9158,1012.451,0.6401,0.1302,1,406,4,3.9508,none,0.0026,0.003
904417,COVINGTON HWY @ RICHARD RD,33.7608,-84.245,Good,Good,79.7,75.0,1.0636,0.4258,0.3978,232251.3183,867895.902,538.6686,0.1691,1.0646,33.7504,10.5192,800.8272,347.4624,1187.5999,0.5661,0.1302,1,406,2,1.6841,none,0.005,0.0056
904418,COVINGTON HWY @ WESTON DR,33.7605,-84.2436,Good,Good,81.6,77.3,1.0537,0.5113,0.3863,278846.1214,842669.2627,454.2669,0.1472,1.0503,31.612,5.5484,876.8463,438.4372,1190.002,0.5,0.1302,1,406,1,0.8403,none,0.0028,0.0032
904419,COVINGTON HWY @ PORTER RD,33.7608,-84.2442,Good,Good,80.3,78.1,1.064,0.4086,0.3811,222837.8174,831522.5639,602.3572,0.1572,1.0571,30.4407,3.9036,855.2014,348.7181,1169.1705,0.5922,0.1789,1,413,0,0.0,none,0.0047,0.0049
901202,COVINGTON HWY @ CANAL ST,33.7599,-84.2422,Good,Good,82.0,80.8,1.1626,0.3563,0.3558,194318.1107,776316.5905,724.0944,0.1439,1.069,30.3535,20.6352,909.0025,306.9136,1128.5275,0.6624,0.1611,1,406,5,4.4306,none,0.032,0.0341
901275,COVINGTON HWY @ DOVE VALLEY RD,33.7604,-84.2428,Good,Good,81.6,79.2,1.0634,0.4182,0.3892,228098.0481,849105.7544,615.0736,0.1465,1.0898,31.5138,9.7767,927.4174,370.6509,1207.5298,0.6003,0.1789,1,413,3,2.4844,none,0.0043,0.0045
901308,DEKALB INDUSTRIAL WAY @ N ARCADIA AVE,33.7836,-84.2764,Moderate,Moderate,60.9,56.5,1.2618,0.4694,0.3428,256009.328,747909.4356,332.1373,0.1782,1.0825,47.3895,23.4806,545.287,268.5537,828.2035,0.5075,0.0945,1,149,1,1.2074,none,0.0483,0.0628
901197,N ARCADIA AVE @ COALTER WAY,33.7825,-84.2771,Poor,Poor,20.4,37.2,1.38,0.4143,0.3331,225947.4779,726788.548,463.8388,0.1613,1.0496,42.5706,40.1941,624.9246,263.8734,933.9956,0.5778,0.0945,1,143,1,1.0707,none,0.1329,0.1727
901198,N ARCADIA AVE @ WINN WAY,33.7794,-84.2792,Moderate,Moderate,68.6,66.5,1.2211,0.468,0.4118,255246.0657,898350.4353,354.4525,0.1209,1.0358,46.2467,21.924,845.0818,392.1573,1538.3296,0.536,0.0448,2,292,0,0.0,none,0.0743,0.1513
901311,COVINGTON RD @ STRATFORD GRN,33.7742,-84.2595,Good,Good,78.3,78.1,1.1415,0.4358,0.3368,237681.5473,734723.2254,261.5985,0.1519,1.0544,48.9112,13.6731,777.9126,344.8376,1004.3142,0.5567,0.186,1,406,2,1.9914,none,0.0215,0.0219
901312,MEMORIAL DR @ KENSINGTON RD,33.773,-84.2487,Good,Good,85.0,84.8,1.1637,0.55,0.46,300004.1688,1003663.2121,434.9478,0.18,1.0218,42.3304,21.1814,821.4471,451.1516,1522.2158,0.4508,0.0857,2,789,2,1.3139,planned,0.0293,0.0
901201,MEMORIAL DR @ MOUNTAIN DR,33.7742,-84.2478,Good,Good,85.0,82.0,1.1619,0.4321,0.4237,235687.4611,924478.6966,496.7875,0.1752,1.0291,37.904,28.7453,985.107,402.0978,1522.714,0.5918,0.0857,2,789,0,0.0,none,0.0336,0.0472
901203,MEMORIAL DR @ CAMP RD,33.7765,-84.2444,Good,Good,85.0,84.3,1.2044,0.4875,0.3626,265891.7976,791120.6745,645.3063,0.125,1.083,39.9867,48.9622,1136.8767,490.5057,1506.4338,0.5685,0.0857,1,515,1,0.6638,none,0.0452,0.0633
901313,S COLUMBIA DR @ CARTER RD,33.7594,-84.2757,Moderate,Moderate,59.4,62.8,1.2406,0.0838,0.0832,45732.1568,181440.7096,162209.5101,0.3333,1.0111,155.3669,10.1678,600.5116,39.8845,154.0897,0.9336,0.0646,1,267,0,0.0,none,0.0005,0.0009
901314,COLUMBIA DR @ RUSSELL DR,33.7591,-84.2751,Moderate,Good,65.0,73.1,1.0977,0.2308,0.1826,125883.1981,398433.692,275.9613,0.2308,1.0412,42.0471,1.7922,598.8088,164.7461,485.0219,0.7249,0.0646,1,266,0,0.0,none,0.0004,0.0007
900715,COLUMBIA DR @ FORREST BLVD,33.7572,-84.2718,Good,Good,100.0,92.0,1.1758,0.2818,0.3587,153713.1783,782636.5096,314.0579,0.1857,1.0332,39.1774,5.9284,553.6273,168.1701,848.3009,0.6962,0.0279,1,266,0,0.0,none,0.0017,0.007
900716,COLUMBIA DR @ MIDWAY RD,33.756,-84.2694,Good,Good,85.0,88.1,1.217,0.5545,0.4495,302407.1977,980552.7067,925.8727,0.0772,1.0842,30.454,28.4555,539.9712,304.0011,1035.4213,0.437,0.186,1,266,5,4.829,none,0.0275,0.0281
900718,S COLUMBIA DR @ CLARENDON AVE,33.7565,-84.2708,Good,Good,85.0,86.4,1.2,0.3664,0.4064,199830.5928,886614.5977,707.6816,0.1081,1.0868,30.6913,6.4274,536.6037,206.519,945.9266,0.6151,0.0646,1,267,0,0.0,none,0.0133,0.022
901408,MEMORIAL DR @ MOUNTAIN DR,33.774,-84.2482,Good,Good,85.0,83.4,1.1582,0.4864,0.4499,265307.34,981585.9625,498.9045,0.1799,1.0231,39.5455,17.5384,942.4763,437.4979,1540.8295,0.5358,0.0857,2,802,0,0.0,none,0.03,0.042
901409,MEMORIAL DR @ NOTTINGHAM DR,33.767,-84.2529,Good,Good,85.0,90.9,1.2162,0.4652,0.3518,253702.9038,767597.3196,571.4138,0.0769,1.1038,39.3991,17.3262,522.6236,247.3257,784.8791,0.5268,0.186,2,533,4,5.0963,none,0.0083,0.0085
901411,KENSINGTON RD @ COVINGTON HWY,33.7718,-84.2544,Good,Good,85.0,85.6,1.1272,0.4799,0.4763,261747.2958,1039021.2153,404.4633,0.1567,1.0832,42.9867,9.44,664.5224,281.9866,1291.9398,0.5757,0.0857,1,413,1,0.774,planned,0.0147,0.0
900719,COVINGTON RD @ STRATFORD GRN,33.7743,-84.259,Good,Good,78.3,77.9,1.131,0.455,0.3424,248147.5389,746894.2288,328.2146,0.1392,1.0611,46.9769,28.0596,793.3559,361.053,1025.2768,0.5449,0.186,1,413,2,1.9507,none,0.0203,0.0208
900722,COVINGTON RD @ S AVONDALE PLZ,33.7757,-84.2652,Good,Good,78.3,78.0,1.1521,0.4884,0.4148,266356.1971,905013.1188,593.0477,0.0714,1.1209,43.241,38.1913,814.6009,402.7604,1231.2903,0.5056,0.0279,1,406,0,0.0,none,0.0102,0.0409
901020,NORTHERN AVE @ MEMORIAL DR,33.7779,-84.244,Good,Good,85.0,84.6,1.3682,0.3128,0.3107,170604.8943,677838.6831,610.6011,0.1667,1.0595,34.5728,8.3968,999.7925,307.3483,1319.2033,0.6926,0.0857,1,274,1,0.758,none,0.0652,0.0914
901021,NORTHERN AVE @ 260 (BLDG 10),33.7803,-84.245,No Infrastructure,No Infrastructure,5.5,9.6,1.3179,0.2317,0.259,126373.7189,565017.8247,269.0197,0.3,1.1896,59.503,31.4327,823.1947,184.8015,986.8575,0.7755,0.0857,1,274,0,0.0,none,0.1893,0.2654
901023,NORTHERN AVE @ 281,33.7818,-84.2474,No Infrastructure,No Infrastructure,0.0,0.0,1.311,0.344,0.2631,187642.533,573973.589,189.985,0.303,1.1205,67.2353,10.2562,803.8866,274.8847,820.7791,0.6581,0.0857,1,274,0,0.0,none,0.1187,0.1665
901024,NORTHERN AVE @ ROCKBRIDGE RD,33.783,-84.2485,No Infrastructure,No Infrastructure,0.1,0.6,1.2364,0.4046,0.3253,220678.9168,709695.9943,176.3405,0.2,1.0739,63.8146,17.687,743.2749,317.6584,965.1527,0.5726,0.0857,1,274,0,0.0,none,0.1492,0.2093
901109,ROCKBRIDGE RD @ WILLOW RIDGE WAY,33.7832,-84.2473,No Infrastructure,No Infrastructure,4.0,7.0,1.4812,0.2455,0.2649,133906.4125,577922.3929,201.3944,0.1667,1.0813,60.2896,6.0237,799.007,207.1854,820.368,0.7407,0.0857,1,274,0,0.0,none,0.1225,0.1717
901111,ROCKBRIDGE RD @ WILLOW RIDGE WAY,33.7833,-84.2471,No Infrastructure,No Infrastructure,4.8,8.4,1.4812,0.2455,0.2649,133906.4125,577922.3929,201.3944,0.1667,1.0813,60.2896,9.5455,803.4966,207.1854,820.368,0.7421,0.0818,1,280,0,0.0,none,0.1174,0.1692
901112,NORTHERN AVE @ 280,33.7818,-84.2477,No Infrastructure,No Infrastructure,0.0,0.0,1.311,0.344,0.2631,187642.533,573973.589,189.985,0.303,1.1205,67.2353,18.3695,794.539,274.8847,820.7791,0.654,0.0857,1,280,0,0.0,none,0.1187,0.1665
901025,NORTHERN AVE @ 260 (BLDG 20),33.7814,-84.2468,No Infrastructure,No Infrastructure,0.0,0.0,1.3167,0.2687,0.2631,146550.6893,573943.8625,228.0681,0.3448,1.2211,71.6704,11.9324,820.8574,213.371,864.8828,0.7401,0.0857,1,280,0,0.0,none,0.1361,0.1908
901026,NORTHERN AVE @ 260 (BLDG 10)),33.7804,-84.2452,No Infrastructure,No Infrastructure,4.4,7.8,1.3179,0.2317,0.259,126373.7189,565017.8247,269.0197,0.3,1.1896,59.503,16.0194,823.3636,184.8015,986.8575,0.7756,0.0857,1,280,0,0.0,none,0.1931,0.2707
901058,MEMORIAL DR @ COVINGTON DR,33.7625,-84.2583,Good,Good,72.8,70.5,1.0403,0.3415,0.2156,186267.788,470307.3394,229.1347,0.26,1.1474,71.2615,15.5398,688.6106,246.8337,622.603,0.6415,0.186,1,259,4,6.4246,none,0.0001,0.0002
901113,MEMORIAL DR @ 3850,33.7606,-84.2605,Moderate,Moderate,66.0,62.2,1.216,0.1741,0.2026,94937.5905,441944.2788,424.8596,0.1786,1.0562,58.1954,19.7166,690.6864,114.5824,598.5276,0.8341,0.186,1,259,0,0.0,none,0.009,0.0092
901114,MEMORIAL DR @ BOBBIE LN,33.7591,-84.2621,Good,Good,80.4,76.7,1.0903,0.3853,0.3258,210173.7846,710834.0344,321.2451,0.1324,1.0251,48.0684,1.8664,691.5364,282.9021,923.0147,0.5909,0.186,1,259,3,3.2502,none,0.0068,0.007
901221,MEMORIAL DR @ BEECH DR,33.7585,-84.2628,Good,Good,83.3,80.4,1.1201,0.4252,0.302,231913.2718,658864.431,345.4779,0.0952,1.0452,52.9401,4.765,691.3811,316.0142,815.3559,0.5429,0.186,1,259,3,3.6794,none,0.0075,0.0077
901215,MEMORIAL DR @ MIDWAY RD,33.756,-84.2657,Good,Good,85.0,84.1,1.1863,0.6558,0.4586,357675.1451,1000487.985,904.8384,0.0743,1.0663,33.6077,21.5836,633.9642,415.9561,1114.2405,0.3439,0.186,1,266,0,0.0,none,0.0344,0.0351
901216,MEMORIAL DR @ BEECH DR,33.7583,-84.2629,Good,Good,83.2,80.4,1.1103,0.4241,0.3789,231285.9285,826530.4103,337.0435,0.0976,1.048,50.966,6.9798,693.6565,315.4259,1061.6528,0.5453,0.186,1,266,3,2.8258,none,0.0139,0.0142
901217,MEMORIAL DR @ BOBBIE LN,33.759,-84.2621,Good,Good,80.5,77.4,1.0883,0.3848,0.3188,209851.4406,695534.2552,324.3254,0.1429,1.0244,47.8501,9.1073,695.1798,282.9477,903.7206,0.593,0.186,1,266,3,3.3196,none,0.006,0.0061
901222,MEMORIAL DR @ 3850,33.7604,-84.2602,Moderate,Moderate,65.9,61.6,1.216,0.1741,0.2026,94937.5905,441944.2788,424.8596,0.1786,1.0562,58.1954,43.354,700.0801,114.5824,598.5276,0.8363,0.186,1,266,0,0.0,none,0.0092,0.0094
901223,MEMORIAL DR @ COVINGTON DR,33.7625,-84.2581,Good,Good,72.9,70.3,1.0397,0.3415,0.2201,186267.788,480125.7764,234.1121,0.283,1.1445,69.0874,14.9886,695.512,246.8337,633.7108,0.6451,0.186,1,266,4,6.312,none,0.0001,0.0001
901276,KENSINGTON RD @ 3560,33.7717,-84.2451,Moderate,Moderate,64.1,62.7,1.2215,0.188,0.2809,102541.1658,612887.4489,533.8615,0.2444,1.092,38.1056,40.909,1029.6459,215.4929,1145.7472,0.7907,,2,533,0,0.0,planned,0.0005,0.0
901277,N ARCADIA AVE @ GRAYSON PL,33.7802,-84.2783,Poor,Moderate,26.9,46.5,1.3698,0.3475,0.3594,189504.7491,784061.1179,388.6192,0.0746,1.0865,44.472,10.925,727.5199,240.9184,1244.1501,0.6688,0.0945,1,149,0,0.0,none,0.2252,0.2926
901278,COVINGTON HWY @ 3597,33.7632,-84.2504,Good,Good,83.9,81.5,1.1141,0.4446,0.3747,242488.1329,817375.2985,519.8734,0.124,1.1239,41.5773,6.4905,633.5161,264.2992,926.0387,0.5828,0.1302,1,406,1,1.0799,none,0.0089,0.01
901280,MIDWAY RD @ LARK LN,33.7604,-84.2517,No Infrastructure,Poor,13.7,29.1,1.2031,0.3918,0.4333,213715.0237,945260.9362,229.1377,0.1296,1.1306,49.9018,6.304,656.9976,252.0908,1063.6256,0.6163,0.186,1,273,1,0.9402,none,0.1631,0.1666
901429,PEACHCREST RD @ COLUMBIA TRCE,33.7441,-84.2532,Good,Moderate,71.0,61.8,1.0705,0.2495,0.2489,136089.8565,542959.5691,329.1938,0.2195,1.012,48.1413,7.3227,730.5346,192.2247,734.1542,0.7369,0.1302,1,273,0,0.0,none,0.0021,0.0023
901431,MEMORIAL DR @ 3982,33.7651,-84.255,Good,Good,71.7,79.4,1.167,0.1821,0.2899,99331.0126,632565.888,643.8303,0.0698,1.0644,37.3498,21.4682,672.419,132.279,685.784,0.8033,0.186,2,533,0,0.0,none,0.0072,0.0073
901424,COVINGTON DR @ MEMORIAL DR,33.7626,-84.2579,Good,Moderate,72.8,68.1,1.0418,0.3271,0.228,178383.785,497452.3397,234.1121,0.2692,1.1456,68.3393,7.4444,697.9526,238.5978,652.5259,0.6581,0.186,1,267,4,6.13,none,0.0003,0.0003
901426,MEMORIAL DR @ KENSINGTON RD,33.7722,-84.2494,Good,Good,85.0,83.2,1.1013,0.5632,0.4514,307202.4272,984801.9104,468.7497,0.1524,1.055,40.272,8.2045,692.5822,378.6209,1387.0991,0.4533,0.0857,2,802,3,2.1628,planned,0.0109,0.0
900687,KENSINGTON RD @ 3560,33.7712,-84.2436,Good,Good,77.8,71.5,1.2034,0.2378,0.2939,129710.507,641254.8749,471.6383,0.25,1.1216,40.2902,14.2724,1110.1114,296.7976,1359.6075,0.7326,0.1789,2,533,0,0.0,planned,0.0999,0.0
900741,KENSINGTON RD @ CAMP RD,33.7711,-84.242,Good,Good,80.4,78.5,1.1373,0.3473,0.2905,189423.5668,633757.7002,288.4809,0.2561,1.0786,41.8145,33.3773,1234.0179,467.0263,1499.6128,0.6215,,2,533,0,0.0,planned,0.0002,0.0
900742,KENSINGTON RD @ PORTER RD,33.771,-84.2417,Good,Good,79.9,77.3,1.1373,0.3473,0.2905,189423.5668,633757.7002,288.4809,0.2561,1.0786,41.8145,2.985,1256.5988,467.0263,1499.6128,0.6283,0.1789,2,533,0,0.0,planned,0.0406,0.0
903304,KENSINGTON RD @ CAMP RD,33.7716,-84.2401,Good,Good,80.4,78.5,1.3308,0.3624,0.2691,197645.9128,587062.3843,338.3321,0.2381,1.1315,44.2298,6.9661,1365.4537,507.053,1445.725,0.6287,,2,533,0,0.0,planned,0.0005,0.0
903305,COVINGTON HWY @ CANAL ST,33.7599,-84.2416,Good,Good,81.7,79.0,1.0407,0.336,0.3565,183236.1991,777759.6932,564.3223,0.127,1.0712,31.1702,16.5172,938.0865,282.2978,1148.207,0.6991,0.1789,1,413,7,6.0965,none,0.0012,0.0012
903327,COVINGTON HWY @ REDAN RD,33.759,-84.2408,Good,Good,79.6,75.3,1.0434,0.3672,0.3799,200280.8097,828890.3083,546.4822,0.1301,1.0858,33.3327,16.4771,847.3741,269.8341,1199.1066,0.6816,0.1611,1,406,7,5.8377,none,0.0019,0.002
903328,COVINGTON HWY @ REDAN RD,33.7585,-84.2401,Good,Good,77.2,73.8,1.188,0.3453,0.3578,188330.4749,780519.1977,527.0665,0.1239,1.0738,34.9664,21.4886,790.2074,259.4862,1156.9441,0.6716,0.1789,1,413,6,5.1861,none,0.0619,0.0648
903359,MEMORIAL DR @ NORTHERN AVE,33.7769,-84.2444,Good,Good,85.0,84.0,1.1756,0.5565,0.3659,303549.6166,798324.0088,536.9684,0.1404,1.0889,40.8357,27.2983,1091.2306,592.0053,1536.7196,0.4575,0.0857,2,802,1,0.6507,none,0.0353,0.0494
903385,ROCKBRIDGE RD @ 3656,33.7823,-84.2412,No Infrastructure,No Infrastructure,5.0,8.2,1.2728,0.3128,0.187,170618.6406,407992.1409,1140.7812,0.027,1.0649,34.5462,161.184,819.6695,267.6136,680.0263,0.6735,0.0857,1,280,0,0.0,none,0.0441,0.0619
903388,ROCKBRIDGE RD @ 3672,33.7823,-84.2407,No Infrastructure,No Infrastructure,6.3,10.5,1.2728,0.3128,0.187,170618.6406,407992.1409,1140.7812,0.027,1.0649,34.5462,155.084,818.2773,267.6136,680.0263,0.673,0.0857,1,274,0,0.0,none,0.043,0.0603
900859,MORELAND AVE NE @ WADE ST NE,33.7566,-84.3492,Good,Good,85.0,83.4,1.326,0.4857,0.4236,264895.7126,924046.0144,975.1227,0.0491,1.0296,30.1236,19.2666,1862.6076,936.7448,2829.2205,0.4971,0.1431,3,686,0,0.0,none,0.1357,0.1455
900952,SEABOARD AVE NE @ BRANTLEY ST NE,33.7584,-84.3499,Good,Good,85.0,83.7,1.2447,0.4541,0.4159,247670.1233,907284.7936,1129.1658,0.0625,1.0423,26.7157,4.7204,1696.7018,864.6911,2754.0309,0.4904,0.1431,4,1104,2,0.7262,none,0.1019,0.1093
900954,MORELAND AVE NE @ BOULEVARD DR NE,33.7537,-84.3493,Good,Good,85.0,84.9,1.2033,0.5231,0.5386,285282.4885,1175090.6388,614.9208,0.0428,1.0606,33.003,10.0754,1793.3614,1012.4421,3349.5544,0.4355,0.1431,3,686,1,0.2985,none,0.0777,0.0833
901100,MORELAND AVE NE @ WYLIE ST SE,33.7522,-84.3493,Good,Good,85.0,86.3,1.2351,0.533,0.5568,290701.9921,1214740.9939,706.2902,0.0435,1.0689,32.4231,15.6139,1548.1939,809.9757,3326.0507,0.4768,0.1431,3,686,1,0.3007,none,0.0834,0.0894
901045,MORELAND AVE SE @ KIRKWOOD AVE SE,33.7498,-84.3493,Good,Good,85.0,90.9,1.2344,0.5612,0.4982,306078.9987,1086926.2231,873.6683,0.1147,1.0574,27.4353,38.084,1167.0132,637.6266,2555.4426,0.4536,0.1431,3,686,0,0.0,none,0.0532,0.0571
901047,MORELAND AVE SE @ MEMORIAL DR SE,33.7478,-84.3494,Good,Good,85.0,87.9,1.1108,0.6044,0.5395,329630.539,1176945.6145,659.9317,0.1978,1.0342,26.9458,4.4705,1008.5124,634.1435,2405.4542,0.3712,0.1431,3,686,1,0.4157,none,0.0185,0.0198
901101,MORELAND AVE SE @ FAITH AVE SE,33.7434,-84.3493,Good,Good,85.0,84.9,1.1544,0.4402,0.4992,240096.0072,1089135.3246,939.7635,0.072,1.0837,24.699,1.1009,911.8555,389.4911,1886.1386,0.5729,0.0255,3,686,1,0.5302,none,0.0071,0.0425
104012,MORELAND AVE SE @ SANDERS AVE SE,33.7419,-84.3493,Good,Good,85.0,82.7,1.1889,0.5417,0.5118,295453.6895,1116577.3355,1047.7154,0.0651,1.0793,26.3573,4.408,929.8708,483.4794,1925.7676,0.4801,0.0255,3,686,2,1.0385,none,0.0121,0.0725
104013,MORELAND AVE SE @ GLENWOOD AVE,33.7406,-84.3494,Good,Good,85.0,84.3,1.1397,0.6287,0.5171,342893.8702,1128070.3639,1141.555,0.0453,1.0934,27.5349,4.5161,967.1573,580.1659,1965.8204,0.4001,0.0255,1,273,2,1.0174,none,0.0062,0.0373
104436,MEMORIAL DR SE @ VENICE DR,33.7472,-84.286,Moderate,Moderate,66.5,62.8,1.2479,0.3728,0.2869,203348.2266,625982.038,232.5706,0.1538,1.1131,72.5113,6.1246,500.5324,180.0679,674.4414,0.6402,0.0646,1,259,0,0.0,none,0.0134,0.0221
105002,FLAT SHOALS AVE SE @ MAY AVE SE,33.7391,-84.344,Good,Good,85.0,83.9,1.0883,0.4853,0.5253,264699.1638,1146134.4611,482.5261,0.125,1.0507,37.2122,3.8807,744.4834,364.4596,1659.2041,0.5105,0.0314,2,413,1,0.6027,completed,0.0044,0.0
105004,FLAT SHOALS AVE SE @ MILTON PL SE,33.7361,-84.3418,Good,Good,85.0,83.4,1.1016,0.473,0.4131,258000.8749,901204.6797,92.531,0.25,1.0049,94.8526,4.8532,829.1155,393.4325,1315.2777,0.5255,0.0314,2,413,0,0.0,completed,0.0051,0.0
105006,FLAT SHOALS AVE SE @ EAST SIDE AVE,33.7339,-84.3402,Good,Good,85.0,84.6,1.1428,0.2916,0.2983,159023.1506,650800.7042,115.2107,0.2222,1.0119,93.4508,15.5558,809.6051,241.9626,965.4015,0.7011,0.0314,2,413,0,0.0,completed,0.005,0.0
105016,FLAT SHOALS RD SE @ LEAH LN SE,33.7293,-84.3287,No Infrastructure,No Infrastructure,0.0,0.0,1.0927,0.2511,0.3151,136963.0846,687378.1379,88.6271,0.1176,1.0099,101.7712,9.074,686.7677,187.6148,911.914,0.7268,0.0257,1,210,0,0.0,completed,0.0058,0.0
105018,FLAT SHOALS RD SE @ 1909,33.7276,-84.3253,No Infrastructure,No Infrastructure,6.7,6.7,1.1224,0.2379,0.2541,129756.3133,554406.8513,279.3426,0.22,1.0896,38.6484,14.2598,664.9839,174.7565,684.6486,0.7372,0.0257,1,210,0,0.0,completed,0.0035,0.0
105038,GLENWOOD AVE SE @ MAYNARD TER SE,33.74,-84.3349,Good,Good,85.0,84.8,1.0299,0.3653,0.3629,199223.0843,791819.5571,163.0106,0.0652,1.0073,54.1052,7.3497,711.8871,264.035,1007.114,0.6291,0.0257,1,267,1,0.9929,none,0.0,0.0002
105040,GLENWOOD AVE SE @ CLIFTON ST SE,33.7399,-84.3323,Good,Good,85.0,84.3,1.0563,0.3153,0.3406,171983.5294,743046.1169,258.5655,0.0508,1.0367,46.1737,7.5151,695.859,233.2814,909.7924,0.6648,0.0257,1,267,0,0.0,none,0.0003,0.0013
105042,GLENWOOD AVE SE @ WINTHROP DR SE,33.7399,-84.3306,Good,Good,84.1,82.9,1.1491,0.2675,0.3075,145873.3139,670770.1486,387.7899,0.0645,1.0453,38.4096,2.775,660.0254,185.4595,803.1294,0.719,0.0314,1,267,0,0.0,none,0.0034,0.0095
105044,GLENWOOD AVE SE @ HOWARD ST SE,33.7397,-84.3263,Moderate,Moderate,68.2,61.0,1.0786,0.3465,0.283,188963.2604,617480.9983,262.5481,0.0484,1.0777,43.3258,5.6852,563.754,195.9919,686.3562,0.6523,0.0607,1,267,1,1.457,none,0.0015,0.0027
105074,GLENWOOD AVE SE @ WINTHROP DR SE,33.7399,-84.3301,Good,Good,82.2,79.2,1.0604,0.2455,0.3007,133872.3748,655943.2113,504.3314,0.0694,1.0601,33.9816,19.2682,645.8864,168.8929,785.2697,0.7385,0.0314,1,261,0,0.0,none,0.0004,0.0012
105075,GLENWOOD AVE SE @ CLIFTON ST SE,33.74,-84.3326,Good,Good,85.0,83.8,1.0432,0.3153,0.3415,171983.5294,745138.7819,261.52,0.0517,1.0375,45.7479,30.4997,697.9416,233.2814,913.2548,0.6658,0.0314,1,261,0,0.0,none,0.0002,0.0006
105076,GLENWOOD AVE SE @ MAYNARD TER SE,33.74,-84.3348,Good,Good,85.0,83.8,1.0311,0.3729,0.3656,203369.0711,797521.4576,159.186,0.0638,1.0074,59.2554,17.7573,708.3579,268.3767,1013.128,0.6211,0.0314,1,261,1,0.987,none,0.0001,0.0003
105094,FLAT SHOALS RD SE @ 1930,33.7278,-84.3254,No Infrastructure,No Infrastructure,6.7,6.7,1.1224,0.2379,0.2541,129756.3133,554406.8513,279.3426,0.22,1.0896,38.6484,29.3894,661.1233,174.7565,684.6486,0.7357,0.0257,1,198,0,0.0,completed,0.0035,0.0
105096,FLAT SHOALS RD SE @ HILLBURN DR SE,33.7288,-84.3269,No Infrastructure,No Infrastructure,0.0,0.0,1.0789,0.3349,0.3187,182685.5263,695272.0011,107.1656,0.2778,1.0559,97.3074,26.9399,648.1454,219.5935,895.3721,0.6612,0.0257,1,198,0,0.0,completed,0.0037,0.0
105098,FLAT SHOALS RD SE @ LEAH LN SE,33.7292,-84.3283,No Infrastructure,No Infrastructure,0.0,0.0,1.0927,0.2511,0.3151,136963.0846,687378.1379,88.6271,0.1176,1.0099,101.7712,41.5803,676.7158,187.6148,911.914,0.7228,0.0257,1,198,0,0.0,completed,0.0058,0.0
105107,FLAT SHOALS RD SE @ HILLBURN DR SE,33.7287,-84.3272,No Infrastructure,No Infrastructure,0.0,0.0,1.0789,0.3349,0.3187,182685.5263,695272.0011,107.1656,0.2778,1.0559,97.3074,5.8391,660.2476,219.5935,895.3721,0.6674,0.0257,1,210,0,0.0,completed,0.0037,0.0
105118,FLAT SHOALS AVE SE @ EAST SIDE AVE,33.7338,-84.34,Good,Good,85.0,83.9,1.1432,0.2764,0.2972,150732.0037,648344.291,115.2107,0.2222,1.0119,93.4508,6.062,808.7415,229.364,961.7505,0.7164,0.0314,2,408,0,0.0,completed,0.0052,0.0
105120,FLAT SHOALS AVE SE @ VAN EPPS AVE SE,33.7367,-84.342,Good,Good,85.0,85.0,1.1059,0.4365,0.4576,238047.1676,998316.1783,148.4167,0.2381,1.0035,68.7862,33.7519,824.4612,362.0922,1436.7204,0.5608,0.0314,2,408,0,0.0,completed,0.0056,0.0
105122,FLAT SHOALS AVE SE @ NEWTON AVE SE,33.7376,-84.3425,Good,Good,85.0,84.9,1.0911,0.3514,0.4801,191663.5764,1047366.0392,340.7477,0.1646,1.017,39.432,41.0841,800.2349,283.761,1506.9249,0.6454,0.0314,2,408,0,0.0,completed,0.0041,0.0
105124,BOULDERCREST DR SE @ PIPER CIR SE,33.7269,-84.3332,No Infrastructure,No Infrastructure,0.0,0.0,1.1328,0.3267,0.2891,178193.3601,630819.489,86.8997,0.0625,1.2371,137.1208,10.9127,636.1133,214.2303,741.2855,0.6632,0.0257,1,210,0,0.0,none,0.0057,0.0293
105126,BOULDERCREST DR SE @ STALLINGS AVE SE,33.7278,-84.3336,No Infrastructure,No Infrastructure,0.1,0.8,1.1711,0.4434,0.3028,241862.7627,660508.932,88.526,0.0833,1.1609,108.6167,13.1228,644.8151,314.101,802.4038,0.5129,0.0257,1,210,0,0.0,none,0.0137,0.0707
105130,BOULDERCREST DR SE @ FLAT SHOALS RD SE,33.7306,-84.3362,Moderate,Moderate,67.6,57.4,1.1885,0.2535,0.3489,138258.7702,761147.007,268.0548,0.1395,1.1062,45.3413,6.8956,694.567,188.9221,1007.1474,0.728,0.0257,1,210,0,0.0,completed,0.0144,0.0
105152,FLAT SHOALS AVE SE @ NEWTON AVE SE,33.7381,-84.3428,Good,Good,85.0,83.5,1.1024,0.3312,0.4633,180638.6995,1010674.5407,444.4911,0.1795,1.0173,37.3806,6.2693,784.1687,266.4858,1444.2937,0.6602,0.0314,2,413,0,0.0,completed,0.0058,0.0
105158,FLAT SHOALS AVE SE @ CAVANAUGH AVE SE,33.7312,-84.3372,Good,Moderate,70.2,61.3,1.4092,0.2013,0.2977,109798.7149,649537.079,357.9122,0.15,1.1266,40.8143,3.7982,715.8496,154.981,831.1626,0.7835,0.0257,2,413,0,0.0,completed,0.0143,0.0
105160,BOULDERCREST DR SE @ FLAT SHOALS RD SE,33.73,-84.3357,Poor,Moderate,25.7,40.1,1.1922,0.2793,0.3347,152330.1147,730224.8847,285.4696,0.1364,1.1082,43.77,39.2959,669.8072,207.3074,961.6297,0.6905,0.0257,1,203,0,0.0,completed,0.0182,0.0
105161,BOULDERCREST DR SE @ WINFIELD AVE SE,33.729,-84.3342,No Infrastructure,No Infrastructure,2.6,5.7,1.078,0.4165,0.3231,227165.101,704868.9614,182.63,0.0889,1.0793,50.845,10.5236,668.5611,300.6495,873.2856,0.5503,0.0257,1,210,0,0.0,none,0.003,0.0155
105162,BOULDERCREST DR SE @ BLACK OAK DR SE,33.7291,-84.3345,No Infrastructure,No Infrastructure,2.9,6.9,1.078,0.4165,0.3231,227165.101,704868.9614,182.63,0.0889,1.0793,50.845,21.9246,659.9503,300.6495,873.2856,0.5444,0.0257,1,203,0,0.0,none,0.003,0.0153
105164,BOULDERCREST DR SE @ STALLINGS AVE SE,33.7278,-84.3339,No Infrastructure,No Infrastructure,0.2,1.0,1.1711,0.4434,0.3028,241862.7627,660508.932,88.526,0.0833,1.1609,108.6167,22.1281,631.7613,314.101,802.4038,0.5028,0.0257,1,203,0,0.0,none,0.0137,0.0705
105166,BOULDERCREST DR SE @ WILLOW PL SE,33.7271,-84.3336,No Infrastructure,No Infrastructure,0.0,0.0,1.1403,0.2908,0.2894,158586.1771,631449.9124,87.7972,0.0714,1.3026,135.333,19.9167,623.8965,197.4105,749.4366,0.6836,0.0257,1,203,0,0.0,none,0.0064,0.033
105218,MEMORIAL DR SE @ DOUGLAS ST SE,33.7473,-84.3199,Good,Good,78.3,77.5,1.1597,0.1704,0.2256,92947.7323,492264.8879,462.6726,0.425,1.0389,39.7514,24.065,985.3308,145.136,991.1646,0.8527,0.0607,1,266,0,0.0,none,0.0147,0.0271
105220,MEMORIAL DR SE @ 2154,33.7473,-84.3173,Good,Good,71.7,70.8,1.2687,0.198,0.2683,108007.7167,585277.3319,258.1176,0.1667,1.0636,54.1333,60.6477,866.599,177.2277,1114.5619,0.7955,0.0607,1,266,0,0.0,none,0.0571,0.1057
105222,MEMORIAL DR SE @ WATSON CIR,33.7473,-84.3154,Good,Good,85.0,84.1,1.2839,0.2795,0.3286,152433.3575,716838.3871,124.8814,0.1471,1.046,65.3433,6.7223,844.3056,242.1781,1230.725,0.7132,0.0607,1,266,1,0.8125,none,0.04,0.074
105228,MEMORIAL DR SE @ WILKINSON DR SE,33.7474,-84.3285,Good,Good,85.0,83.2,1.1848,0.3915,0.4322,213531.501,942940.4231,412.7062,0.2049,1.0563,35.157,4.6705,1150.0094,405.0893,1920.6457,0.6478,0.0907,1,259,2,1.0413,none,0.049,0.0668
105251,GLENWOOD AVE SE @ TERRY MILL RD SE,33.7397,-84.3221,No Infrastructure,No Infrastructure,0.8,2.0,1.0234,0.2274,0.2058,124026.1057,449079.4198,213.4339,0.0417,1.1303,62.1456,3.9038,544.9481,118.7226,430.2836,0.7821,0.0607,1,267,1,2.324,none,0.0,0.0
105252,GLENWOOD AVE SE @ LOMITA RD,33.7398,-84.3207,No Infrastructure,No Infrastructure,0.0,0.0,1.0502,0.2599,0.211,141733.03,460426.6706,138.4053,0.0667,1.1233,99.8183,7.9739,552.3514,130.5148,429.2539,0.7637,0.0607,1,267,1,2.3296,none,0.0002,0.0003
105254,GLENWOOD AVE SE @ LOMITA RD SE,33.74,-84.3207,No Infrastructure,No Infrastructure,0.0,0.0,1.0502,0.2599,0.211,141733.03,460426.6706,138.4053,0.0667,1.1233,99.8183,11.1739,558.4262,130.5148,429.2539,0.7663,0.0607,1,261,1,2.3296,none,0.0002,0.0003
105260,GLENWOOD AVE SE @ EVA DAVIS WAY,33.7401,-84.3142,No Infrastructure,No Infrastructure,0.0,0.0,1.2497,0.3224,0.2775,175834.5863,605488.6502,607.3986,0.1216,1.0757,39.4574,26.6135,538.213,176.9624,663.1458,0.6712,0.0607,1,267,6,9.0478,none,0.0297,0.055
105264,GLENWOOD AVE SE @ EVA DAVIS WAY,33.7402,-84.3139,No Infrastructure,No Infrastructure,1.1,2.2,1.2497,0.3224,0.2775,175834.5863,605488.6502,607.3986,0.1216,1.0757,39.4574,6.3209,539.8524,176.9624,663.1458,0.6722,0.0133,2,464,6,9.0478,none,0.0043,0.0538
105339,MEMORIAL DR SE @ S HOWARD ST,33.7474,-84.3236,Good,Good,85.0,83.6,1.1991,0.4149,0.4501,226319.2301,981925.1557,280.7951,0.2195,1.0375,43.8548,16.1543,1196.8655,580.8109,2098.4646,0.5147,0.0907,1,259,0,0.0,none,0.0579,0.0789
105349,GLENWOOD AVE SE @ HOWARD ST SE,33.7398,-84.3264,Moderate,Moderate,68.2,60.0,1.078,0.3144,0.2864,171477.2964,624836.464,272.5666,0.0455,1.0758,42.0699,6.4277,566.5924,174.6696,701.3158,0.6917,0.0607,1,261,1,1.4259,none,0.0015,0.0027
105426,MEMORIAL DR SE @ WILKINSON DR SE,33.7474,-84.3287,Good,Good,85.0,84.7,1.1698,0.3989,0.4387,217573.3811,957000.0469,423.3867,0.1938,1.0527,35.2725,7.522,1126.7689,413.433,1952.3396,0.6331,0.0314,1,266,2,1.0244,none,0.0189,0.0531
105428,MEMORIAL DR SE @ WARREN ST SE,33.7474,-84.3263,Good,Good,85.0,83.2,1.1956,0.4993,0.4303,272348.7413,938830.5206,401.6807,0.216,1.0423,41.2645,5.2099,1226.9228,611.4686,2010.1815,0.5016,0.0607,1,266,0,0.0,none,0.0418,0.0774
105430,MEMORIAL DR SE @ ELEANOR ST,33.7473,-84.3249,Good,Good,85.0,84.4,1.2591,0.4924,0.4607,268552.2315,1005042.4585,370.5692,0.2051,1.0383,44.7988,12.4421,1229.5957,623.4683,2124.6522,0.4929,0.0607,1,266,0,0.0,none,0.0569,0.1053
105432,FLAT SHOALS AVE SE @ MAY AVE SE,33.7391,-84.3439,Good,Good,85.0,82.4,1.098,0.49,0.5276,267239.8419,1150973.432,504.9058,0.1343,1.0505,36.6053,0.6869,744.4151,366.5428,1655.1653,0.5076,0.0314,2,408,1,0.6042,completed,0.0058,0.0
105448,MEMORIAL DR SE @ WARREN ST SE,33.7474,-84.3262,Good,Good,85.0,83.6,1.2188,0.4986,0.4352,271934.7302,949371.7451,405.9998,0.208,1.0415,41.8951,4.9098,1241.6676,613.4331,2046.4939,0.506,0.0907,1,259,0,0.0,none,0.0653,0.0889
105452,MEMORIAL DR @ PALATKA ST SE,33.7474,-84.3213,Good,Good,85.0,84.9,1.2886,0.2863,0.3334,156129.3852,727431.1695,247.2759,0.15,1.028,62.4432,14.4574,1073.9507,399.467,1547.9746,0.628,0.0907,1,259,0,0.0,none,0.0671,0.0914
105455,MEMORIAL DR SE @ DOUGLAS ST SE,33.7474,-84.3195,Good,Good,78.3,76.7,1.1544,0.2739,0.3117,149415.2466,680006.9584,151.2149,0.2609,1.0405,85.7451,8.416,968.8749,327.659,1451.9646,0.6618,0.0519,1,259,0,0.0,none,0.0273,0.0544
105456,MEMORIAL DR SE @ 2154,33.7474,-84.3172,Good,Good,71.7,70.1,1.2687,0.198,0.2683,108007.7167,585277.3319,258.1176,0.1667,1.0636,54.1333,55.9027,869.6541,177.2277,1114.5619,0.7962,0.0519,1,259,0,0.0,none,0.0543,0.1082
105462,GLENWOOD AVE SE @ PATTERSON AVE SE,33.7401,-84.3437,Good,Good,85.0,86.0,1.1193,0.5248,0.4878,286207.5179,1064105.4401,455.1588,0.1379,1.0488,37.1487,13.228,700.3897,364.6194,1485.3095,0.4794,0.0314,2,533,1,0.6733,none,0.0073,0.0205
105464,GLENWOOD AVE @ PATTERSON AVE,33.7402,-84.3431,Good,Good,85.0,83.8,1.1118,0.4702,0.5066,256428.431,1105298.1841,431.4981,0.145,1.0531,36.4978,9.0828,696.9233,327.4757,1514.0116,0.5301,0.0314,2,520,0,0.0,none,0.0074,0.0209
105466,GLENWOOD AVE SE @ EASTSIDE AVE SE,33.74,-84.34,No Infrastructure,Poor,9.5,18.9,1.0856,0.401,0.4334,218719.726,945589.954,129.3289,0.0526,1.0027,70.8831,8.0022,706.2408,275.7492,1217.5769,0.6096,0.0314,2,533,1,0.8213,none,0.0151,0.0425
105468,GLENWOOD AVE SE @ EASTSIDE AVE SE,33.7401,-84.3398,No Infrastructure,Poor,7.9,17.1,1.0856,0.401,0.4334,218719.726,945589.954,129.3289,0.0526,1.0027,70.8831,14.277,700.5626,275.7492,1217.5769,0.6064,0.0314,2,520,1,0.8213,none,0.0154,0.0435
105470,GLENWOOD AVE @ PASLEY AVE SE,33.74,-84.3377,Poor,Poor,27.8,39.9,1.1019,0.3256,0.4155,177591.2325,906428.3593,160.5877,0.0833,1.0033,62.2708,17.036,708.9469,238.0662,1169.8871,0.6642,0.0257,2,533,0,0.0,none,0.0085,0.0437
105471,GLENWOOD AVE @ MCWILLIAMS AVE,33.7399,-84.3362,Good,Good,81.6,74.5,1.1585,0.2679,0.3812,146114.2697,831663.2465,219.0495,0.0488,1.003,50.2095,13.9159,713.0148,200.4467,1060.7875,0.7189,0.0257,2,533,1,0.9427,none,0.0072,0.0372
105472,GLENWOOD AVE @ BLAKE AVE,33.7401,-84.3383,No Infrastructure,Poor,11.8,20.9,1.0821,0.4144,0.4346,226041.4179,948155.3497,144.8525,0.0833,1.0462,73.819,5.785,704.9257,284.6541,1220.9313,0.5962,0.0314,2,520,1,0.819,none,0.013,0.0364
105474,GLENWOOD AVE SE @ FLAT SHOALS AVE SE,33.7401,-84.3456,Good,Good,85.0,84.5,1.0884,0.6296,0.5519,343389.6033,1204140.0054,596.7715,0.1067,1.0651,34.4667,8.6248,724.9339,451.6706,1804.8905,0.3769,0.0314,4,946,1,0.5541,completed,0.0046,0.0
105476,FLAT SHOALS AVE @ GLENWOOD AVE,33.7399,-84.345,Good,Good,85.0,83.9,1.1106,0.5637,0.5346,307442.0913,1166368.525,558.5075,0.113,1.0676,35.3294,2.1374,714.3105,412.7977,1736.0532,0.4221,0.0314,2,408,1,0.576,completed,0.0079,0.0
105478,GLENWOOD AVE SE @ FLAT SHOALS AVE SE,33.7402,-84.3464,Good,Good,85.0,84.6,1.2359,0.5327,0.5033,290530.4761,1098119.8488,819.0863,0.0873,1.0814,30.5721,8.1471,761.1247,407.1366,1698.4886,0.4651,0.0314,4,928,3,1.7663,completed,0.0282,0.0
105512,GLENWOOD AVE @ MCWILLIAMS AVE,33.7401,-84.336,Good,Good,83.0,80.9,1.1636,0.2679,0.3761,146114.2697,820541.7085,219.0495,0.0488,1.003,50.2095,4.3366,707.2532,200.4467,1043.2927,0.7166,0.0314,2,520,1,0.9585,none,0.01,0.0282
105517,EVA DAVIS WAY @ LAKESIDE VILLAGE DR SE,33.7438,-84.3147,No Infrastructure,Poor,9.3,21.2,1.3246,0.2373,0.2526,129451.5126,550998.331,183.4047,0.2353,1.0937,64.7188,5.7385,664.4868,165.6212,689.4254,0.7508,0.0607,1,203,0,0.0,none,0.0361,0.0668
105523,EVA DAVIS WAY @ HILLSIDE VILLAGE DR,33.741,-84.3144,No Infrastructure,No Infrastructure,0.2,0.8,1.2579,0.2752,0.2349,150084.6224,512423.9267,389.8277,0.1091,1.0882,47.9349,24.1094,569.8082,149.9251,573.9215,0.7369,0.0133,1,203,6,10.4544,none,0.0021,0.0267
105572,MEMORIAL DR @ E LAKE TER,33.7474,-84.314,Good,Good,85.0,84.8,1.2466,0.3747,0.4205,204389.6045,917423.9132,203.3863,0.1569,1.0483,60.2758,14.7185,846.0853,323.9023,1515.3229,0.6172,0.0133,2,462,1,0.6599,none,0.0061,0.0767
105574,GLENWOOD AVE SE @ BERNICE ST SE,33.7403,-84.318,No Infrastructure,No Infrastructure,0.0,0.0,1.0726,0.2265,0.1806,123552.1093,393942.1553,113.2013,0.0833,1.0023,118.3801,23.8691,562.7222,123.5003,372.3722,0.7805,0.0607,1,267,0,0.0,none,0.0002,0.0004
105578,EVA DAVIS WAY SE @ MEMORIAL DR SE,33.7464,-84.3146,Moderate,Moderate,45.0,69.6,1.2904,0.283,0.3152,154374.5589,687575.4283,184.8347,0.1622,1.0566,60.0372,14.212,797.1967,237.5372,1076.9749,0.702,0.0607,1,203,1,0.9285,none,0.0594,0.1098
106082,CANDLER RD @ TUPELO ST SE,33.7488,-84.2924,Good,Good,85.0,83.6,1.1853,0.2708,0.3831,147704.3314,835848.2946,322.1329,0.1667,1.0424,33.7426,3.9952,811.2005,242.5567,1277.6745,0.701,0.0133,1,525,2,1.5653,none,0.0037,0.046
106084,CANDLER RD @ MEMORIAL DR SE,33.7473,-84.2921,Good,Good,85.0,81.6,1.0716,0.4246,0.4079,231559.6959,889879.4213,446.8836,0.1473,1.1055,37.3664,7.7228,790.952,359.04,1260.2571,0.5461,0.0133,1,525,3,2.3805,none,0.0005,0.0064
106086,CANDLER RD @ ALSTON DR SE,33.7448,-84.291,Good,Good,85.0,82.7,1.0944,0.497,0.4069,271096.7761,887780.4495,462.3604,0.1119,1.0713,36.4598,4.3408,773.8136,404.9329,1275.88,0.4767,0.0133,1,525,0,0.0,none,0.0009,0.0116
106088,CANDLER RD @ WHITE OAK DR,33.7432,-84.2905,Good,Good,83.4,83.6,1.1416,0.5216,0.4268,284491.2532,931058.3844,428.1886,0.0855,1.0709,41.0231,29.3491,810.4282,442.8832,1359.3469,0.4535,0.0133,1,525,0,0.0,none,0.0024,0.0306
106090,CANDLER RD @ DAWES AVE,33.7422,-84.2899,Good,Good,77.6,88.4,1.1303,0.5244,0.4623,286001.0349,1008482.8154,341.564,0.0825,1.0721,46.5458,11.0699,828.167,452.2801,1440.4747,0.4539,0.0133,1,525,1,0.6942,none,0.0016,0.0196
106092,CANDLER RD @ SALMON AVE SE,33.7408,-84.2891,Good,Good,83.7,89.4,1.3622,0.1813,0.3096,98896.6578,675350.1184,492.4383,0.1026,1.0953,42.3494,6.0446,829.2307,161.6126,1022.1746,0.8051,0.0614,1,525,2,1.9566,none,0.0213,0.0374
106094,CANDLER RD @ GLENWOOD RD,33.7391,-84.2884,Good,Good,88.9,97.6,1.0932,0.4795,0.4837,261549.1195,1055204.3769,497.656,0.1556,1.0994,36.8774,10.1113,800.2379,383.4654,1460.3784,0.5208,0.0614,1,525,4,2.739,none,0.0011,0.0019
106096,CANDLER RD @ HILLSIDE AVE,33.7373,-84.2873,Good,Good,85.0,92.5,1.1454,0.5019,0.4812,273732.4604,1049835.6045,476.2957,0.1799,1.1334,34.9447,24.771,700.7945,358.946,1378.2539,0.4878,0.1043,1,525,2,1.4511,none,0.013,0.0151
106098,CANDLER RD @ NORTHVIEW AVE,33.7345,-84.2856,No Infrastructure,Poor,0.3,15.7,1.1073,0.4356,0.3926,237597.301,856567.0529,515.2044,0.0545,1.1473,35.8106,12.2313,562.2755,252.6829,977.5105,0.5506,0.1043,1,525,1,1.023,none,0.0369,0.0432
106100,CANDLER RD @ MELLVILLE AVE,33.7332,-84.2845,Moderate,Poor,53.6,34.7,1.1086,0.5014,0.3809,273463.6932,830894.0222,782.9013,0.0759,1.1411,33.9396,16.3714,516.2243,274.434,910.8539,0.4684,0.1043,1,525,6,6.5872,none,0.0241,0.0282
106102,CANDLER RD @ MCAFEE RD,33.7319,-84.2834,Poor,Moderate,25.5,40.5,1.1297,0.5147,0.3999,280746.0258,872444.1725,552.7588,0.1488,1.1038,33.9756,13.9404,551.5567,267.4266,1010.4762,0.5151,0.1043,1,525,6,5.9378,none,0.0446,0.0521
106104,CANDLER RD @ TILSON RD,33.7299,-84.2817,Good,Moderate,74.9,62.6,1.1946,0.4277,0.3884,233257.925,847398.1123,634.8848,0.2114,1.0949,30.7309,9.7662,667.3166,278.9391,1046.5817,0.582,0.0417,1,525,1,0.9555,none,0.0347,0.0781
106106,CANDLER RD @ RALEIGH RUCKER WAY,33.7274,-84.28,Moderate,Moderate,69.8,57.6,1.1858,0.3802,0.4186,207369.6595,913195.6643,402.6566,0.2075,1.0782,36.5091,22.0954,814.3278,299.372,1281.7146,0.6324,0.1751,1,525,2,1.5604,none,0.1132,0.1198
106108,CANDLER RD @ TILSON RD,33.7299,-84.2815,Good,Moderate,74.2,61.5,1.1946,0.4277,0.3884,233257.925,847398.1123,634.8848,0.2114,1.0949,30.7309,11.8212,663.6468,278.9391,1046.5817,0.5797,0.1751,1,513,1,0.9555,none,0.0759,0.0804
106110,CANDLER RD @ MCAFEE RD,33.7323,-84.2836,Poor,Moderate,23.2,43.8,1.1288,0.5037,0.4073,274720.9737,888688.2751,618.5921,0.103,1.1032,33.2837,4.2507,532.584,263.1784,1007.3841,0.5058,0.076,1,513,6,5.956,none,0.0327,0.0482
106112,CANDLER RD @ MELLVILLE AVE,33.7337,-84.2846,No Infrastructure,Poor,13.6,28.8,1.1319,0.4476,0.3639,244130.4697,794004.0577,818.268,0.0699,1.1544,35.0906,13.6637,529.5943,246.4466,860.7886,0.5347,0.076,1,513,0,0.0,none,0.0255,0.0375
106114,CANDLER RD @ NORTHVIEW AVE,33.7344,-84.2853,No Infrastructure,No Infrastructure,0.3,13.5,1.1997,0.3531,0.3288,192590.6273,717398.4703,651.1106,0.0566,1.1561,34.6829,16.3847,556.1299,201.2413,774.462,0.6381,0.076,1,513,1,1.2912,none,0.0455,0.067
106116,CANDLER RD @ HILLSIDE AVE,33.737,-84.2869,Good,Good,72.1,78.9,1.1786,0.4227,0.4472,230559.1093,975623.8628,451.1489,0.1721,1.1404,35.5398,18.3606,681.4349,288.1856,1246.9287,0.5771,0.076,1,513,0,0.0,none,0.0368,0.0543
106118,CANDLER RD @ GLENWOOD RD,33.7395,-84.2883,Good,Good,89.8,98.7,1.095,0.4593,0.4302,250489.5964,938603.8387,500.5988,0.1515,1.0919,36.0446,18.6904,811.6511,374.9743,1342.0612,0.538,0.0614,1,513,4,2.9805,none,0.0006,0.001
106120,CANDLER RD @ EASTWOOD DR,33.7407,-84.289,Good,Good,83.8,90.7,1.111,0.4978,0.4556,271531.6334,994043.2418,435.0586,0.1429,1.0706,41.3832,6.861,827.3672,426.8465,1434.0788,0.4841,0.0614,1,513,2,1.3946,none,0.0064,0.0113
106122,CANDLER RD @ AMELIA AVE,33.7417,-84.2894,Good,Good,77.7,96.4,1.1754,0.4561,0.4415,248739.1359,963210.4388,411.8686,0.0652,1.0809,42.4363,10.7959,826.2483,398.562,1401.95,0.5176,0.0614,1,513,2,1.4266,none,0.0059,0.0103
106124,CANDLER RD @ WHITE OAK DR,33.7429,-84.29,Good,Good,82.4,84.2,1.1438,0.4731,0.4152,258045.3445,905791.2357,425.865,0.0885,1.0552,40.7199,8.5845,808.3823,401.2742,1328.444,0.5036,0.0614,1,513,0,0.0,none,0.0169,0.0297
106126,CANDLER RD @ ALSTON DR,33.7444,-84.2907,Good,Good,85.0,84.6,1.1227,0.4819,0.415,262830.9016,905294.1272,491.7054,0.1079,1.0645,35.0807,10.0114,776.3405,395.4958,1295.1962,0.4906,0.0133,1,513,0,0.0,none,0.0017,0.021
106128,CANDLER RD @ 240,33.7456,-84.2913,Good,Good,85.0,84.9,1.1439,0.4634,0.3928,252758.937,856870.6553,578.8236,0.1301,1.0766,35.1352,14.1225,762.8693,373.6058,1231.5999,0.5103,0.0133,1,513,2,1.6239,none,0.002,0.0255
106130,CANDLER RD @ TUPELO ST,33.7481,-84.2922,Good,Good,85.0,84.7,1.1872,0.3722,0.3645,203028.4347,795154.6573,414.2847,0.1596,1.0467,36.5505,23.6681,792.5728,320.3389,1172.4781,0.5958,0.0133,1,513,3,2.5587,none,0.003,0.0383
106132,CANDLER RD @ CHEVELLE LN NE,33.7515,-84.2922,Good,Good,84.2,83.2,1.0686,0.2356,0.4053,128521.6202,884168.9075,187.2996,0.2258,1.0036,58.3967,3.5829,913.8973,223.6924,1464.2745,0.7552,0.0133,1,513,0,0.0,none,0.0005,0.0061
106134,CANDLER RD @ CANDLER PKWY,33.7286,-84.2807,Good,Moderate,72.7,65.6,1.1771,0.4704,0.3591,256581.6227,783345.6996,408.9057,0.2562,1.1674,41.0563,7.4516,756.2333,380.6745,1053.29,0.4966,0.1751,1,525,3,2.8482,none,0.0576,0.061
106136,CANDLER RD @ OAKLAND TER,33.7281,-84.2802,Good,Moderate,71.2,65.2,1.2273,0.435,0.3538,237231.2075,771778.1113,430.2361,0.2222,1.0662,35.4467,6.4805,780.0507,353.4618,1055.2916,0.5469,0.1751,1,513,3,2.8428,none,0.0865,0.0916
106150,MEMORIAL DR SE @ 2ND AVE SE,33.7472,-84.3089,Good,Good,85.0,84.8,1.327,0.2657,0.3826,144935.1929,834678.4287,443.1086,0.1618,1.0161,37.065,6.0085,750.3293,219.9044,1231.5422,0.7069,0.0133,1,266,0,0.0,none,0.0063,0.0793
106154,MEMORIAL DR SE @ COTTAGE GROVE AVE SE,33.7472,-84.3068,Good,Good,85.0,84.5,1.194,0.3992,0.4504,217711.9315,982711.636,317.9697,0.1071,1.0272,42.7113,4.5766,725.434,323.5377,1394.6724,0.554,0.0133,1,266,0,0.0,none,0.0042,0.0535
106156,MEMORIAL DR SE @ CARTER AVE SE,33.7472,-84.3053,Good,Good,85.0,84.4,1.2222,0.3718,0.4389,202810.8981,957546.3755,339.8183,0.1294,1.0278,44.413,4.5526,731.6084,312.4425,1384.3745,0.5729,0.0133,1,266,0,0.0,none,0.0051,0.0646
106158,MEMORIAL DR SE @ GREEN AVE SE,33.7471,-84.3015,Good,Good,85.0,83.5,1.2882,0.3533,0.3745,192706.487,817124.8648,353.8667,0.0723,1.0489,39.7988,3.6075,754.6375,264.5994,1136.9585,0.6494,0.0133,1,266,0,0.0,none,0.0053,0.0669
106160,MEMORIAL DR SE @ DANIEL AVE SE,33.7471,-84.2993,Good,Good,85.0,84.3,1.1575,0.3067,0.3805,167253.1931,830188.7134,225.8209,0.1,1.0331,52.5416,1.9319,760.18,253.6503,1194.293,0.6663,0.0133,1,266,1,0.8373,none,0.0023,0.0289
106162,MEMORIAL DR SE @ DANIEL AVE SE,33.7471,-84.2984,Good,Good,85.0,84.6,1.1479,0.3413,0.3597,186151.394,784689.9063,166.5626,0.125,1.0534,60.9865,2.5804,761.0643,306.1899,1156.2742,0.5977,0.0133,1,266,1,0.8648,none,0.002,0.0247
106164,MEMORIAL DR SE @ SPENCE AVE SE,33.7471,-84.2963,Good,Good,85.0,84.1,1.1882,0.3945,0.377,215191.2792,822485.8532,164.7468,0.125,1.0183,56.3918,3.1804,801.9402,340.9834,1261.8208,0.5748,0.0133,1,266,1,0.7925,none,0.0036,0.0455
106166,MEMORIAL DR SE @ OAKRIDGE AVE SE,33.7471,-84.2942,Good,Good,85.0,84.7,1.1936,0.3441,0.3759,187651.1449,820076.1327,394.5253,0.1486,1.054,36.5767,14.4618,837.4583,304.82,1224.806,0.636,0.0133,1,266,1,0.8165,none,0.0035,0.0439
106168,MEMORIAL DR SE @ CANDLER RD SE,33.747,-84.291,Good,Good,85.0,84.8,1.3072,0.38,0.3808,207277.8537,830737.5929,525.5461,0.1186,1.1041,40.4362,32.6028,734.3594,280.4079,1123.5786,0.6182,0.0133,1,266,2,1.78,none,0.0051,0.0636
106170,MEMORIAL DR @ RICHARD ALLEN DR,33.747,-84.2891,Good,Good,85.0,84.7,1.5386,0.2422,0.2732,132078.5872,595962.5307,456.257,0.1304,1.1585,53.8811,26.2851,626.4583,156.7057,780.0811,0.7499,0.0614,1,266,1,1.2819,none,0.0127,0.0224
106172,MEMORIAL DR @ VENICE DR,33.7471,-84.2861,Moderate,Moderate,66.5,63.6,1.2479,0.3728,0.2869,203348.2266,625982.038,232.5706,0.1538,1.1131,72.5113,8.2301,502.6496,180.0679,674.4414,0.6418,0.0614,1,266,0,0.0,none,0.0123,0.0216
106174,MEMORIAL DR @ DELANO DR,33.7475,-84.2831,Good,Good,84.7,84.6,1.0689,0.2483,0.3534,135446.2095,770929.4659,219.2536,0.1667,1.0688,53.9765,45.4063,501.8989,125.6266,762.3493,0.7497,0.0614,1,266,0,0.0,none,0.0006,0.0011
106176,MEMORIAL DR @ LINE ST,33.7482,-84.2803,Good,Good,85.0,82.1,1.0525,0.3915,0.3486,213531.8769,760526.8128,231.8041,0.1695,1.0589,53.3803,6.475,501.0503,199.5852,751.8602,0.6017,0.0614,1,266,0,0.0,none,0.0003,0.0005
106178,GLENWOOD AVE SE @ 2ND AVE SE,33.74,-84.3098,Moderate,Moderate,65.2,51.7,1.1786,0.3876,0.3036,211411.5658,662314.0856,512.7377,0.1287,1.0672,36.5169,8.0646,528.4169,254.9618,752.5824,0.5175,0.0133,2,470,1,1.3288,none,0.0022,0.0272
106180,GLENWOOD AVE SE @ 2ND AVE SE,33.7401,-84.3096,Moderate,Moderate,65.3,53.6,1.1786,0.3876,0.3036,211411.5658,662314.0856,512.7377,0.1287,1.0672,36.5169,4.9455,523.3003,254.9618,752.5824,0.5128,0.0133,1,261,1,1.3288,none,0.0021,0.0261
106182,GLENWOOD AVE SE @ SUMMIT DR,33.74,-84.3065,No Infrastructure,No Infrastructure,3.6,6.9,1.2158,0.3003,0.2387,163794.2928,520834.1541,245.7868,0.2143,1.0503,52.7295,9.7139,520.0197,226.6167,638.9638,0.5642,0.0133,1,261,0,0.0,none,0.0029,0.0367
106184,GLENWOOD AVE SE @ SUMMIT DR,33.7399,-84.3067,No Infrastructure,No Infrastructure,3.7,7.2,1.2158,0.3003,0.2387,163794.2928,520834.1541,245.7868,0.2143,1.0503,52.7295,9.5057,534.5195,226.6167,638.9638,0.576,0.0133,1,267,0,0.0,none,0.0029,0.0366
106186,GLENWOOD AVE SE @ CARTER AVE SE,33.7399,-84.3049,No Infrastructure,No Infrastructure,0.0,0.0,1.1376,0.2746,0.1929,149774.9378,420899.0953,157.7543,0.28,1.0354,84.7051,17.9425,526.1579,225.1412,551.4044,0.5721,0.0133,1,267,0,0.0,none,0.0007,0.0087
106188,GLENWOOD AVE SE @ CARTER AVE SE,33.7401,-84.3054,No Infrastructure,No Infrastructure,1.2,2.4,1.1376,0.2746,0.1929,149774.9378,420899.0953,157.7543,0.28,1.0354,84.7051,35.2494,497.5029,225.1412,551.4044,0.5475,0.0133,1,261,0,0.0,none,0.0007,0.0085
106190,GLENWOOD AVE SE @ PARKER AVE,33.7398,-84.3005,No Infrastructure,No Infrastructure,0.0,0.0,1.17,0.2411,0.2026,131503.0552,441980.5273,103.9534,0.2941,1.0006,91.2935,4.6116,441.242,154.5187,615.0527,0.6498,0.0133,1,267,0,0.0,none,0.0017,0.0215
106196,GLENWOOD AVE SE @ QUILLIAN AVE,33.7397,-84.2972,No Infrastructure,No Infrastructure,0.0,0.0,1.2105,0.2023,0.2948,110321.5614,643116.7943,94.6099,0.1429,1.0002,94.5124,36.086,514.0562,138.3696,865.0509,0.7308,0.0133,1,267,0,0.0,none,0.0101,0.1271
106198,GLENWOOD AVE SE @ QUILLIAN AVE,33.7398,-84.2976,No Infrastructure,No Infrastructure,0.0,0.0,1.244,0.2277,0.2809,124165.9019,612905.2142,109.0709,0.1875,1.0014,93.2606,20.5733,479.4091,159.2446,809.7358,0.6678,,1,261,0,0.0,none,0.0005,0.1251
106200,GLENWOOD AVE SE @ ALLENDALE DR SE,33.7393,-84.295,No Infrastructure,No Infrastructure,0.0,0.0,1.1923,0.2687,0.3744,146558.7483,816775.6617,129.4378,0.1765,0.9994,82.0358,5.9049,664.6626,206.3349,1132.3906,0.6896,0.1043,1,267,0,0.0,none,0.2115,0.2471
106202,GLENWOOD AVE SE @ ALLENDALE DR SE,33.7394,-84.2951,No Infrastructure,No Infrastructure,0.0,0.0,1.1923,0.2687,0.3744,146558.7483,816775.6617,129.4378,0.1765,0.9994,82.0358,22.5834,649.6187,206.3349,1132.3906,0.6824,0.1043,1,261,0,0.0,none,0.2115,0.2471
106204,GLENWOOD AVE SE @ ASHBURTON AVE,33.739,-84.2939,No Infrastructure,No Infrastructure,0.0,1.6,1.184,0.3212,0.4107,175214.1926,896050.3325,98.8931,0.1786,1.0085,75.9988,5.0369,730.3088,250.8547,1266.8424,0.6565,0.1043,1,267,0,0.0,none,0.2293,0.2679
106206,GLENWOOD AVE SE @ ASHBURTON AVE,33.7391,-84.2933,No Infrastructure,No Infrastructure,0.0,3.9,1.1838,0.367,0.4127,200191.208,900433.7021,123.7039,0.1724,1.0084,70.7774,13.3785,755.445,298.1532,1272.1335,0.6053,0.1043,1,261,0,0.0,none,0.2236,0.2612
106208,GLENWOOD AVE SE @ HOOPER ST SE,33.7389,-84.2911,No Infrastructure,Moderate,7.9,47.8,1.2038,0.5088,0.398,277493.1528,868215.7556,308.1483,0.0964,1.0705,45.7004,6.6185,819.6721,420.7568,1226.7405,0.4867,0.1043,1,261,0,0.0,none,0.1424,0.1664
106210,GLENWOOD AVE SE @ HOOPER ST SE,33.7389,-84.2916,No Infrastructure,Moderate,6.1,40.1,1.2038,0.5088,0.398,277493.1528,868215.7556,308.1483,0.0964,1.0705,45.7004,38.8979,813.073,420.7568,1226.7405,0.4825,0.1043,1,267,0,0.0,none,0.1634,0.1909
106212,GLENWOOD RD @ MORGAN PL SE,33.7389,-84.2895,Good,Good,86.6,95.7,1.1665,0.5123,0.4329,279405.3448,944378.2934,406.7453,0.1579,1.0831,38.0947,8.6388,802.0284,413.7648,1335.7914,0.4841,0.0614,1,261,3,2.2459,none,0.0062,0.0108
106216,GLENWOOD RD @ MORGAN PL SE,33.7387,-84.2888,Good,Good,87.5,96.2,1.1556,0.4368,0.4689,238238.5149,1022940.2508,513.3812,0.1583,1.0969,36.1498,12.964,787.9579,348.0142,1406.1757,0.5583,0.1043,1,267,3,2.1334,none,0.0075,0.0087
106218,GLENWOOD RD @ CANDLER RD,33.7387,-84.2871,Good,Good,89.2,99.9,1.1873,0.4851,0.441,264587.4638,962149.0933,429.6791,0.2128,1.0973,36.1222,9.6332,766.1335,371.3735,1322.4565,0.5153,0.076,1,267,2,1.5123,none,0.0002,0.0003
106222,GLENWOOD RD @ OLD HICKORY ST,33.7386,-84.2837,Good,Good,77.2,88.6,1.2054,0.1857,0.2873,101272.4007,626706.1021,612.4641,0.383,1.0505,28.4803,11.7905,722.7558,125.1277,890.1166,0.8269,0.076,1,267,0,0.0,none,0.0106,0.0157
106226,GLENWOOD RD @ LINE ST,33.7385,-84.28,Good,Moderate,71.1,55.3,1.0595,0.3219,0.2846,175595.9179,620975.4647,256.2174,0.2931,1.07,42.3625,26.7547,718.6148,258.8877,900.3091,0.6397,0.076,1,267,0,0.0,none,0.0027,0.0041
106228,GLENWOOD RD @ THOMAS ST,33.7385,-84.2774,No Infrastructure,No Infrastructure,4.7,8.3,1.1036,0.2897,0.2501,157986.5639,545627.8946,200.164,0.1471,1.0852,46.6163,20.4315,761.3502,234.3471,785.8877,0.6922,0.0614,1,261,0,0.0,none,0.0121,0.0212
106230,GLENWOOD RD @ LINE ST,33.7386,-84.2807,Good,Moderate,72.9,67.7,1.1327,0.2618,0.2769,142791.1538,604185.908,254.8048,0.2553,1.0463,43.9158,10.1972,725.6639,213.3014,890.7725,0.7061,0.0614,1,261,0,0.0,none,0.0113,0.0198
106234,GLENWOOD RD @ OLD HICKORY ST,33.7387,-84.2832,Good,Good,77.0,73.3,1.1776,0.2835,0.3189,154617.7763,695814.5864,273.7699,0.2364,1.0501,38.7205,10.4044,726.5501,235.2696,1001.9658,0.6762,0.0614,1,261,0,0.0,none,0.0233,0.041
106238,GLENWOOD RD @ CANDLER RD,33.7389,-84.2878,Good,Good,89.1,99.3,1.0783,0.5,0.4907,272699.5498,1070553.2602,442.0838,0.1667,1.1072,36.2828,9.9906,783.2694,391.5742,1475.6515,0.5001,0.0614,1,261,3,2.033,none,0.0002,0.0004
106294,2ND AVE @ HOSEA L WILLIAMS DR,33.7508,-84.3098,Good,Good,85.0,84.6,1.2533,0.4961,0.4809,270586.2586,1049203.0564,288.5162,0.1494,1.033,53.574,5.3246,930.391,454.2416,1848.0331,0.5118,0.0133,1,203,0,0.0,none,0.0073,0.0921
106296,2ND AVE SE @ COTTAGE GROVE AVE,33.7495,-84.3098,Good,Good,85.0,84.7,1.3759,0.2876,0.3875,156852.7561,845404.3531,397.4838,0.1892,1.0323,38.8094,107.1228,876.3732,242.2197,1322.6912,0.7236,0.0133,1,203,0,0.0,none,0.0073,0.0916
106298,2ND AVE SE @ MEMORIAL DR SE,33.7473,-84.3098,Good,Good,85.0,83.8,1.1329,0.4286,0.4336,233757.8425,945975.4653,384.7872,0.1881,1.044,42.7663,4.0622,773.6767,340.2318,1408.2851,0.5602,0.0133,1,203,0,0.0,none,0.0022,0.028
106308,2ND AVE @ SWAZEY DR,33.739,-84.3099,Poor,Poor,23.8,33.3,1.2992,0.4607,0.2605,251248.1995,568226.2173,429.7645,0.1491,1.0939,38.7996,4.5037,610.2041,317.6264,632.2486,0.4795,0.0981,1,203,1,1.5817,none,0.0278,0.0337
106310,2ND AVE @ 1900,33.7365,-84.3097,No Infrastructure,No Infrastructure,0.0,0.0,1.6849,0.2254,0.1715,122925.8459,374109.2456,413.4935,0.2174,1.1247,50.8046,7.8343,765.8817,163.0427,495.9162,0.7871,0.0981,1,203,0,0.0,none,0.0207,0.0251
106312,2ND AVE @ KHALIL DR,33.7343,-84.3098,No Infrastructure,No Infrastructure,0.0,0.0,1.1937,0.3004,0.2905,163865.561,633788.9161,156.0091,0.1463,1.0895,56.5197,32.6427,772.5233,238.2764,907.5598,0.6916,0.0981,1,203,0,0.0,none,0.1121,0.1362
106316,2ND AVE @ LILAC LN,33.7315,-84.3096,No Infrastructure,No Infrastructure,0.0,0.0,1.1176,0.1893,0.3326,103247.4935,725622.7878,178.6646,0.1111,1.0342,76.7437,9.2636,687.3525,114.9075,898.1144,0.8328,0.0981,1,203,0,0.0,none,0.0425,0.0516
106342,2ND AVE @ CAMELLIA DR,33.7286,-84.3088,No Infrastructure,No Infrastructure,0.0,0.0,1.0302,0.431,0.2543,235071.2933,554827.6984,128.4559,0.1481,1.137,77.4891,7.4556,583.5586,228.8544,613.8944,0.6078,0.0981,1,203,0,0.0,none,0.0002,0.0002
106346,2ND AVE @ MCAFEE RD,33.732,-84.3096,No Infrastructure,No Infrastructure,0.0,0.0,1.0872,0.2378,0.339,129692.3975,739557.267,86.5347,0.1111,1.0293,86.4261,18.324,711.743,179.1889,907.6869,0.7482,0.0981,1,203,0,0.0,none,0.0219,0.0266
106350,2ND AVE @ COGAR DR,33.7344,-84.3094,No Infrastructure,No Infrastructure,0.0,0.0,1.1937,0.3004,0.2905,163865.561,633788.9161,156.0091,0.1463,1.0895,56.5197,32.9707,802.7476,238.2764,907.5598,0.7032,0.1043,1,203,0,0.0,none,0.1166,0.1362
106352,2ND AVE @ 1900,33.7365,-84.3094,No Infrastructure,No Infrastructure,0.0,0.0,1.4144,0.2724,0.2124,148578.1464,463460.6488,359.0389,0.2105,1.0954,44.0027,7.3291,787.1647,193.003,627.6077,0.7548,0.1043,1,203,0,0.0,none,0.0471,0.055
106354,2ND AVE @ SWAZEY DR,33.7389,-84.3097,Poor,Poor,23.7,32.7,1.2996,0.4776,0.2644,260467.6131,576891.1258,412.6652,0.1667,1.0926,39.7832,3.7726,619.6574,330.9142,639.9943,0.466,0.0981,1,203,1,1.5625,none,0.0319,0.0387
106366,2ND AVE SE @ 90,33.7493,-84.3097,Good,Good,85.0,84.4,1.3759,0.2876,0.3875,156852.7561,845404.3531,397.4838,0.1892,1.0323,38.8094,84.2049,867.737,242.2197,1322.6912,0.7209,0.0133,1,203,0,0.0,none,0.0074,0.0934
106390,CANDLER ST @ CANDLER DR,33.7551,-84.2917,Good,Good,85.0,84.1,1.2789,0.2999,0.3352,163576.6919,731354.2375,163.1171,0.2449,1.0169,50.8533,57.6769,1055.4072,316.0657,1374.686,0.7005,0.0708,1,525,1,0.7274,none,0.055,0.085
106392,S CANDLER ST @ OVERLOOK BLUFF,33.7562,-84.2914,Good,Good,85.0,84.9,1.2756,0.2924,0.3405,159506.2249,742914.4423,186.7259,0.2766,1.0094,55.1604,5.6848,1064.2899,315.6877,1334.1083,0.7034,0.0708,1,513,2,1.4991,none,0.0494,0.0764
106394,CANDLER ST @ E PHARR RD,33.7539,-84.2919,Good,Good,85.0,84.4,1.1593,0.2672,0.3453,145739.8552,753327.7945,222.8088,0.175,1.0042,48.3551,49.9593,1025.2685,267.8044,1391.0955,0.7388,0.0708,1,525,1,0.7189,none,0.024,0.0371
106396,S CANDLER ST @ CANDLER DR,33.7545,-84.2917,Good,Good,85.0,84.4,1.2521,0.2999,0.3417,163576.6919,745398.4238,163.1171,0.2449,1.0169,50.8533,4.2297,1045.953,316.0657,1402.0824,0.6978,0.0708,1,513,1,0.7132,none,0.049,0.0757
106398,S CANDLER ST @ E PHARR RD,33.7533,-84.2919,Good,Good,85.0,84.3,1.1587,0.269,0.3562,146717.5975,777021.1488,222.8088,0.175,1.0042,48.3551,7.472,1000.1488,269.744,1420.6643,0.7303,0.0708,1,513,1,0.7039,none,0.0242,0.0374
106400,CANDLER RD @ HOSEA L WILLIAMS DR,33.7517,-84.2924,Good,Good,84.6,84.0,1.0737,0.2217,0.4294,120911.2893,936837.9238,176.7224,0.2188,1.0034,58.7805,10.314,925.0838,210.8762,1564.3507,0.772,0.0133,1,525,0,0.0,none,0.0006,0.0076
106402,2ND AVE @ GORDON ST,33.7539,-84.3096,Good,Good,85.0,83.0,1.104,0.4797,0.5466,261646.8349,1192537.3659,351.7305,0.0962,1.0203,49.2423,28.306,1102.6919,536.8673,2397.9438,0.5131,0.0531,1,203,0,0.0,none,0.012,0.0235
106404,2ND AVE @ 351,33.7551,-84.3104,Good,Good,85.0,84.6,1.4889,0.1335,0.297,72832.7585,647892.369,343.5318,0.0741,1.0259,38.8884,95.4965,1181.6286,147.2546,1327.6429,0.8754,0.0531,1,203,0,0.0,none,0.0497,0.0968
106406,2ND AVE @ OAKVIEW RD,33.7542,-84.31,Good,Good,85.0,84.6,1.1119,0.5383,0.5515,293594.8864,1203292.0438,343.0316,0.0882,1.0169,49.9409,5.6551,1126.1535,600.5961,2430.6658,0.4667,0.0531,1,203,0,0.0,none,0.0133,0.026
106412,MEMORIAL DR @ CARTER AVE,33.7472,-84.3051,Good,Good,85.0,83.6,1.2282,0.389,0.4316,212154.4244,941707.3333,333.5855,0.1294,1.0288,43.1731,2.252,740.044,328.0222,1362.2027,0.5568,0.0133,1,259,0,0.0,none,0.0055,0.0695
106414,MEMORIAL DR @ LAKE DR SE,33.7472,-84.3027,Good,Good,85.0,83.5,1.0711,0.456,0.4186,248688.8001,913269.4621,342.4632,0.0648,1.0489,43.628,2.0533,747.9822,362.7405,1269.2697,0.515,0.0133,1,266,0,0.0,none,0.0005,0.0057
106416,MEMORIAL DR @ LAKE DR SE,33.7472,-84.3026,Good,Good,85.0,82.5,1.0703,0.456,0.419,248688.8001,914062.7767,344.5401,0.0642,1.0488,43.2014,3.6037,756.3771,362.7405,1270.667,0.5204,0.0133,1,259,0,0.0,none,0.0004,0.0056
106420,MEMORIAL DR SE @ DANIEL AVE,33.7474,-84.2995,Good,Good,85.0,80.7,1.1707,0.3045,0.3812,166101.1881,831693.3323,221.7274,0.102,1.0338,52.9943,25.7837,788.3893,251.7668,1196.9548,0.6807,0.0133,1,259,1,0.8355,none,0.0034,0.0425
106422,MEMORIAL DR SE @ DANIEL AVE,33.7472,-84.2982,Good,Good,85.0,84.8,1.143,0.3421,0.3514,186561.3489,766642.8209,168.2471,0.119,1.0468,65.2453,20.7359,776.2428,306.8803,1146.2628,0.6047,0.0133,1,259,1,0.8724,none,0.0018,0.0221
106424,MEMORIAL DR SE @ SPENCE AVE,33.7472,-84.296,Good,Good,85.0,84.9,1.1881,0.3938,0.3842,214784.0959,838158.929,173.8165,0.1132,1.0153,60.8279,18.1399,817.5499,340.3806,1288.3947,0.5837,0.0133,1,259,1,0.7762,none,0.0035,0.0443
106426,MEMORIAL DR SE @ OAKRIDGE AVE SE,33.7472,-84.294,Good,Good,85.0,84.8,1.1858,0.3277,0.3746,178728.035,817303.7245,392.6531,0.1467,1.0496,36.541,14.0953,840.91,289.7711,1219.5318,0.6554,0.0133,1,259,3,2.46,none,0.0032,0.04
106428,MEMORIAL DR SE @ 1ST AVE,33.7473,-84.3112,Good,Good,85.0,83.1,1.2332,0.3551,0.397,193671.1076,866225.0696,285.7551,0.1579,1.0081,45.4152,6.3904,801.7252,297.825,1326.3501,0.6285,0.0133,2,462,0,0.0,none,0.0056,0.0707
106433,MEMORIAL DR SE @ CANDLER RD SE,33.7472,-84.2914,Good,Good,85.0,84.2,1.1685,0.4281,0.3807,233511.0799,830650.6643,515.8693,0.136,1.1037,36.1145,22.0916,749.9713,347.416,1156.8953,0.5368,0.0133,1,259,2,1.7288,none,0.0026,0.0323
106434,MEMORIAL DR SE @ ELLINGTON ST,33.7472,-84.2892,Good,Good,85.0,82.8,1.3291,0.4021,0.3597,219327.7985,784684.8793,474.862,0.1321,1.157,45.4005,23.2816,625.9108,262.3462,993.1718,0.5809,0.0646,1,259,1,1.0069,none,0.0323,0.0533
106438,MEMORIAL DR SE @ DELANO DR,33.7475,-84.2836,Good,Good,77.0,75.2,1.0478,0.2483,0.3566,135446.2095,777959.5925,211.5382,0.1633,1.0681,53.6768,4.1176,501.9527,125.6266,772.7088,0.7497,0.0614,1,259,0,0.0,none,0.0004,0.0007
106440,MEMORIAL DR SE @ WOODFERN DR,33.7482,-84.2808,Good,Good,85.0,84.9,1.0672,0.373,0.3555,203431.1799,775576.4464,180.7828,0.1852,1.0424,58.4239,27.4733,498.8081,189.6837,767.2343,0.6197,0.0646,1,259,0,0.0,none,0.0006,0.001
106444,GLENWOOD AVE SE @ PARKER AVE,33.7399,-84.3003,No Infrastructure,No Infrastructure,0.0,0.0,1.17,0.2411,0.2026,131503.0552,441980.5273,103.9534,0.2941,1.0006,91.2935,17.9789,421.6877,154.5187,615.0527,0.6336,,1,261,0,0.0,none,0.0001,0.0215
106464,2ND AVE @ CAMELLIA DR,33.7288,-84.3091,No Infrastructure,No Infrastructure,0.0,0.0,1.0327,0.4345,0.2543,236978.3365,554827.6984,86.0063,0.1429,1.1402,91.7064,17.7955,581.903,231.1972,613.8944,0.6027,0.0981,1,203,0,0.0,none,0.0003,0.0003
106478,GLENWOOD AVE @ FAYETTEVILLE RD,33.74,-84.3121,No Infrastructure,No Infrastructure,4.4,9.8,1.5559,0.2957,0.2532,161294.9223,552409.6201,582.8507,0.0843,1.0766,37.4299,12.6301,529.0911,155.9112,616.5768,0.7053,0.0133,2,470,7,11.353,none,0.0039,0.0491
107050,MEMORIAL DR @ CARTER RD,33.7498,-84.276,Good,Good,79.5,76.7,1.0849,0.4128,0.3564,225160.4806,777495.4467,510.601,0.1333,1.0999,35.7093,7.3487,497.6702,207.8252,704.9872,0.5824,0.0614,1,266,2,2.8369,none,0.0012,0.0021
107052,MEMORIAL DR @ RUPERT RD,33.7505,-84.2748,Good,Good,79.2,72.6,1.055,0.3835,0.3958,209182.6996,863425.9204,595.7983,0.1324,1.1877,31.7158,4.7679,491.6222,186.5728,780.1802,0.6205,0.0614,1,266,2,2.5635,none,0.0006,0.0011
107054,PEACHCREST RD @ GLENN RD,33.7552,-84.2508,No Infrastructure,No Infrastructure,0.0,0.0,1.2028,0.3282,0.2933,178986.1817,639789.5155,96.1718,0.1176,1.6004,132.2938,7.0994,529.6079,161.2863,637.1401,0.6955,0.1302,1,273,0,0.0,none,0.0312,0.035
107056,PEACHCREST RD @ GLENN RD,33.7552,-84.2506,No Infrastructure,No Infrastructure,0.0,0.0,1.2028,0.3282,0.2933,178986.1817,639789.5155,96.1718,0.1176,1.6004,132.2938,12.3431,523.3693,161.2863,637.1401,0.6918,0.1302,1,267,0,0.0,none,0.0312,0.035
107058,PEACHCREST RD @ ORCHARD CIR,33.7534,-84.2499,No Infrastructure,No Infrastructure,0.0,0.0,1.332,0.2817,0.2755,153641.856,601007.8813,215.7501,0.125,1.9896,211.2238,8.9231,467.0209,127.341,549.5758,0.7273,0.1302,1,267,0,0.0,none,0.0253,0.0284
107060,PEACHCREST RD @ MARYVALE DR,33.7521,-84.2496,No Infrastructure,No Infrastructure,0.0,0.0,1.2764,0.3196,0.3202,174323.4934,698471.2417,60.6114,0.1,1.6515,213.4774,19.1041,448.5727,143.6006,655.2143,0.6799,0.1302,1,267,0,0.0,none,0.0514,0.0578
107062,PEACHCREST RD @ MARYVALE DR,33.7518,-84.2497,No Infrastructure,No Infrastructure,0.1,0.7,1.2764,0.3196,0.3202,174323.4934,698471.2417,60.6114,0.1,1.6515,213.4774,57.175,455.129,143.6006,655.2143,0.6845,0.1302,1,273,0,0.0,none,0.051,0.0574
107064,PEACHCREST RD @ MAPLEHURST DR,33.7508,-84.2496,No Infrastructure,No Infrastructure,2.0,4.3,1.2966,0.4066,0.3747,221770.8983,817454.7727,52.4404,0.0,1.3918,229.2563,8.0462,489.9922,184.0256,819.3925,0.6244,0.1302,1,273,0,0.0,none,0.1342,0.1508
107066,PEACHCREST RD @ MAPLEHURST DR,33.7507,-84.2495,No Infrastructure,No Infrastructure,2.1,4.7,1.2966,0.4066,0.3747,221770.8983,817454.7727,52.4404,0.0,1.3918,229.2563,6.434,493.887,184.0256,819.3925,0.6274,0.1302,1,267,0,0.0,none,0.1336,0.1502
107068,PEACHCREST RD @ JACKSON DR,33.7496,-84.2501,No Infrastructure,No Infrastructure,3.6,11.4,1.2408,0.311,0.3558,169641.9148,776317.7972,59.352,0.0,1.0009,137.028,8.7111,550.0038,151.4345,788.8423,0.7247,0.1302,1,273,0,0.0,none,0.0864,0.0971
107070,PEACHCREST RD @ JACKSON DR,33.7494,-84.2501,No Infrastructure,No Infrastructure,3.9,12.9,1.2408,0.311,0.3558,169641.9148,776317.7972,59.352,0.0,1.0009,137.028,12.3502,558.3822,151.4345,788.8423,0.7288,0.1302,1,267,0,0.0,none,0.085,0.0955
107072,PEACHCREST RD @ PINEHILL DR,33.7485,-84.2509,Moderate,Moderate,60.1,49.0,1.2732,0.2631,0.3692,143497.3124,805452.2575,66.9057,0.0625,1.0028,119.0043,5.8517,615.664,154.0234,866.4205,0.7498,0.1302,1,273,0,0.0,none,0.0784,0.0881
107074,PEACHCREST RD @ PINEHILL DR,33.7482,-84.2509,Moderate,Moderate,60.4,50.9,1.5681,0.1158,0.2203,63182.4598,480612.9315,763.5983,0.1111,1.0011,69.9632,18.0221,628.3999,81.0403,565.7263,0.871,0.1302,1,267,0,0.0,none,0.0149,0.0167
107076,PEACHCREST RD @ LONGLEAF DR,33.7473,-84.2517,Moderate,Moderate,68.5,58.9,1.1135,0.1751,0.3141,95503.9601,685261.1682,135.5231,0.1875,1.0065,94.3427,14.8476,672.9349,127.4085,784.3081,0.8107,0.1302,1,273,0,0.0,none,0.0106,0.0119
107082,PEACHCREST RD @ COLUMBIA TRCE,33.7441,-84.2531,Good,Moderate,71.0,63.9,1.0705,0.2495,0.2489,136089.8565,542959.5691,329.1938,0.2195,1.012,48.1413,3.8881,732.4327,192.2247,734.1542,0.7376,0.1302,1,267,0,0.0,none,0.0019,0.0022
107084,PEACHCREST RD @ PHILLIP CIR,33.743,-84.2531,Moderate,Moderate,69.7,63.5,1.1638,0.2654,0.2932,144760.6824,639678.4169,251.7793,0.2128,1.0093,48.4703,9.6354,720.6263,201.1137,865.4403,0.7209,0.1302,1,267,0,0.0,none,0.0267,0.03
107086,PEACHCREST RD @ MISTY VALLEY RD,33.7419,-84.2531,Moderate,Moderate,67.0,57.8,1.2556,0.353,0.3539,192521.4445,772192.687,266.9928,0.1148,1.1268,45.3007,13.8448,706.4822,255.6619,1043.7822,0.6381,0.1302,1,267,0,0.0,none,0.1091,0.1226
107088,PEACHCREST RD @ PHILLIP CIR,33.7431,-84.2532,Moderate,Moderate,69.8,60.5,1.1691,0.2654,0.3111,144760.6824,678793.1508,251.7793,0.2128,1.0093,48.4703,6.6412,718.8292,201.1137,914.566,0.7202,0.1302,1,273,0,0.0,none,0.039,0.0438
107090,COLUMBIA DR @ PEACHCREST RD,33.7406,-84.2532,Moderate,Moderate,65.1,56.6,1.2896,0.3287,0.3784,179266.8471,825531.511,406.2898,0.1446,1.1461,40.3643,1.5073,715.1392,232.4541,1128.9685,0.675,0.1302,2,533,0,0.0,none,0.1556,0.1749
107091,COLUMBIA DR @ PEACHCREST RD,33.7412,-84.2537,Moderate,Moderate,65.8,51.3,1.2652,0.3151,0.3381,171838.4994,737728.5354,356.5098,0.125,1.1614,43.5674,13.4775,689.0901,215.2406,1000.6362,0.6876,0.0614,1,267,0,0.0,none,0.0732,0.1285
107092,COLUMBIA DR @ 1757,33.7394,-84.2528,Poor,Poor,23.5,31.8,1.276,0.3957,0.3587,215806.2483,782460.5961,638.3076,0.1517,1.2377,34.0881,30.5261,754.129,301.0984,1102.0,0.6007,0.0614,2,540,5,4.5372,none,0.1405,0.2466
107094,COLUMBIA DR @ GLENWOOD RD,33.7388,-84.2523,No Infrastructure,No Infrastructure,2.6,6.8,1.1984,0.4575,0.3958,249533.8626,863533.4451,570.1604,0.1558,1.2482,34.2139,5.6623,774.9182,354.1579,1225.6144,0.543,0.1302,2,533,5,4.0796,none,0.2472,0.2779
107096,COLUMBIA DR @ GLENWOOD RD,33.7378,-84.2519,No Infrastructure,No Infrastructure,1.4,2.9,1.1098,0.5047,0.3608,275274.7222,787092.9328,505.463,0.1548,1.3095,35.1538,9.6621,802.0563,395.1872,1115.1476,0.5073,0.0276,2,533,6,5.3805,none,0.0175,0.0766
107098,COLUMBIA DR @ GLENWOOD RD,33.7369,-84.2521,No Infrastructure,No Infrastructure,0.0,0.0,1.2613,0.4985,0.3578,271903.003,780624.3972,437.8595,0.1508,1.2156,37.9295,10.5321,825.4329,399.9385,1142.1815,0.5155,0.076,2,540,6,5.2531,none,0.2515,0.3707
107100,COLUMBIA DR @ SPRING LAKE DR,33.7351,-84.2521,No Infrastructure,No Infrastructure,0.0,0.0,1.2755,0.357,0.3846,194729.4302,839113.6831,308.5129,0.1311,1.2065,49.7557,24.6616,872.6019,299.975,1243.4972,0.6562,0.076,2,540,1,0.8042,none,0.3078,0.4538
107101,COLUMBIA DR @ ELGIN DR,33.7362,-84.2518,No Infrastructure,No Infrastructure,0.0,0.0,1.2887,0.4334,0.3616,236357.0088,788907.0991,433.1899,0.101,1.2294,39.194,16.7633,840.2461,352.2491,1156.6683,0.5808,0.0276,2,533,3,2.5937,none,0.0964,0.4218
107102,COLUMBIA DR @ SPRING LAKE DR,33.7346,-84.252,No Infrastructure,No Infrastructure,0.0,0.0,1.2309,0.233,0.3645,127098.7467,795200.4607,427.2289,0.1463,1.1986,46.9374,17.7302,875.4219,209.1801,1201.1814,0.7611,0.0276,2,533,1,0.8325,none,0.0802,0.351
107104,COLUMBIA DR @ SNAPFINGER RD,33.733,-84.252,No Infrastructure,No Infrastructure,0.0,0.0,1.166,0.3337,0.329,182009.8608,717662.8623,126.0082,0.037,1.1398,78.1183,27.0675,874.6473,290.4932,1089.9341,0.6679,0.0276,1,267,2,1.835,planned,0.0393,0.0
107106,COLUMBIA DR @ WICKHAM DR,33.7318,-84.252,No Infrastructure,No Infrastructure,0.0,0.0,1.1558,0.4001,0.3456,218221.1383,753896.5956,108.8895,0.069,1.1002,93.7636,22.8035,872.6204,343.5718,1212.9657,0.6063,0.0276,1,267,2,1.6489,none,0.043,0.1882
107108,COLUMBIA DR @ HOMERA PL,33.7309,-84.2521,No Infrastructure,No Infrastructure,0.0,0.0,1.1435,0.4235,0.3245,230961.7021,707858.6348,112.6649,0.069,1.1004,92.7385,15.8321,874.3491,368.0007,1151.7629,0.5791,0.0276,1,267,3,2.6047,none,0.0338,0.1478
107110,COLUMBIA DR @ HYLAND DR,33.7299,-84.252,No Infrastructure,No Infrastructure,0.0,0.0,1.2775,0.3518,0.3065,191858.3446,668673.9488,146.2832,0.0,1.1156,77.3083,19.8226,873.3231,303.6748,1073.6783,0.6523,0.0276,1,267,3,2.7941,none,0.0787,0.3445
107112,COLUMBIA DR @ IRISH LN,33.7288,-84.252,No Infrastructure,No Infrastructure,0.0,0.0,1.3388,0.2786,0.266,151930.0573,580428.8375,191.606,0.1,1.0676,57.1753,16.5546,863.923,245.1621,906.7126,0.7162,0.0276,1,267,1,1.1029,none,0.0559,0.2447
107114,COLUMBIA DR @ IRISH LN,33.7277,-84.2518,No Infrastructure,No Infrastructure,0.0,0.0,1.2637,0.2905,0.2967,158462.5452,647286.6379,161.9954,0.0968,1.0584,65.2843,15.6529,839.0662,258.4037,1034.6619,0.692,0.0971,1,273,0,0.0,none,0.2361,0.2927
107116,COLUMBIA DR @ IRISH LN,33.7271,-84.2515,No Infrastructure,No Infrastructure,0.0,0.0,1.2914,0.3349,0.2697,182659.2369,588288.7275,118.7638,0.1071,1.042,79.9407,7.4015,808.7234,280.5497,914.0451,0.6531,0.0276,1,267,0,0.0,none,0.0526,0.2301
107118,GLENWOOD RD @ THOMAS ST,33.7384,-84.2765,No Infrastructure,No Infrastructure,1.7,3.2,1.0857,0.2668,0.2403,145513.0361,524171.7859,121.6871,0.2222,1.0669,84.6981,19.7343,764.377,214.5205,748.0681,0.7194,0.076,1,267,0,0.0,none,0.0074,0.0109
107120,GLENWOOD RD @ WELIKA DR,33.7383,-84.2744,No Infrastructure,No Infrastructure,0.0,0.0,1.0569,0.3239,0.2039,176639.038,444827.3032,100.6481,0.1765,1.1037,104.662,9.7846,771.5788,237.2892,630.5264,0.6925,0.076,1,267,0,0.0,none,0.0013,0.0019
107122,GLENWOOD RD @ MEADOW LN,33.7382,-84.2703,No Infrastructure,No Infrastructure,6.7,6.7,1.1099,0.192,0.2332,104705.8663,508811.4933,182.7751,0.1905,1.1439,62.518,33.463,764.1136,148.8032,737.1143,0.8053,0.076,1,267,1,1.3566,none,0.0122,0.018
107124,GLENWOOD RD @ HILLSDALE DR,33.7381,-84.2674,No Infrastructure,No Infrastructure,6.7,6.7,1.0997,0.2808,0.2689,153149.8791,586685.7361,151.6197,0.0952,1.1625,71.2219,36.1567,786.7829,220.9618,846.8507,0.7192,0.076,1,267,1,1.1808,none,0.0169,0.0249
107128,GLENWOOD RD @ GLENDALE DR,33.7381,-84.2636,No Infrastructure,No Infrastructure,0.0,0.0,1.0449,0.4089,0.2816,223017.0404,614413.29,138.1403,0.1,1.3393,87.1132,19.1525,802.933,346.222,902.2087,0.5688,0.076,1,267,1,1.1084,none,0.0029,0.0043
107132,GLENWOOD RD @ SHAMROCK DR,33.738,-84.2586,No Infrastructure,No Infrastructure,0.0,0.0,1.1375,0.331,0.3873,180518.2763,845013.508,332.5115,0.1176,1.194,52.1099,21.4017,785.4929,228.3815,1225.6461,0.7093,0.076,1,267,1,0.8159,none,0.102,0.1503
107134,GLENWOOD RD @ GLENVALE PL,33.738,-84.2568,No Infrastructure,No Infrastructure,0.0,0.0,1.2045,0.3833,0.4064,209053.6282,886570.8593,354.2613,0.1687,1.3454,43.2766,16.9595,776.5697,272.8491,1282.9075,0.6486,0.076,1,267,1,0.7795,none,0.2311,0.3407
107136,GLENWOOD RD @ COLUMBIA PL,33.738,-84.2554,No Infrastructure,No Infrastructure,1.2,2.5,1.1673,0.4799,0.4241,261737.3985,925177.7962,334.0872,0.1481,1.324,41.8032,3.303,788.0976,361.4138,1354.8485,0.5414,0.076,1,267,2,1.4762,none,0.1702,0.2509
107138,GLENWOOD RD @ S COLUMBIA PL,33.738,-84.2545,No Infrastructure,No Infrastructure,1.6,3.5,1.2381,0.4849,0.4101,264484.2304,894703.5914,476.3178,0.1406,1.3406,38.878,18.4934,793.0912,373.9708,1295.8044,0.5285,0.076,1,267,3,2.3152,none,0.2705,0.3988
107140,GLENWOOD RD @ COLUMBIA DR,33.7379,-84.2522,No Infrastructure,No Infrastructure,1.6,3.4,1.1009,0.5446,0.3766,297047.8865,821653.8139,463.6737,0.1576,1.3066,35.5516,9.1293,799.7466,429.0471,1169.0195,0.4635,0.076,1,267,6,5.1325,none,0.0462,0.0682
107142,GLENWOOD RD @ 4115,33.7379,-84.25,No Infrastructure,No Infrastructure,0.0,0.0,1.1838,0.3983,0.2965,217219.0056,646852.2796,602.0465,0.1538,1.2636,33.4597,3.3371,795.2768,314.8235,929.0078,0.6041,0.0276,1,267,2,2.1528,none,0.03,0.1313
107146,GLENWOOD RD @ GLENMAR DR,33.7377,-84.2441,No Infrastructure,Poor,5.7,15.6,1.0465,0.1805,0.3305,98460.4907,721070.6642,214.1893,0.069,1.0647,44.4985,17.9285,810.1488,144.6534,1111.8619,0.8214,0.0276,1,267,4,3.5976,none,0.0017,0.0076
107150,GLENWOOD RD @ MISTY VALLEY RD,33.7379,-84.246,No Infrastructure,No Infrastructure,5.7,10.0,1.088,0.2262,0.332,123379.6742,724334.864,280.2921,0.0667,1.0768,40.3848,13.6023,793.4441,178.5187,1055.0972,0.775,0.1302,1,261,1,0.9478,none,0.0331,0.0372
107155,GLENWOOD RD @ 4100,33.738,-84.2493,No Infrastructure,No Infrastructure,0.0,0.0,1.1851,0.3467,0.2769,189075.7255,604017.9053,574.3719,0.1698,1.2398,34.5276,12.3474,792.9674,275.3726,876.3808,0.6527,0.1302,1,261,1,1.1411,none,0.0958,0.1076
107156,GLENWOOD RD @ COLUMBIA DR,33.738,-84.2517,No Infrastructure,No Infrastructure,1.6,3.4,1.1063,0.506,0.3401,276000.6974,742003.1357,476.9227,0.1677,1.2993,36.3015,14.6226,796.947,396.2571,1062.1221,0.5028,0.1302,1,261,6,5.6491,none,0.0566,0.0636
107158,GLENWOOD RD @ S COLUMBIA PL,33.7381,-84.2544,No Infrastructure,No Infrastructure,1.7,3.9,1.2381,0.4849,0.4101,264484.2304,894703.5914,476.3178,0.1406,1.3406,38.878,9.0391,788.5612,373.9708,1295.8044,0.5258,0.0614,1,261,3,2.3152,none,0.2263,0.3972
107160,GLENWOOD RD @ GLENVALE PL,33.7381,-84.257,No Infrastructure,No Infrastructure,0.0,0.0,1.2045,0.3833,0.4064,209053.6282,886570.8593,354.2613,0.1687,1.3454,43.2766,9.0064,768.6445,272.8491,1282.9075,0.645,0.0614,1,261,1,0.7795,none,0.1941,0.3407
107162,GLENWOOD RD @ DERRILL DR,33.7381,-84.2589,No Infrastructure,No Infrastructure,0.0,0.0,1.0997,0.3295,0.4009,179734.4768,874551.6388,316.8057,0.14,1.1681,52.6962,10.0677,772.8398,229.7648,1249.049,0.7027,0.0614,1,261,1,0.8006,none,0.0432,0.0758
107164,GLENWOOD RD @ PARKHILL DR,33.7382,-84.2613,No Infrastructure,No Infrastructure,0.0,0.0,1.0725,0.3277,0.3567,178737.893,778294.0294,257.9328,0.0952,1.296,58.9881,13.8586,782.8965,259.093,1127.3019,0.6691,0.0614,1,261,2,1.7741,none,0.0167,0.0293
107166,GLENWOOD RD @ GLENDALE DR,33.7381,-84.2633,No Infrastructure,No Infrastructure,0.0,0.0,1.0449,0.4089,0.2816,223017.0404,614413.29,138.1403,0.1,1.3393,87.1132,11.5574,794.2335,346.222,902.2087,0.5641,0.0614,1,261,1,1.1084,none,0.0024,0.0043
107170,GLENWOOD RD @ SANTA CRUZ DR,33.7383,-84.2673,No Infrastructure,No Infrastructure,6.7,6.7,1.0824,0.3199,0.2527,174451.1363,551315.7568,114.9319,0.1154,1.156,81.1128,40.2584,780.0699,257.4465,782.4847,0.67,0.0614,1,261,1,1.278,none,0.0067,0.0117
107172,GLENWOOD RD @ MEADOW LN,33.7383,-84.2702,No Infrastructure,No Infrastructure,6.7,6.7,1.1099,0.192,0.2332,104705.8663,508811.4933,182.7751,0.1905,1.1439,62.518,29.0847,757.5363,148.8032,737.1143,0.8036,0.0614,1,261,1,1.3566,none,0.0103,0.018
107174,GLENWOOD RD @ WELIKA DR,33.7384,-84.2737,No Infrastructure,No Infrastructure,0.0,0.0,1.0562,0.2687,0.2077,146576.7848,453187.8997,137.176,0.1579,1.102,96.375,21.7277,768.1447,187.1042,647.3018,0.7564,0.0614,1,261,0,0.0,none,0.0012,0.0021
107230,S COLUMBIA DR @ MIDWAY RD,33.7556,-84.2692,Good,Good,85.0,87.7,1.1975,0.6122,0.4489,333888.4195,979391.2303,998.4746,0.0729,1.0889,30.7073,4.0618,536.7559,333.8796,1017.4008,0.378,0.0646,1,267,5,4.9145,none,0.0147,0.0242
107232,COLUMBIA DR @ MEMORIAL DR,33.755,-84.2681,Good,Good,85.0,84.5,1.1116,0.6674,0.4615,364011.9728,1006835.8749,1017.4102,0.0749,1.0725,29.5715,14.5771,550.7729,374.9385,1060.0892,0.3193,0.0646,1,267,6,5.6599,none,0.007,0.0115
107234,COLUMBIA DR @ MEMORIAL DR,33.7548,-84.2674,Good,Good,85.0,84.5,1.112,0.678,0.466,369792.0746,1016606.8705,1017.7014,0.0741,1.0601,29.2539,7.9395,567.7913,388.6054,1075.8827,0.3156,0.1302,1,266,6,5.5768,none,0.0109,0.0122
107236,COLUMBIA DR @ COLUMBIA VILLAGE CTR,33.7537,-84.2664,Good,Good,85.0,83.6,1.5944,0.4295,0.3599,234235.1703,785227.101,977.9924,0.0863,1.0769,28.9187,12.8928,580.7914,247.7988,829.362,0.5733,0.1302,1,266,6,7.2345,none,0.0282,0.0317
107238,COLUMBIA DR @ HAMILTON RD,33.7521,-84.2654,Poor,Moderate,31.7,51.6,1.2585,0.4369,0.43,238279.5935,938101.5426,548.5264,0.0714,1.0785,35.2213,11.768,590.8221,250.8891,1002.291,0.5754,0.1302,1,266,2,1.9954,none,0.1117,0.1256
107240,COLUMBIA DR @ ROBIN RD,33.7498,-84.2637,No Infrastructure,No Infrastructure,0.5,1.5,1.1209,0.3258,0.4252,177687.1601,927659.7324,517.1721,0.0533,1.0343,42.0263,18.6485,602.0403,182.9242,1022.3573,0.6962,0.1302,1,266,2,1.9563,none,0.0708,0.0796
107246,COLUMBIA DR @ CANARY CT,33.7483,-84.2624,No Infrastructure,No Infrastructure,0.0,0.0,1.0631,0.2687,0.3152,146570.8901,687643.6209,326.5433,0.075,1.146,52.0612,11.6857,614.591,157.704,755.5925,0.7434,0.1302,1,266,0,0.0,none,0.0045,0.0051
107248,COLUMBIA DR @ BOBOLINK DR,33.7473,-84.2619,No Infrastructure,No Infrastructure,0.0,0.0,1.0652,0.3483,0.3236,189972.0345,706016.8439,214.1999,0.1042,1.1835,58.1604,12.4058,612.648,212.2224,786.3747,0.6536,0.1302,1,266,0,0.0,none,0.0066,0.0074
107250,COLUMBIA DR @ SANTA MONICA DR,33.7449,-84.2603,No Infrastructure,No Infrastructure,0.0,0.0,1.0849,0.3851,0.3215,210024.3731,701449.6837,209.329,0.1905,1.1774,55.9455,23.2047,605.3481,229.4962,770.007,0.6209,0.1302,1,266,0,0.0,none,0.0109,0.0123
107254,COLUMBIA DR @ COLUMBIA CIR,33.7435,-84.258,No Infrastructure,No Infrastructure,0.0,0.0,1.1097,0.3409,0.3665,185949.8151,799567.0305,155.3842,0.1667,1.0599,54.5489,30.0577,608.3896,207.4246,903.3344,0.6591,0.1302,1,266,0,0.0,none,0.0386,0.0434
107256,COLUMBIA DR @ MCKENZIE DR,33.7431,-84.2573,No Infrastructure,No Infrastructure,2.3,3.8,1.1443,0.2403,0.3413,131064.5439,744567.0199,372.1457,0.1951,1.1167,48.5497,8.6803,610.6794,139.1354,871.2685,0.7722,0.1302,1,266,0,0.0,none,0.0574,0.0646
107258,COLUMBIA DR @ COLUMBIA PL,33.7423,-84.2555,No Infrastructure,No Infrastructure,6.3,12.2,1.1702,0.3313,0.3816,180686.6755,832468.154,332.857,0.1698,1.3339,48.1575,27.4837,640.0806,195.9257,1078.7792,0.6939,0.1302,1,266,0,0.0,none,0.1387,0.1559
107260,COLUMBIA DR @ PEACHCREST RD,33.7415,-84.2537,Moderate,Moderate,66.2,48.8,1.2652,0.3151,0.3381,171838.4994,737728.5354,356.5098,0.125,1.1614,43.5674,30.1413,686.3756,215.2406,1000.6362,0.6864,0.1302,1,266,0,0.0,none,0.1202,0.1351
107262,SNAPFINGER RD @ COLUMBIA DR,33.7332,-84.2511,No Infrastructure,No Infrastructure,0.0,0.0,1.166,0.3337,0.329,182009.8608,717662.8623,126.0082,0.037,1.1398,78.1183,90.8238,845.2526,290.4932,1089.9341,0.6563,0.0276,1,266,1,0.9175,planned,0.0393,0.0
107266,SNAPFINGER RD @ LA MESA LN,33.7325,-84.2462,No Infrastructure,No Infrastructure,0.0,0.0,1.2435,0.2195,0.3225,119715.1104,703610.6235,169.8326,0.1923,1.0352,64.9478,10.8149,754.9241,165.9674,997.8632,0.7802,0.0276,1,266,0,0.0,planned,0.0546,0.0
107267,SNAPFINGER RD @ GLENMAR DR,33.732,-84.2439,No Infrastructure,No Infrastructure,0.0,0.0,1.2017,0.2717,0.3486,148164.4156,760632.1327,109.0491,0.0,1.0208,89.8561,14.8476,754.9241,205.4082,1042.7675,0.7279,0.0276,1,266,0,0.0,planned,0.0491,0.0
107270,COLUMBIA DR @ COLUMBIA VILLAGE CTR,33.7537,-84.2666,Good,Good,85.0,79.3,1.2659,0.581,0.4492,316905.3408,980072.1611,1086.253,0.0804,1.0656,28.5432,12.3875,574.0848,331.3947,1056.2887,0.4227,0.0646,1,267,6,5.6803,none,0.0395,0.0653
107272,COLUMBIA DR @ HAMILTON RD,33.7519,-84.2655,Poor,Moderate,29.5,46.5,1.2793,0.4048,0.4115,220798.8412,897708.3373,640.2467,0.0708,1.0844,35.5094,16.4168,584.172,231.5479,951.5004,0.6036,0.0646,1,267,2,2.1019,none,0.0797,0.1316
107274,COLUMBIA DR @ BELVEDERE LN,33.7502,-84.2643,No Infrastructure,No Infrastructure,1.4,3.3,1.1431,0.3342,0.4434,182290.3021,967382.7383,584.0846,0.0455,1.101,39.8192,18.1477,593.7305,186.1669,1064.5139,0.6864,0.0646,1,267,2,1.8788,none,0.0725,0.1197
107276,COLUMBIA DR @ CANARY CT,33.7485,-84.2628,No Infrastructure,No Infrastructure,0.0,0.0,1.0635,0.2761,0.3236,150600.3398,705896.2153,305.2052,0.0732,1.1425,51.9658,18.4631,608.9986,161.5235,773.1892,0.7348,0.1302,1,267,0,0.0,none,0.0052,0.0059
107278,COLUMBIA DR @ SANTA MONICA DR,33.7448,-84.2604,No Infrastructure,No Infrastructure,0.0,0.0,1.0849,0.3851,0.3215,210024.3731,701449.6837,209.329,0.1905,1.1774,55.9455,22.3191,601.8871,229.4962,770.007,0.6187,0.0614,1,267,0,0.0,none,0.007,0.0123
107280,COLUMBIA DR @ DERRILL DR,33.7437,-84.2586,No Infrastructure,No Infrastructure,0.0,0.0,1.1097,0.3409,0.3665,185949.8151,799567.0305,155.3842,0.1667,1.0599,54.5489,31.508,605.1476,207.4246,903.3344,0.6572,0.0614,1,267,0,0.0,none,0.0247,0.0434
107281,COLUMBIA DR @ S COLUMBIA PL,33.742,-84.255,Poor,Poor,26.2,34.3,1.2502,0.3135,0.3709,170989.6081,809156.264,343.7252,0.1765,1.3568,47.9715,28.711,648.7311,185.5233,1059.0957,0.714,0.0614,1,267,0,0.0,none,0.1116,0.1958
107284,SNAPFINGER RD @ COLUMBIA DR,33.7331,-84.2515,No Infrastructure,No Infrastructure,0.0,0.0,1.166,0.3337,0.329,182009.8608,717662.8623,126.0082,0.037,1.1398,78.1183,54.5205,858.9793,290.4932,1089.9341,0.6618,0.0276,1,267,2,1.835,planned,0.0393,0.0
107286,SNAPFINGER RD @ HYLAND DR,33.7329,-84.2492,No Infrastructure,No Infrastructure,0.0,0.0,1.3328,0.2678,0.2421,146047.5293,528079.9028,127.3046,0.2,1.0112,78.8626,5.7526,785.5332,208.5205,799.4738,0.7345,0.0276,1,267,0,0.0,planned,0.0351,0.0
107288,SNAPFINGER RD @ WILLAMETTE WAY,33.7323,-84.2459,No Infrastructure,No Infrastructure,0.0,0.0,1.2089,0.3031,0.3331,165331.9483,726761.1366,141.7644,0.16,1.0329,68.2311,17.6374,754.9241,229.2084,1024.2149,0.6964,0.0276,1,267,0,0.0,planned,0.05,0.0
107290,SNAPFINGER RD @ GLENMAR DR,33.732,-84.2443,No Infrastructure,No Infrastructure,0.0,0.0,1.2017,0.2717,0.3486,148164.4156,760632.1327,109.0491,0.0,1.0208,89.8561,15.8929,754.9241,205.4082,1042.7675,0.7279,0.0276,1,267,0,0.0,planned,0.0491,0.0
107294,MEMORIAL DR @ COLUMBIA DR,33.7554,-84.2672,Good,Good,85.0,83.8,1.1907,0.6384,0.4526,348166.1479,987408.0679,1126.2411,0.0744,1.0799,31.1609,1.1609,581.4432,371.8596,1051.7671,0.3605,0.186,1,259,6,5.7047,none,0.0321,0.0328
107296,MEMORIAL DR @ 3480,33.7532,-84.2706,Good,Good,85.0,83.9,1.1888,0.3837,0.386,209276.7389,842172.792,1536.2233,0.0502,1.0937,28.5499,31.8513,477.3151,184.045,836.4899,0.6144,0.0646,1,259,1,1.1955,none,0.0095,0.0157
107304,MEMORIAL DR @ CARTER RD,33.7502,-84.2758,Good,Good,79.3,76.9,1.1198,0.2928,0.3064,159675.0831,668374.6694,759.4671,0.1441,1.1084,28.5715,6.0237,493.6015,142.6442,605.6708,0.711,0.0646,1,259,2,3.3021,none,0.0013,0.0022
107306,MEMORIAL DR @ RUPERT RD,33.7506,-84.2747,Good,Good,79.0,73.6,1.0561,0.3781,0.3981,206213.6252,868587.3402,589.6826,0.1408,1.1823,31.1592,4.7664,490.1505,184.0742,785.1647,0.6245,0.0614,1,259,2,2.5472,none,0.0007,0.0012
107308,MEMORIAL DR @ BELVEDERE PLAZA,33.7527,-84.2711,Good,Good,85.0,84.7,1.1283,0.3931,0.3626,214423.1495,791122.6647,1085.708,0.0667,1.1212,32.0851,7.0777,471.7511,183.2606,771.6878,0.6115,0.0646,1,266,1,1.2959,none,0.0031,0.0051
107314,PEACHCREST RD @ LONGLEAF DR,33.7472,-84.2516,Moderate,Moderate,68.6,60.3,1.1135,0.1751,0.3141,95503.9601,685261.1682,135.5231,0.1875,1.0065,94.3427,24.0312,678.7683,127.4085,784.3081,0.8123,0.1302,1,267,0,0.0,none,0.0102,0.0115
107318,COLUMBIA DR @ MCKENZIE DR,33.743,-84.2575,No Infrastructure,No Infrastructure,0.0,0.0,1.1443,0.2403,0.3413,131064.5439,744567.0199,372.1457,0.1951,1.1167,48.5497,14.1993,604.8235,139.1354,871.2685,0.77,0.0614,1,267,0,0.0,none,0.0382,0.0671
107320,COLUMBIA DR @ SNAPFINGER RD,33.7334,-84.2522,No Infrastructure,No Infrastructure,0.0,0.0,1.166,0.3337,0.329,182009.8608,717662.8623,126.0082,0.037,1.1398,78.1183,25.1613,884.1907,290.4932,1089.9341,0.6715,0.076,1,273,0,0.0,planned,0.1165,0.0
107322,COLUMBIA DR @ HYLAND DR,33.7301,-84.2523,No Infrastructure,No Infrastructure,0.0,0.0,1.2775,0.3518,0.3065,191858.3446,668673.9488,146.2832,0.0,1.1156,77.3083,14.6316,881.7384,303.6748,1073.6783,0.6556,0.0971,1,273,3,2.7941,none,0.2779,0.3445
107328,GLENWOOD RD @ FARRIS DR,33.738,-84.2617,No Infrastructure,No Infrastructure,0.0,0.0,1.0611,0.3136,0.3502,171066.0991,764116.3283,259.0558,0.0556,1.3461,61.1234,12.611,793.1968,248.9214,1099.8485,0.6862,0.076,1,267,2,1.8184,none,0.0117,0.0172
107332,COLUMBIA DR @ BOBOLINK DR,33.7474,-84.2623,No Infrastructure,No Infrastructure,0.0,0.0,1.1397,0.2208,0.2501,120437.8322,545604.0561,628.9684,0.0882,1.1835,50.4031,19.3204,605.9239,131.2889,605.2475,0.7833,0.0614,1,267,0,0.0,none,0.007,0.0123
107334,PEACHCREST RD @ ORCHARD CIR,33.7539,-84.2502,No Infrastructure,No Infrastructure,0.0,0.0,1.2943,0.2621,0.2895,142946.2588,631647.8696,237.3224,0.0909,1.9611,156.5837,36.302,485.2532,121.7678,592.4015,0.7491,0.1302,1,273,0,0.0,none,0.0292,0.0329
107336,PEACHCREST RD @ MISTY VALLEY RD,33.7419,-84.2533,Moderate,Moderate,67.2,57.4,1.253,0.353,0.3544,192521.4445,773178.3692,266.9928,0.1148,1.1268,45.3007,7.6867,702.0574,255.6619,1045.2636,0.6358,0.1302,1,273,0,0.0,none,0.1094,0.1229
107338,COLUMBIA DR @ MCAFEE RD,33.7316,-84.2522,No Infrastructure,No Infrastructure,0.0,0.0,1.1246,0.4068,0.3588,221855.8559,782843.9487,108.752,0.069,1.1198,93.9062,18.2627,881.0669,357.0482,1276.4678,0.5948,0.076,1,273,2,1.5668,none,0.0914,0.1347
107346,MEMORIAL DR @ COLUMBIA DR,33.7542,-84.2686,Good,Good,85.0,83.3,1.1899,0.613,0.4393,334359.4914,958507.3383,1108.4354,0.0695,1.0912,29.0736,19.5689,526.1534,331.6204,996.3582,0.3697,0.0646,1,266,6,6.0219,none,0.0172,0.0283
107348,SNAPFINGER RD @ DR CRAWFORD LEWIS DR,33.7327,-84.2478,No Infrastructure,No Infrastructure,0.0,0.0,1.3253,0.2337,0.2954,127445.392,644498.6457,164.7466,0.2,1.0405,61.0981,6.9379,755.6581,177.7653,935.5343,0.7648,0.0276,1,267,0,0.0,planned,0.0604,0.0
107350,SNAPFINGER RD @ DR CRAWFORD LEWIS DR,33.7329,-84.248,No Infrastructure,No Infrastructure,0.0,0.0,1.3253,0.2337,0.2954,127445.392,644498.6457,164.7466,0.2,1.0405,61.0981,25.4372,757.8697,177.7653,935.5343,0.7654,0.0276,1,266,0,0.0,planned,0.0604,0.0
108002,GLENWOOD RD @ HOLLYHOCK TER,33.7376,-84.242,No Infrastructure,No Infrastructure,5.7,14.7,1.0456,0.2566,0.2964,139962.8869,646723.897,94.3915,0.0,1.0574,79.2859,9.1454,818.0655,212.819,1025.2819,0.7399,0.0276,1,267,4,3.9014,none,0.0014,0.006
108050,GLENWOOD RD @ HOLLYHOCK TER,33.7377,-84.2417,No Infrastructure,No Infrastructure,5.7,14.3,1.0706,0.2489,0.2991,135747.7105,652630.2738,99.0455,0.0,1.0785,84.0254,25.3161,825.9682,208.2784,1049.6943,0.7478,0.1611,1,261,4,3.8106,none,0.0186,0.0198
108112,SNAPFINGER RD @ CHESTNUT HILL CIR,33.7315,-84.2415,No Infrastructure,No Infrastructure,0.0,0.0,1.1352,0.2748,0.3192,149897.9232,696375.9998,81.7644,0.0714,1.0081,134.3727,4.5343,734.4434,207.0272,886.4035,0.7181,0.0276,1,266,0,0.0,planned,0.014,0.0
108118,SNAPFINGER RD @ CHESTNUT HILL CIR (W),33.7314,-84.2416,No Infrastructure,No Infrastructure,0.0,0.0,1.1352,0.2748,0.3192,149897.9232,696375.9998,81.7644,0.0714,1.0081,134.3727,14.3811,739.6349,207.0272,886.4035,0.7201,0.0276,1,267,0,0.0,planned,0.014,0.0
117002,GLENWOOD AVE SE @ BROWNWOOD AVE SE,33.7401,-84.3482,Good,Good,85.0,84.9,1.2786,0.5718,0.5219,311860.7304,1138551.3795,836.8066,0.0583,1.0815,30.6719,7.1772,885.916,497.5838,1883.9378,0.4383,0.0314,4,946,3,1.5924,none,0.036,0.1014
117004,MORELAND AVE SE @ BURNS ST SE,33.7265,-84.3495,Moderate,Moderate,67.6,63.3,1.1058,0.4729,0.3821,257913.5653,833563.2402,285.4131,0.0933,1.0377,49.7119,11.9111,875.5524,424.1826,1178.6986,0.5155,0.0255,1,273,0,0.0,none,0.0049,0.0293
117006,MORELAND AVE SE @ LYNDALE DR SE,33.7278,-84.3494,Moderate,Moderate,63.2,56.7,1.1033,0.4715,0.3867,257189.2504,843637.3728,108.8893,0.129,1.081,111.9638,26.8729,952.3573,461.9142,1290.1154,0.515,0.0255,1,273,0,0.0,none,0.0064,0.0383
117007,MORELAND AVE SE @ STONEYBROOK DR,33.7291,-84.3494,Moderate,Moderate,54.1,46.1,1.1477,0.3841,0.3574,209485.0555,779743.5224,124.2044,0.0714,1.1203,96.8364,6.4582,952.5166,366.4817,1326.3204,0.6152,0.0255,1,273,0,0.0,none,0.0179,0.1075
117008,MORELAND AVE SE @ EDEN AVE SE,33.7301,-84.3494,Moderate,Poor,46.1,34.9,1.1836,0.3422,0.3765,186664.5738,821360.8187,282.863,0.0652,1.129,48.0015,8.6892,953.1075,355.5044,1459.4403,0.627,0.0255,1,273,0,0.0,none,0.0345,0.2074
117010,MORELAND AVE SE @ DELAWARE AVE SE,33.7319,-84.3494,No Infrastructure,Poor,9.1,16.4,1.2337,0.4018,0.4617,219160.5727,1007214.6929,458.2729,0.1379,1.1629,41.1158,7.2716,957.3265,414.3987,1805.2568,0.5671,0.0255,1,273,0,0.0,none,0.0739,0.4446
117012,MORELAND AVE SE @ GRACEWOOD AVE SE,33.7329,-84.3494,Poor,Moderate,32.9,47.7,1.2932,0.4868,0.4957,265518.4749,1081456.5859,383.542,0.0729,1.1316,42.2972,7.316,962.2053,484.7624,1927.5329,0.4962,0.0255,1,273,0,0.0,none,0.0629,0.3781
117014,MORELAND AVE SE @ ORMEWOOD AVE SE,33.7342,-84.3494,Good,Good,85.0,80.3,1.2135,0.4312,0.4931,235191.09,1075775.0093,460.2654,0.0693,1.0473,41.5191,11.562,978.0606,427.4698,1937.6762,0.5629,0.0255,1,273,0,0.0,none,0.0167,0.1003
117016,MORELAND AVE SE @ HALL AVE SE,33.7351,-84.3494,Good,Good,85.0,80.4,1.2075,0.5396,0.4774,294288.2537,1041599.7101,394.2025,0.0762,1.0481,47.0161,11.1462,990.4529,530.1277,1866.0974,0.4648,0.0255,1,273,0,0.0,none,0.0155,0.0935
117018,MORELAND AVE SE @ BERNE ST SE,33.7361,-84.3494,Good,Good,85.0,84.1,1.1971,0.4727,0.5174,257833.4557,1128695.5262,361.4757,0.0388,1.0278,45.1932,9.4309,1002.7633,481.3261,2023.3494,0.52,0.0255,1,273,0,0.0,none,0.0123,0.0738
117022,MORELAND AVE SE @ PORTLAND AVE SE,33.7392,-84.3494,Good,Good,85.0,84.6,1.1844,0.5631,0.4919,307099.5255,1073118.7978,653.8038,0.057,1.0867,35.1369,12.6149,992.6797,554.6029,1861.3529,0.4413,0.0255,1,273,3,1.6117,none,0.0098,0.059
117042,GLENWOOD AVE SE @ BROWNWOOD AVE,33.7403,-84.3484,Good,Good,85.0,84.6,1.2859,0.5474,0.4841,298567.387,1056077.7814,952.4251,0.0522,1.088,30.4584,8.3059,896.4225,480.0732,1774.8149,0.4645,0.0314,4,928,3,1.6903,none,0.0358,0.1008
117098,MORELAND AVE SE @ BEECHVIEW DR SE,33.7261,-84.3493,Good,Moderate,74.0,65.2,1.102,0.483,0.3705,263462.475,808396.4108,275.1853,0.1014,1.0404,49.568,31.5138,846.1446,437.2748,1162.7472,0.4832,0.0314,1,274,0,0.0,none,0.0091,0.0257
117100,MORELAND AVE SE @ LYNDALE DR SE,33.7273,-84.3493,Moderate,Moderate,66.0,57.1,1.1054,0.4692,0.3915,255886.0112,854055.421,100.1668,0.1667,1.0424,96.884,29.5379,924.7182,460.0314,1305.2983,0.5025,0.0314,1,274,0,0.0,none,0.0144,0.0404
117102,MORELAND AVE SE @ DELAWARE AVE SE,33.7319,-84.3493,No Infrastructure,Poor,9.1,16.7,1.2337,0.4018,0.4617,219160.5727,1007214.6929,458.2729,0.1379,1.1629,41.1158,3.876,952.637,414.3987,1805.2568,0.565,0.0314,1,274,0,0.0,none,0.1575,0.443
117104,MORELAND AVE SE @ GRACEWOOD AVE SE,33.7328,-84.3493,Poor,Moderate,33.0,47.3,1.2897,0.4885,0.4924,266458.2006,1074284.3682,383.542,0.0729,1.1316,42.2972,3.3534,956.764,486.6742,1911.6108,0.4913,0.0314,1,274,0,0.0,none,0.1314,0.3698
117106,MORELAND AVE SE @ ORMEWOOD AVE SE,33.7338,-84.3492,Good,Moderate,77.3,66.8,1.2407,0.4827,0.4752,263287.5072,1036700.4814,478.3811,0.07,1.0478,41.3545,10.1822,965.8606,485.5759,1874.6608,0.4973,0.0314,1,274,0,0.0,none,0.0669,0.1881
117108,MORELAND AVE SE @ HALL ST SE,33.7349,-84.3492,Good,Good,85.0,84.5,1.2587,0.407,0.4474,221999.6424,976010.1827,441.3198,0.0625,1.0476,44.8175,15.4649,980.1743,394.1237,1749.7493,0.5979,0.0314,1,274,0,0.0,none,0.0323,0.0909
117110,MORELAND AVE SE @ BERNE ST SE,33.7361,-84.3493,Good,Good,85.0,83.6,1.1734,0.4936,0.5204,269210.0191,1135247.727,363.8053,0.0392,1.0276,45.7728,7.0969,996.1973,498.5118,2030.5622,0.4996,0.0314,1,274,0,0.0,none,0.0216,0.0607
117112,MORELAND AVE SE @ WOODLAND AVE SE,33.7375,-84.3492,Good,Good,85.0,83.8,1.1633,0.5498,0.509,299870.8686,1110514.5448,388.0798,0.0593,1.0454,46.5693,3.2929,999.2349,555.6776,1938.6489,0.4439,0.0314,1,274,1,0.5158,none,0.0184,0.0519
117114,MORELAND AVE SE @ PORTLAND AVE,33.7388,-84.3492,Good,Good,85.0,84.6,1.186,0.5663,0.5054,308859.8397,1102523.8089,678.0289,0.0559,1.0816,35.7695,30.7255,984.0838,549.477,1888.1945,0.4416,0.0314,1,274,3,1.5888,none,0.0217,0.061
117116,MORELAND AVE SE @ GLENWOOD AVE SE,33.7399,-84.3492,Good,Good,85.0,84.3,1.1235,0.6321,0.5495,344731.4796,1198904.2935,952.4126,0.0442,1.0854,30.1404,16.8875,962.3335,585.65,2062.1585,0.3914,0.0314,1,274,3,1.4548,none,0.0111,0.0313
117118,MORELAND AVE SE @ METROPOLITAN AVE SE,33.7412,-84.3491,Good,Good,85.0,84.6,1.1629,0.6061,0.5247,330584.7369,1144625.0888,1044.4161,0.0617,1.0884,27.7381,17.2077,933.9809,556.2241,1952.7644,0.4045,0.0314,3,682,3,1.5363,none,0.0175,0.0493
117120,MORELAND AVE SE @ MCPHERSON AVE SE,33.743,-84.3492,Good,Good,85.0,84.2,1.1684,0.4453,0.5027,242891.7859,1096827.4135,1007.2944,0.07,1.0949,25.087,6.0748,902.0564,380.7863,1861.9727,0.5779,0.0314,3,682,1,0.5371,none,0.0185,0.0521
117121,MORELAND AVE SE @ MEMORIAL DR SE,33.7474,-84.3491,Good,Good,85.0,88.1,1.116,0.5318,0.5304,290039.1941,1157147.1753,671.6351,0.1977,1.0273,26.2505,7.8026,986.3606,551.7781,2285.6789,0.4406,0.0314,3,682,1,0.4375,none,0.0078,0.0219
117122,MORELAND AVE @ STONEYBROOK DR,33.7287,-84.3493,Moderate,Moderate,54.6,42.6,1.1477,0.3841,0.3574,209485.0555,779743.5224,124.2044,0.0714,1.1203,96.8364,42.0962,944.2425,366.4817,1326.3204,0.6119,0.0314,1,274,0,0.0,none,0.0407,0.1145
117123,MORELAND AVE SE @ MERLIN AVE SE,33.7497,-84.3491,Good,Good,85.0,92.4,1.2321,0.569,0.5036,310340.6828,1098646.0221,902.6351,0.1144,1.0598,27.1184,23.946,1139.6902,644.5322,2514.4433,0.4345,0.0451,3,682,0,0.0,none,0.0232,0.0467
117124,MORELAND AVE @ EDEN AVE,33.7301,-84.3493,Moderate,Poor,46.2,34.5,1.1836,0.3422,0.3765,186664.5738,821360.8187,282.863,0.0652,1.129,48.0015,4.2657,947.5417,355.5044,1459.4403,0.6248,0.0314,1,274,0,0.0,none,0.0742,0.2087
117127,MORELAND AVE SE @ WYLIE ST SE,33.7523,-84.3492,Good,Good,85.0,86.3,1.1954,0.5178,0.5842,282393.5713,1274518.1945,692.3043,0.0415,1.029,30.4307,4.842,1558.3123,794.7504,3469.3785,0.49,0.0451,3,682,1,0.2882,none,0.0354,0.0711
117129,MORELAND AVE SE @ HOSEA L WILLIAMS DR NE,33.7535,-84.3492,Good,Good,85.0,82.7,1.192,0.5123,0.5394,279406.4349,1176893.6276,599.9521,0.046,1.064,33.8088,5.7944,1740.013,976.463,3343.7395,0.4388,0.0451,3,682,1,0.2991,none,0.0428,0.086
117131,MORELAND AVE NE @ HARDEE ST NE,33.7556,-84.3491,Good,Good,85.0,83.9,1.2259,0.6137,0.4854,334738.9072,1059057.099,792.5527,0.0612,1.045,30.0853,13.3653,1940.067,1192.2956,3136.2525,0.3854,0.0451,3,682,0,0.0,none,0.0498,0.1001
127020,MORELAND AVE SE @ UNITED AVE,33.7245,-84.3495,Good,Good,75.7,71.4,1.1257,0.4023,0.3806,219405.3952,830363.4231,430.7424,0.0811,1.0704,37.0913,5.7811,729.4211,299.6377,1078.6208,0.5892,0.0255,1,273,0,0.0,none,0.0047,0.0284
127021,MORELAND AVE @ VICKERS ST,33.7219,-84.3495,Good,Moderate,74.4,68.6,1.1003,0.4196,0.3289,228874.4724,717451.1921,636.979,0.1429,1.0767,29.5541,4.5058,555.5107,231.2195,793.8733,0.5838,0.2113,2,547,0,0.0,none,0.007,0.007
127022,UNITED AVE @ MORELAND AVE SE,33.724,-84.3496,Good,Good,75.8,71.3,1.0849,0.4757,0.3798,259433.1533,828632.8714,431.1117,0.087,1.0657,36.2507,5.6253,688.8914,329.4071,1041.5772,0.5218,0.2113,1,274,0,0.0,none,0.0102,0.0102
127052,MORELAND AVE SE @ VILLAGE CREEK LNDG,33.7222,-84.3494,Good,Moderate,74.9,67.9,1.0957,0.3976,0.3354,216838.8428,731746.0227,824.9254,0.1311,1.0787,28.635,19.2553,572.3419,219.23,843.4498,0.617,0.0433,2,554,0,0.0,none,0.0035,0.0076
127053,MORELAND AVE @ SKY HAVEN RD,33.7244,-84.3493,Good,Moderate,75.7,67.5,1.1872,0.2862,0.3353,156084.9465,731434.1146,624.4519,0.0849,1.0873,32.4038,10.6315,717.4907,190.5876,894.6684,0.7344,0.0314,1,274,0,0.0,none,0.0136,0.0382
128002,FLAT SHOALS RD SE @ FAYETTEVILLE RD,33.7257,-84.3224,No Infrastructure,No Infrastructure,0.0,0.0,1.1429,0.3133,0.2922,170857.9498,637542.118,220.9648,0.2097,1.1137,42.215,12.7217,713.3157,222.9533,902.7571,0.6874,0.0981,1,210,4,4.4309,completed,0.0615,0.0
128004,FLAT SHOALS RD SE @ 2063,33.7244,-84.3201,No Infrastructure,No Infrastructure,0.0,0.0,1.1091,0.2965,0.2714,161720.239,592210.9597,326.6544,0.1351,1.1301,34.7391,6.9351,776.5668,251.0537,886.6348,0.6767,0.0981,1,210,3,3.3836,completed,0.032,0.0
128006,FLAT SHOALS RD SE @ KEYSTONE DR,33.7234,-84.3186,No Infrastructure,No Infrastructure,0.0,0.0,1.087,0.3216,0.2625,175382.6374,572776.221,186.9374,0.0976,1.1816,54.6469,5.3883,852.5633,290.0665,896.9617,0.6598,0.0981,1,210,1,1.1149,completed,0.0201,0.0
128050,BOULDERCREST DR SE @ SMITH ST SE,33.7215,-84.3314,No Infrastructure,No Infrastructure,0.0,0.0,1.1949,0.2607,0.3171,142175.0406,691829.603,132.4341,0.0357,1.0684,64.6141,19.5046,636.0143,171.4867,791.3454,0.7304,0.0257,1,210,0,0.0,none,0.0165,0.0848
128052,BOULDERCREST DR SE @ MARY DELL DR SE,33.7228,-84.3319,No Infrastructure,No Infrastructure,0.0,0.0,1.1138,0.229,0.2929,124914.7525,638940.3852,86.0403,0.0526,1.1866,88.4172,8.1537,617.3357,158.2091,716.6387,0.7437,0.0257,1,210,0,0.0,none,0.0039,0.0203
128054,BOULDERCREST DR SE @ WAINWRIGHT DR SE,33.7238,-84.3322,No Infrastructure,No Infrastructure,0.0,0.0,1.1264,0.2813,0.2802,153450.8614,611407.185,78.9176,0.0,1.0827,96.8166,20.0184,625.1929,199.1248,694.6311,0.6815,0.0257,1,210,0,0.0,none,0.0042,0.0217
128056,BOULDERCREST DR SE @ LOCHLAND RD SE,33.7254,-84.3325,No Infrastructure,No Infrastructure,0.0,0.0,1.0996,0.2731,0.2931,148968.5894,639487.1434,117.6612,0.0,1.3663,123.3749,4.9748,636.014,181.0564,750.4188,0.7153,0.0257,1,210,0,0.0,none,0.003,0.0155
128058,BOULDERCREST DR SE @ SMITH ST SE,33.7216,-84.3316,No Infrastructure,No Infrastructure,0.0,0.0,1.1949,0.2607,0.3171,142175.0406,691829.603,132.4341,0.0357,1.0684,64.6141,6.7325,625.4883,171.4867,791.3454,0.7258,0.0257,1,203,0,0.0,none,0.0165,0.0848
128060,BOULDERCREST DR SE @ SARGENT AVE SE,33.7206,-84.3309,No Infrastructure,No Infrastructure,0.0,0.0,1.1895,0.2647,0.322,144363.633,702538.1507,174.4389,0.0526,1.0225,46.0038,5.7657,664.3109,174.6824,838.9959,0.737,0.0257,1,210,0,0.0,none,0.0192,0.0991
128128,FLAT SHOALS RD SE @ KEYSTONE DR,33.7234,-84.3183,No Infrastructure,No Infrastructure,0.0,0.0,1.087,0.3216,0.2625,175382.6374,572776.221,186.9374,0.0976,1.1816,54.6469,21.3246,858.5591,290.0665,896.9617,0.6621,0.0981,1,198,1,1.1149,completed,0.0201,0.0
128130,FLAT SHOALS RD @ 2051,33.7249,-84.3207,No Infrastructure,No Infrastructure,0.0,0.0,1.1148,0.2805,0.2695,153008.4656,588044.4552,330.7869,0.1549,1.1333,34.7503,28.1006,745.396,230.689,867.6606,0.6905,0.0981,1,198,3,3.4576,completed,0.0354,0.0
128132,FLAT SHOALS RD SE @ FAYETTEVILLE RD,33.7258,-84.3224,No Infrastructure,No Infrastructure,0.0,0.0,1.0772,0.3337,0.305,182019.4396,665491.3355,200.3561,0.2388,1.1063,42.0722,2.114,708.3317,236.5958,928.2303,0.666,0.0981,1,198,4,4.3093,completed,0.0163,0.0
128192,BOULDERCREST DR SE @ ORANGE BLOSSOM TER SE,33.7231,-84.3321,No Infrastructure,No Infrastructure,0.0,0.0,1.1389,0.2739,0.2884,149406.6969,629147.9797,77.1594,0.0625,1.0815,92.6554,9.5433,614.2827,177.9701,714.0193,0.7103,0.0257,1,203,0,0.0,none,0.0054,0.0279
129152,2ND AVE @ TRAILWOOD RD,33.726,-84.3079,No Infrastructure,No Infrastructure,13.3,13.3,1.0896,0.2661,0.3691,145146.8253,805334.787,136.8134,0.1538,1.1543,72.1051,20.4701,622.831,148.1392,957.2765,0.7622,0.0417,1,203,1,1.0446,none,0.0125,0.028
129180,CANDLER RD @ 2365,33.7213,-84.2772,No Infrastructure,No Infrastructure,0.0,0.0,1.1626,0.2757,0.3289,150370.9159,717605.5086,401.5919,0.2206,1.17,38.8657,26.0399,765.1441,203.4279,1003.3629,0.7341,0.0992,1,525,1,0.9966,none,0.1084,0.1295
129182,2ND AVE @ LONGDALE DR,33.7261,-84.308,No Infrastructure,No Infrastructure,13.3,13.3,1.1096,0.2987,0.3689,162925.8124,804862.5008,127.1509,0.1481,1.1476,72.5909,27.9324,621.5588,164.4559,938.4721,0.7354,0.0981,1,203,1,1.0656,none,0.0346,0.0421
129186,2ND AVE @ JOSEPH CT,33.7239,-84.308,No Infrastructure,No Infrastructure,4.4,7.4,1.1905,0.2824,0.3167,154026.7547,690828.453,74.654,0.1364,1.0285,85.4191,9.178,721.6771,226.8404,877.3806,0.6857,0.0981,1,203,1,1.1398,none,0.0875,0.1063
129212,2ND AVE @ 2319,33.722,-84.3078,Poor,Poor,22.2,36.4,1.3747,0.0612,0.0495,33393.4172,108043.4854,170.3955,0.6,1.1461,92.3917,17.064,759.4633,32.1507,104.7828,0.9577,0.0417,1,203,0,0.0,none,0.0006,0.0014
129214,2ND AVE @ EAST DR,33.7232,-84.3078,No Infrastructure,No Infrastructure,6.4,11.6,1.1986,0.2147,0.2561,117087.7537,558813.6265,118.6161,0.1905,1.169,68.8177,35.7626,733.0868,160.8444,760.1936,0.7806,0.0417,1,203,1,1.3155,none,0.0279,0.0627
129218,CANDLER RD @ WHITES MILL RD,33.7256,-84.2791,No Infrastructure,No Infrastructure,3.1,7.1,1.1642,0.3791,0.3617,206769.3582,789075.3303,319.1691,0.1538,1.0789,42.2339,13.6271,850.0018,325.7452,1183.5674,0.6168,0.0992,1,525,0,0.0,none,0.1561,0.1865
129220,CANDLER RD @ ELLEN WAY,33.7243,-84.2785,No Infrastructure,No Infrastructure,0.1,0.6,1.102,0.3788,0.3403,206592.936,742359.2445,269.9589,0.0727,1.1376,53.0263,14.5855,850.4075,318.6212,1088.5368,0.6253,0.0992,1,525,0,0.0,none,0.0517,0.0618
129222,CANDLER RD @ TONEY DR,33.7226,-84.2777,No Infrastructure,No Infrastructure,0.0,0.0,1.0979,0.3716,0.3372,202689.0391,735681.7233,302.4046,0.0769,1.1623,49.9627,4.6746,798.3757,299.5142,1052.4859,0.6248,0.0992,1,525,1,0.9501,none,0.0411,0.0491
129226,CANDLER RD @ TONEY DR,33.7224,-84.2774,No Infrastructure,No Infrastructure,0.0,0.0,1.0979,0.3716,0.3372,202689.0391,735681.7233,302.4046,0.0769,1.1623,49.9627,23.5715,795.1178,299.5142,1052.4859,0.6233,0.1751,1,513,1,0.9501,none,0.0464,0.0491
129228,CANDLER RD @ ELLEN WAY,33.7244,-84.2784,No Infrastructure,No Infrastructure,0.1,0.7,1.102,0.3788,0.3403,206592.936,742359.2445,269.9589,0.0727,1.1376,53.0263,19.2497,851.1222,318.6212,1088.5368,0.6256,0.1751,1,513,0,0.0,none,0.0583,0.0617
129230,CANDLER RD @ OUSLEY CT,33.7215,-84.277,No Infrastructure,No Infrastructure,0.0,0.0,1.0987,0.3036,0.332,165566.0074,724210.312,391.3003,0.1875,1.1624,42.4104,32.3477,775.5366,234.5735,1020.1852,0.6975,0.1751,1,513,1,0.9802,none,0.044,0.0466
129236,CANDLER RD @ WHITES MILL RD,33.7258,-84.2789,No Infrastructure,No Infrastructure,3.3,7.7,1.1327,0.4023,0.3614,219411.715,788504.4836,335.0563,0.1566,1.0785,40.8904,16.4162,844.3131,342.4431,1171.2704,0.5944,0.1751,1,513,0,0.0,none,0.1145,0.1212
129956,FLAT SHOALS RD @ SHAWN WAYNE CT,33.7203,-84.312,No Infrastructure,No Infrastructure,0.3,1.1,1.1775,0.3555,0.2516,193911.2156,548925.0533,432.1877,0.0735,1.1834,48.057,18.6931,1012.3654,367.3605,951.338,0.6371,0.0981,1,210,0,0.0,completed,0.1073,0.0
129958,FLAT SHOALS RD @ SHAWN WAYNE CT,33.7202,-84.3115,No Infrastructure,No Infrastructure,1.7,3.5,1.1775,0.3555,0.2516,193911.2156,548925.0533,432.1877,0.0735,1.1834,48.057,37.1339,989.7093,367.3605,951.338,0.6288,0.0981,1,198,0,0.0,completed,0.1047,0.0
129960,FLAT SHOALS RD @ WOODCASTLE LN,33.7214,-84.3146,No Infrastructure,No Infrastructure,0.0,0.0,1.1271,0.2429,0.2287,132458.6587,499030.2055,348.793,0.0769,1.0976,39.9504,54.1088,1019.0656,251.4728,893.1841,0.7532,0.0981,1,210,0,0.0,completed,0.0467,0.0
130124,COLUMBIA DR @ OREGON TRL,33.7258,-84.2512,No Infrastructure,No Infrastructure,0.0,0.0,1.2528,0.2613,0.2673,142542.5458,583127.9038,128.6951,0.1538,1.0759,69.1835,19.9065,754.0136,189.9969,806.8397,0.748,0.0276,1,267,0,0.0,none,0.0291,0.1274
130126,COLUMBIA DR @ WOODS DR,33.7235,-84.2513,No Infrastructure,No Infrastructure,0.0,0.0,1.1231,0.1698,0.2733,92630.2702,596331.4623,189.4292,0.1429,1.0962,72.3451,20.5461,687.0275,133.0152,742.7504,0.8064,0.0276,1,267,0,0.0,none,0.0059,0.026
130128,COLUMBIA DR @ COLUMBIA CT,33.7218,-84.2517,No Infrastructure,No Infrastructure,0.0,0.0,1.0668,0.2616,0.3475,142657.9674,758113.3079,71.8433,0.1765,1.0752,98.2678,8.5847,673.8954,187.7287,897.6566,0.7214,0.0971,1,267,0,0.0,none,0.0099,0.0122
130194,COLUMBIA DR @ WOODS DR,33.7233,-84.2516,No Infrastructure,No Infrastructure,0.0,0.0,1.1143,0.1862,0.2826,101533.8597,616566.721,105.0985,0.1429,1.0728,95.9346,17.98,700.6898,144.6759,751.8597,0.7935,0.0971,1,273,0,0.0,none,0.0192,0.0238
130208,COLUMBIA DR @ CASA LINDA DR,33.7221,-84.2518,No Infrastructure,No Infrastructure,0.0,0.0,1.0668,0.2616,0.3475,142657.9674,758113.3079,71.8433,0.1765,1.0752,98.2678,22.2767,686.3667,187.7287,897.6566,0.7265,0.0971,1,273,0,0.0,none,0.0099,0.0122
130222,COLUMBIA DR @ OREGON TRL,33.7257,-84.2514,No Infrastructure,No Infrastructure,0.0,0.0,1.2528,0.2613,0.2673,142542.5458,583127.9038,128.6951,0.1538,1.0759,69.1835,31.6848,759.5997,189.9969,806.8397,0.7499,0.0971,1,273,0,0.0,none,0.1028,0.1274
212849,MEMORIAL DR @ HOOPER ALEXANDER DR,33.7517,-84.2728,Good,Good,78.8,73.1,1.1594,0.3204,0.2948,174740.9418,643193.5257,1270.5005,0.0822,1.1386,29.7763,25.2919,479.9621,150.5023,599.215,0.6864,0.0646,1,266,2,3.3377,none,0.0025,0.0041
212843,MEMORIAL DR @ HOOPER ALEXANDER DR,33.7521,-84.2725,Good,Good,81.8,79.3,1.1094,0.3816,0.3437,208131.7128,749836.5575,1064.517,0.0888,1.1404,31.5827,5.7589,475.7482,178.9085,708.0574,0.6239,0.0646,1,259,2,2.8246,none,0.002,0.0034
901244,WINN WAY @ 460,33.7876,-84.2794,Moderate,Moderate,56.8,49.8,1.2923,0.3881,0.3391,211659.0076,739819.7167,524.134,0.117,1.2006,45.575,15.6559,688.1733,279.8029,1095.2784,0.5934,0.0945,1,149,0,0.0,none,0.1455,0.189
902811,SEABOARD AVE NE @ MORELAND AVE NE,33.7584,-84.3496,Good,Good,85.0,84.3,1.2612,0.5032,0.4094,274463.0947,893145.7721,1122.2619,0.0435,1.0406,27.5192,8.6928,1684.7316,927.931,2706.1869,0.4492,0.1431,3,686,3,1.1086,none,0.1048,0.1123
900979,EMORY DECATUR HOSPITAL,33.7902,-84.2828,Moderate,Good,45.0,72.8,1.3288,0.4403,0.4324,240130.2743,943347.7545,727.7104,0.1156,1.1271,37.3652,18.2305,960.0903,455.5952,1815.3759,0.5255,0.0945,1,298,0,0.0,none,0.1558,0.2024
900028,S COLUMBIA DR @ CONWAY RD,33.7617,-84.2778,Poor,Poor,21.9,38.0,1.2564,0.3346,0.2828,182479.4638,616948.8495,531.506,0.1622,1.2699,45.8529,40.5638,636.3013,221.0611,765.6274,0.6526,0.0646,1,267,0,0.0,none,0.0375,0.0619
900050,MORELAND AVE @ DRUID PL,33.769,-84.3491,Good,Good,85.0,87.3,1.2476,0.4057,0.4977,221268.8237,1085854.0038,446.504,0.12,1.075,35.4103,6.7079,1500.1077,604.1618,3103.0979,0.5973,0.0682,2,1179,0,0.0,none,0.0545,0.0875
900051,MORELAND AVE @ MANSFIELD AVE,33.7679,-84.3491,Good,Good,85.0,87.5,1.1786,0.528,0.5038,287959.1496,1099117.6483,526.055,0.1023,1.0719,34.3639,3.6018,1432.8958,758.4316,3041.1755,0.4707,0.0172,2,1179,0,0.0,none,0.0063,0.054
900052,MORELAND AVE @ EUCLID AVE,33.7659,-84.3491,Good,Good,85.0,84.4,1.1298,0.6075,0.5607,331315.3202,1223219.6441,597.3625,0.0938,1.074,33.955,14.8552,1440.8206,865.1029,3261.1911,0.3996,0.0172,2,1179,1,0.3066,none,0.0043,0.0373
900053,MORELAND AVE @ 299,33.7624,-84.3493,Good,Good,85.0,82.3,1.2247,0.4077,0.5519,222368.9847,1204083.635,751.1139,0.104,1.0737,33.2894,4.6613,1450.5274,580.4422,3293.7864,0.5998,0.0136,2,1179,1,0.3036,none,0.012,0.1098
900054,MORELAND AVE @ 327,33.7629,-84.3491,Good,Good,85.0,84.5,1.2308,0.3455,0.5324,188435.4397,1161624.7522,1174.8337,0.1098,1.0766,29.4486,9.6275,1447.1811,502.935,3121.7772,0.6525,0.0172,2,1159,1,0.3203,none,0.0114,0.0983
900055,MORELAND AVE @ MCLENDON AVE,33.7649,-84.3491,Good,Good,85.0,84.0,1.1063,0.5308,0.5881,289494.0179,1283125.5202,752.0676,0.0866,1.0812,29.8997,4.1998,1450.0547,757.3847,3400.2134,0.4777,0.0172,2,1159,1,0.2941,none,0.0029,0.0246
900015,MORELAND AVE @ MANSFIELD AVE,33.7677,-84.349,Good,Good,85.0,88.5,1.1742,0.5498,0.5155,299875.9254,1124724.9022,549.9349,0.1034,1.0719,34.4995,6.3047,1425.8725,788.3167,3094.0111,0.4471,0.0172,2,1159,0,0.0,none,0.0055,0.0471
900056,MORELAND AVE @ DRUID PL,33.7689,-84.3489,Good,Good,85.0,88.2,1.4699,0.293,0.3735,159789.0316,814863.5911,491.1968,0.0875,1.0607,35.3643,1.5958,1485.6972,413.5423,2326.174,0.7217,0.0172,2,1159,0,0.0,none,0.0123,0.1063
900134,EVA DAVIS WAY @ GREENHAVEN DR SE,33.7412,-84.3145,No Infrastructure,No Infrastructure,0.3,1.1,1.2209,0.2525,0.2183,137719.3816,476248.062,410.3436,0.1489,1.0745,48.4113,22.2491,576.3707,145.5586,542.0123,0.7475,0.0133,1,203,6,11.0699,none,0.0014,0.0181
900062,EVA DAVIS WAY @ FOREST LAKES AVE,33.7436,-84.3148,No Infrastructure,Poor,7.3,16.8,1.3181,0.2321,0.2516,126606.1425,548994.5893,184.71,0.2353,1.0947,64.15,9.4495,658.3451,160.5745,686.2697,0.7561,0.0133,1,203,0,0.0,none,0.0054,0.0676
900063,EVA DAVIS WAY SE @ MEMORIAL DR,33.7473,-84.3144,Good,Good,85.0,81.1,1.2401,0.314,0.396,171236.8088,863913.9757,214.879,0.1778,1.061,54.6045,6.4678,841.1729,267.8867,1411.8678,0.6815,0.0133,1,203,1,0.7083,none,0.0069,0.0871
210207,N DECATUR RD @ LANTERN WOOD DR,33.7885,-84.2493,Good,Good,78.3,76.9,1.0988,0.3571,0.2773,194766.9359,605073.2578,356.333,0.1857,1.0796,44.3963,10.3336,639.1777,229.5421,751.2732,0.6409,0.0333,1,266,1,1.3311,none,0.0014,0.0036
210007,MIDWAY RD @ WREN RD,33.7593,-84.2516,No Infrastructure,No Infrastructure,4.8,9.6,1.2705,0.4089,0.4111,223043.3506,896905.8007,225.6869,0.1471,1.1653,61.34,12.3235,633.0523,255.6505,961.063,0.5962,0.186,1,267,1,1.0405,none,0.2126,0.217
210561,COVINGTON DR @ MIDWAY RD,33.7614,-84.2525,Moderate,Moderate,56.4,45.3,1.1543,0.3144,0.3703,171484.1483,807886.0915,261.6802,0.1429,1.2392,48.8891,18.4987,697.4612,216.4666,953.7888,0.6896,0.186,1,267,3,3.1454,none,0.0549,0.0561
210769,FLAT SHOALS AVE SE @ CAVANAUGH AVE SE,33.7312,-84.3371,Good,Moderate,70.0,63.3,1.4171,0.2391,0.3113,130392.0527,679215.28,357.9122,0.15,1.1266,40.8143,13.4845,716.9246,171.0049,862.9011,0.7615,0.0257,2,408,0,0.0,completed,0.0148,0.0
210786,GLENWOOD AVE @ TERRY MILL RD,33.7397,-84.322,No Infrastructure,No Infrastructure,0.6,1.6,1.0234,0.2274,0.2058,124026.1057,449079.4198,213.4339,0.0417,1.1303,62.1456,9.0945,547.623,118.7226,430.2836,0.7832,0.0607,1,261,1,2.324,none,0.0,0.0
210800,MEMORIAL DR @ S HOWARD ST,33.7473,-84.3221,Good,Good,85.0,84.8,1.2327,0.2603,0.3189,141945.0109,695707.6074,365.8702,0.3788,1.0394,38.7076,1.5035,1099.4456,225.9037,1392.2315,0.7945,0.0607,1,266,0,0.0,none,0.036,0.0667
210905,GLENWOOD RD @ LA MESA LN,33.7378,-84.2464,No Infrastructure,No Infrastructure,5.7,9.4,1.0998,0.2503,0.3171,136512.0888,691711.0456,318.4341,0.0638,1.0842,38.6091,6.8701,786.8187,197.2525,1005.0314,0.7493,0.1302,1,267,1,0.995,none,0.038,0.0427
210960,MEMORIAL DR @ MIDWAY RD,33.756,-84.266,Good,Good,85.0,82.1,1.1824,0.6732,0.4494,367187.8385,980490.4704,931.5944,0.0746,1.0661,33.6047,6.0772,621.8844,423.4126,1086.4851,0.3191,0.186,1,259,0,0.0,none,0.0347,0.0355
210961,MEMORIAL DR @ COTTAGE GROVE AVE,33.7473,-84.3062,Good,Good,85.0,83.5,1.184,0.3664,0.4629,199821.4982,1009917.9766,365.0129,0.0899,1.0315,40.385,4.2808,732.9293,312.1919,1450.8451,0.574,0.0133,1,259,0,0.0,none,0.0042,0.0527
210962,E PONCE DE LEON AVE @ PATTERSON AVE,33.7859,-84.2657,No Infrastructure,No Infrastructure,1.6,4.1,1.3151,0.2266,0.319,123570.293,695858.2809,225.6011,0.2121,1.1388,54.792,10.696,379.0589,75.1445,456.9591,0.8018,0.0945,1,280,0,0.0,none,0.0137,0.0179
211183,2ND AVE @ TILSON RD,33.7208,-84.308,Moderate,Moderate,63.2,54.7,1.331,0.2361,0.2578,128766.4977,562534.453,254.3902,0.1562,1.2079,50.8825,46.3088,771.2168,211.9848,920.711,0.7251,0.0417,1,203,0,0.0,none,0.0515,0.1158
211184,2ND AVE @ TILSON RD,33.7208,-84.3081,Moderate,Moderate,63.1,52.1,1.331,0.2361,0.2578,128766.4977,562534.453,254.3902,0.1562,1.2079,50.8825,42.9762,779.8614,211.9848,920.711,0.7282,0.0981,1,203,0,0.0,none,0.1007,0.1224
211314,FLAT SHOALS RD SE @ BRIGHTON BLVD SE,33.7216,-84.3149,No Infrastructure,No Infrastructure,0.0,0.0,1.1271,0.2429,0.2287,132458.6587,499030.2055,348.793,0.0769,1.0976,39.9504,18.1634,1007.235,251.4728,893.1841,0.7503,0.0981,1,198,0,0.0,completed,0.0467,0.0
211390,FLAT SHOALS AVE SE @ CLOVERDALE DR SE,33.7321,-84.3382,Good,Good,76.7,72.3,1.1127,0.2549,0.349,139036.1478,761386.8358,202.7119,0.1957,1.065,43.1041,6.6583,755.4979,201.5835,1053.1371,0.7332,0.0314,2,413,0,0.0,completed,0.0074,0.0
211392,FLAT SHOALS RD SE @ FLAT SHOALS AVE S,33.7308,-84.3363,Moderate,Moderate,68.1,58.1,1.1648,0.2758,0.3697,150436.2956,806451.4548,303.0887,0.1628,1.1149,42.1127,2.9792,702.5017,206.946,1077.6017,0.7054,0.0257,1,198,0,0.0,completed,0.0135,0.0
211393,FLAT SHOALS RD SE @ MAYNARD TER SE,33.7307,-84.3356,Poor,Moderate,26.8,46.4,1.1958,0.2427,0.3299,132364.5821,719721.2981,277.8347,0.1463,1.1153,43.6341,6.2474,707.4239,187.3483,966.2839,0.7352,0.0257,1,210,0,0.0,completed,0.0174,0.0
211394,FLAT SHOALS RD SE @ WINFIELD AVE SE,33.7307,-84.3339,No Infrastructure,No Infrastructure,3.6,8.4,1.0991,0.2609,0.3644,142318.0186,794984.7855,204.918,0.093,1.1093,44.1427,6.1074,749.9541,198.2073,1028.0661,0.7357,0.0257,1,210,0,0.0,completed,0.0087,0.0
211395,FLAT SHOALS RD SE @ WINFIELD AVE SE,33.7308,-84.3339,No Infrastructure,No Infrastructure,3.6,8.2,1.0991,0.2609,0.3644,142318.0186,794984.7855,204.918,0.093,1.1093,44.1427,3.7365,754.516,198.2073,1028.0661,0.7373,0.0257,1,198,0,0.0,completed,0.0087,0.0
211396,FLAT SHOALS RD SE @ PAOLI AVE SE,33.7308,-84.3308,No Infrastructure,No Infrastructure,0.0,0.0,1.1267,0.349,0.3572,190331.6511,779309.3896,90.8981,0.1111,1.0112,114.8329,21.5645,733.4628,270.9386,985.1969,0.6306,0.0257,1,210,0,0.0,completed,0.0148,0.0
211397,FLAT SHOALS RD SE @ ROCKLAND DR SE,33.7305,-84.3302,No Infrastructure,No Infrastructure,0.0,0.0,1.1154,0.5141,0.3598,280392.7395,784945.1003,74.2305,0.0455,1.1755,147.9583,38.4904,717.7408,380.2245,1004.3476,0.4702,0.0257,1,198,0,0.0,completed,0.0136,0.0
211554,MEMORIAL DR @ 3978,33.7647,-84.2558,Moderate,Good,68.5,76.8,1.1286,0.1311,0.2162,71518.5755,471696.24,771.8923,0.0909,1.083,58.2338,26.2631,690.6587,84.8389,533.1441,0.8772,0.186,1,259,0,0.0,none,0.0015,0.0016
211666,2ND AVE NE @ HOSEA L WILLIAMS DR NE,33.7513,-84.3097,Good,Good,85.0,83.6,1.2462,0.491,0.4889,267778.5411,1066598.9032,275.7121,0.1358,1.0217,52.5294,12.6753,957.3054,467.7713,1927.3734,0.5114,0.0133,1,203,0,0.0,none,0.0078,0.0982
211704,GLENWOOD AVE @ FAYETTEVILLE RD,33.7401,-84.3111,Poor,Poor,25.2,36.8,1.2878,0.361,0.2922,196907.177,637468.0036,550.113,0.1031,1.0874,37.1026,9.0497,521.8454,209.2075,702.013,0.5991,0.0133,2,464,1,1.4245,none,0.004,0.0506
211727,WINN WAY @ RUFUS EVANS DR,33.7913,-84.2807,Good,Good,85.0,80.9,1.3247,0.5449,0.4137,297222.4288,902535.6201,579.2872,0.0962,1.1212,42.3226,36.927,1172.4643,553.7014,1630.5378,0.5277,0.0945,1,149,0,0.0,none,0.0995,0.1292
211878,MORELAND AVE NE @ 326,33.7634,-84.3493,Good,Good,85.0,82.8,1.1935,0.3877,0.5322,211442.2719,1161118.4333,877.2114,0.0939,1.0984,28.242,14.2595,1448.4759,553.5505,3115.1093,0.6178,0.0136,2,1179,1,0.321,none,0.0094,0.0859
211882,DEKALB INDUSTRIAL WAY @ RIMINGTON LN,33.7851,-84.2763,Moderate,Moderate,60.6,57.1,1.2396,0.2802,0.3049,152834.2139,665164.8983,296.7657,0.1892,1.1194,60.8253,64.8659,522.3946,153.875,716.165,0.7054,0.0945,1,149,1,1.3963,none,0.0233,0.0303
211910,WINN WAY @ 445,33.7865,-84.2793,Moderate,Moderate,57.3,53.9,1.263,0.3239,0.2979,176678.2641,649839.9168,522.6438,0.1333,1.2283,45.7339,1.5129,732.9029,244.3851,884.2145,0.6666,0.0945,1,149,0,0.0,none,0.063,0.0819
213051,E PONCE DE LEON AVE @ N DECATUR RD,33.7928,-84.2642,Poor,Moderate,28.6,46.2,1.1721,0.3713,0.4142,202536.1999,903622.8523,328.4867,0.2069,1.0609,38.2805,7.8159,442.3633,162.8108,885.4421,0.632,0.0945,1,287,3,3.3881,none,0.0409,0.0531
212028,N DECATUR RD @ 2920,33.7938,-84.2738,Moderate,Moderate,58.1,52.6,1.1986,0.476,0.3473,259630.9378,757694.149,500.2173,0.1481,1.1161,42.7308,19.4049,666.0771,350.7312,1261.0885,0.4734,0.0207,2,409,0,0.0,none,0.0202,0.1477
212877,N AVONDALE RD @ N CLARENDON AVE,33.7762,-84.2684,Good,Good,85.0,84.9,1.1485,0.4536,0.4503,247414.8902,982449.3818,792.7451,0.0769,1.0982,35.3526,7.857,820.1777,383.9672,1360.2479,0.5318,0.0279,1,413,0,0.0,none,0.0078,0.0316
212890,CLAIRMONT RD @ 1751,33.804,-84.3106,Good,Good,85.0,83.2,1.1911,0.4169,0.2877,227356.9233,627683.4581,791.7497,0.1628,1.1458,31.1867,30.5923,1123.8843,473.9804,1317.0802,0.5783,0.0106,1,274,1,0.7593,none,0.0022,0.0528
212904,COMMERCE DR @ CHURCH ST,33.7779,-84.2952,Good,Good,85.0,87.4,1.274,0.6329,0.5597,345220.2111,1221051.7591,630.1717,0.3085,1.0707,29.4903,17.1078,1206.52,755.5556,2842.5555,0.3738,0.0289,1,513,4,1.4072,none,0.0272,0.0953
212959,CHURCH ST @N DECATUR RD,33.7933,-84.2845,Moderate,Moderate,45.0,66.2,1.4327,0.3943,0.4426,215035.4747,965623.3674,790.5717,0.1355,1.1918,32.8869,15.0073,1097.0557,471.015,2059.0912,0.5707,0.0301,1,273,3,1.457,none,0.0941,0.2909
212977,E TRINITY PL @ CHURCH ST,33.7725,-84.2945,Good,Good,85.0,84.5,1.242,0.6296,0.6038,343394.204,1317306.752,757.509,0.3259,1.096,29.2415,24.2812,1500.3608,963.4253,3432.5744,0.3579,0.0289,1,525,4,1.1653,none,0.0303,0.1061
212983,MEMORIAL DR @ 4203,33.7712,-84.2501,Good,Good,85.0,84.0,1.1468,0.5374,0.4422,293107.7758,964752.5168,478.6642,0.1156,1.0684,40.0215,29.6748,568.702,313.5227,1289.1096,0.4487,0.1789,1,259,3,2.3272,none,0.0288,0.0302
213042,S CANDLER ST @ E COLLEGE AVE,33.7702,-84.2927,Good,Good,85.0,83.9,1.2145,0.4597,0.4729,250702.2461,1031616.6057,621.4899,0.1641,1.0386,28.8852,12.4077,1177.094,531.9745,2353.291,0.5481,0.0708,1,525,5,2.1247,none,0.0575,0.0889
213047,COLUMBIA DR @ 2067,33.7292,-84.2522,No Infrastructure,No Infrastructure,0.0,0.0,1.3031,0.2519,0.2687,137385.956,586236.2252,198.1291,0.0345,1.0672,58.9907,13.9828,877.045,220.0048,928.1497,0.7492,0.0971,1,273,1,1.0774,none,0.1984,0.2459
213049,N DRUID HILL RD @ MERRY LN NE,33.8194,-84.3135,Good,Good,78.3,77.9,1.218,0.2845,0.3394,155152.5571,740455.4147,845.7063,0.0312,1.0782,32.9785,22.4916,873.182,237.9024,1137.3136,0.7275,0.0053,1,274,0,0.0,none,0.0019,0.0663
213068,FLAT SHOALS AVE @ CLOVERDALE DR,33.732,-84.3379,Good,Good,74.9,70.1,1.1587,0.229,0.322,124896.2861,702563.6539,202.7119,0.1957,1.065,43.1041,20.7335,749.3318,179.9357,987.8035,0.7599,0.0257,2,408,0,0.0,completed,0.0068,0.0
213364,BOULDERCREST DR @ PIPER CIR,33.7257,-84.3327,No Infrastructure,No Infrastructure,0.0,0.0,1.1058,0.298,0.286,162538.448,624008.6042,119.8654,0.0,1.3453,138.1402,2.5256,631.5233,199.9955,735.82,0.6833,0.0257,1,203,0,0.0,none,0.0033,0.0172
213701,COMMERCE DR @ E COLLEGE AVE,33.772,-84.2878,Good,Good,85.0,84.4,1.2606,0.4139,0.4782,225752.9564,1043257.1265,531.0342,0.2027,1.0547,35.1112,24.8678,1033.6679,426.5893,1993.5722,0.5873,0.0708,1,267,1,0.5016,none,0.0658,0.1017
213722,GLENWOOD AVE @ 1925,33.7397,-84.3235,No Infrastructure,No Infrastructure,2.5,6.6,1.0403,0.2723,0.1863,148520.1025,406422.234,406.2327,0.0588,1.199,40.8684,37.1404,543.598,135.5154,420.6538,0.7507,0.0607,1,267,1,2.3773,none,0.0001,0.0001
213757,MORELAND AVE @ CAROLINE ST,33.7592,-84.3491,Good,Good,85.0,84.0,1.6634,0.1482,0.2552,80810.9833,556714.5088,1275.6954,0.0896,1.0328,24.1245,33.3542,1586.3937,319.0493,1823.3304,0.7989,0.0451,1,416,3,1.6453,none,0.0649,0.1306
500112,AVONDALE STATION - BAY A,33.7756,-84.2821,Moderate,Moderate,45.0,69.4,1.3247,0.438,0.4855,238872.8308,1059199.1098,495.4615,0.0924,1.0713,39.5716,27.3807,1078.2899,489.4903,1904.5968,0.546,0.0289,2,827,3,1.5751,none,0.0668,0.2339
500113,AVONDALE STATION - BAY B,33.7756,-84.2819,Moderate,Good,45.0,70.2,1.3205,0.4347,0.4882,237087.5586,1065018.7328,488.3412,0.0855,1.0729,39.8077,12.5496,1068.6799,486.9035,1916.9321,0.5444,0.0289,1,553,3,1.565,none,0.0646,0.2261
500114,AVONDALE STATION - BAY C,33.7757,-84.2818,Moderate,Good,45.0,70.9,1.3205,0.4347,0.4882,237087.5586,1065018.7328,488.3412,0.0855,1.0729,39.8077,2.1841,1059.1634,486.9035,1916.9321,0.5403,0.0289,1,533,3,1.565,none,0.0631,0.2208
500115,AVONDALE STATION - BAY D,33.7757,-84.2816,Moderate,Good,45.0,71.8,1.3986,0.3579,0.4495,195206.6781,980627.3796,483.6132,0.0928,1.0768,40.8792,11.9364,1048.3337,406.014,1784.529,0.6127,0.0289,2,590,3,1.6811,none,0.0618,0.2161
500162,DECATUR STATION - BAY B,33.7745,-84.2975,Good,Good,85.0,88.6,1.2926,0.6317,0.6188,344554.0452,1350086.2044,835.9236,0.2991,1.072,27.7755,25.4343,1697.0325,1094.8607,3763.0636,0.3548,0.0697,1,533,8,2.1259,none,0.0601,0.0959
500163,DECATUR STATION - BAY C,33.7745,-84.2972,Good,Good,85.0,88.3,1.2705,0.6433,0.6262,350866.983,1366173.638,827.4494,0.3188,1.0797,27.728,15.8412,1678.1363,1086.2694,3749.137,0.3527,0.0697,1,567,8,2.1338,none,0.057,0.091
500180,EAST LAKE STATION - BAY C,33.7646,-84.3128,Good,Good,85.0,81.6,1.3008,0.3304,0.436,180211.2418,951307.6182,832.1887,0.0878,1.0575,33.2101,5.7781,1230.9536,464.4352,2346.4262,0.6227,0.0519,1,406,0,0.0,none,0.0732,0.1458
500194,EDGEWOOD-CANDLER PARK STATION - BAY B,33.7624,-84.3405,Good,Good,85.0,84.7,1.3474,0.4326,0.4783,235919.5197,1043538.7986,738.0114,0.1619,1.0628,26.8245,2.776,1377.2229,614.3749,2579.2289,0.5539,0.0172,1,1500,0,0.0,none,0.0158,0.136
500240,KENSINGTON STATION - BAY A,33.7723,-84.2513,Good,Good,85.0,73.3,1.321,0.442,0.3791,241050.7462,827069.1929,572.9552,0.1357,1.0378,41.3852,22.8525,670.8663,296.2528,1130.3385,0.5584,0.0857,1,1037,2,1.7694,planned,0.0833,0.0
500241,KENSINGTON STATION - BAY B,33.7723,-84.2515,Moderate,Good,45.0,72.4,1.4135,0.4135,0.3621,225537.7169,790024.6,586.8569,0.1288,1.0396,42.939,11.9436,676.4325,282.8639,1071.6554,0.5818,0.0857,1,554,1,0.9331,planned,0.0809,0.0
500242,KENSINGTON STATION - BAY C,33.7723,-84.2517,Moderate,Good,45.0,71.5,1.4135,0.4135,0.3621,225537.7169,790024.6,586.8569,0.1288,1.0396,42.939,9.8656,682.4709,282.8639,1071.6554,0.5855,0.0857,1,406,0,0.0,planned,0.0836,0.0
500243,KENSINGTON STATION - BAY D,33.7724,-84.252,Poor,Moderate,38.3,65.0,1.4685,0.3579,0.3646,195191.6925,795525.6129,601.5345,0.1311,1.0459,39.2543,31.2941,690.0868,239.8804,1074.1133,0.6524,0.0857,1,540,0,0.0,planned,0.1051,0.0
500244,KENSINGTON STATION - BAY E,33.7724,-84.2521,Good,Moderate,78.3,67.1,1.4306,0.3775,0.3472,205870.2096,757431.2507,660.6525,0.1221,1.0411,41.9168,15.6466,695.2563,272.498,1009.1924,0.6081,0.0857,1,534,0,0.0,planned,0.0817,0.0
500245,KENSINGTON STATION - BAY F,33.7725,-84.2524,Good,Good,85.0,75.4,1.4306,0.3775,0.3472,205870.2096,757431.2507,660.6525,0.1221,1.0411,41.9168,6.7339,702.0889,272.498,1009.1924,0.6119,0.0857,1,532,0,0.0,planned,0.0611,0.0
500246,KENSINGTON STATION - BAY G,33.7725,-84.2526,Good,Good,85.0,77.0,1.3156,0.425,0.3824,231777.5085,834172.6538,552.9253,0.1128,1.0389,44.0092,23.6825,710.0771,300.9658,1113.1968,0.5762,0.0857,1,525,0,0.0,planned,0.0671,0.0
214276,W PONCE DE LEON AVE @ CLAIREMONT AVE,33.7756,-84.2969,Good,Good,85.0,88.9,1.279,0.6614,0.6193,360735.135,1351090.3251,825.9438,0.295,1.0618,27.6633,5.0709,1533.5554,1039.2283,3531.1054,0.3223,0.0697,3,820,4,1.1328,none,0.056,0.0894
214237,RUFUS EVANS DR @ OUTPATIENT ENTRANCE,33.7913,-84.2816,Good,Good,85.0,82.7,1.293,0.5425,0.4438,295888.722,968121.8765,668.7455,0.1163,1.1323,38.3176,8.517,1127.1096,608.8554,1867.0846,0.4598,0.0945,1,149,3,1.6068,none,0.0932,0.1211
213993,CHURCH ST @ DECATUR VILLAGE WAY,33.7961,-84.2826,Good,Good,78.3,78.0,1.2031,0.568,0.4711,309803.8863,1027741.0937,632.8493,0.0919,1.1314,39.3564,35.9754,1513.9836,795.244,2275.4091,0.4747,0.0207,1,273,1,0.4395,none,0.0153,0.1121
213994,CHURCH ST @ MISCOTT DR,33.7954,-84.2825,Good,Moderate,71.7,60.8,1.23,0.5642,0.4658,307709.2646,1016122.4647,569.7279,0.12,1.1539,38.4201,27.1612,1553.629,841.4665,2283.6813,0.4584,0.0207,1,280,1,0.4379,none,0.0318,0.2326
213995,CHURCH ST @ N COMMERCE DR,33.7765,-84.2948,Good,Good,85.0,89.1,1.3237,0.6315,0.5445,344418.6317,1187847.4171,802.3641,0.2958,1.0672,27.8846,30.7106,1335.4933,802.1869,2948.2588,0.3993,0.0289,3,1060,4,1.3567,none,0.0272,0.0954
213996,CHURCH ST @ N COMMERCE DR,33.7771,-84.2949,Good,Good,85.0,89.1,1.3484,0.5664,0.5214,308909.1177,1137418.4483,820.3067,0.2941,1.05,28.0337,10.3466,1284.51,694.5022,2789.0855,0.4593,0.0289,3,1064,5,1.7927,none,0.028,0.0979
213997,CHURCH ST @ SCOTT BLVD,33.7979,-84.282,Poor,Poor,20.7,38.7,1.2522,0.5362,0.4152,292436.357,905839.2136,692.6642,0.1379,1.113,36.2208,13.4207,1286.8037,682.1353,1891.6028,0.4699,0.0207,1,280,0,0.0,planned,0.0505,0.0
213998,CHURCH ST @ SYCAMORE ST,33.7747,-84.2948,Good,Good,85.0,89.1,1.2268,0.6707,0.5854,365788.7599,1277074.1929,836.7831,0.2951,1.0827,27.4707,10.0173,1505.0601,1007.652,3327.259,0.3305,0.0289,1,513,2,0.6011,none,0.0196,0.0685
213999,CHURCH ST @ SYCAMORE ST,33.7741,-84.295,Good,Good,85.0,89.2,1.244,0.6246,0.5772,340648.9619,1259306.7164,845.9785,0.3006,1.0833,26.833,23.4582,1545.3509,947.0668,3277.0405,0.3872,0.0289,1,525,6,1.8309,none,0.0211,0.074
214003,COMMERCE DR @ SYCAMORE PL,33.7735,-84.29,Good,Good,85.0,84.1,1.2912,0.4791,0.4215,261318.7285,919602.0119,580.812,0.2733,1.0642,35.9596,19.6764,1262.8876,664.6102,2077.1964,0.4737,0.0289,1,267,1,0.4814,none,0.0338,0.1184
214004,COMMERCE DR @ SYCAMORE PL,33.7736,-84.29,Good,Good,85.0,84.6,1.2843,0.4893,0.4288,266888.692,935511.184,576.329,0.2857,1.0673,35.9098,17.3505,1270.0376,675.6869,2110.5034,0.468,0.0289,5,1367,0,0.0,none,0.0325,0.1138
214019,DEKALB AVE @ ELMIRA PL NE,33.7611,-84.3458,Good,Good,85.0,84.8,1.2354,0.307,0.3664,167443.3545,799323.7027,918.2559,0.2239,1.0877,24.6352,12.6578,1435.7577,479.2809,2102.7897,0.6662,0.0172,1,743,0,0.0,none,0.0106,0.091
214029,E COLLEGE AVE @ DALEROSE AVE,33.775,-84.2778,Good,Good,85.0,85.0,1.2254,0.4771,0.4175,260215.0054,910799.0984,413.4934,0.1773,1.0495,34.9057,15.9008,766.8103,385.6849,1443.9518,0.497,0.0646,1,413,1,0.6925,none,0.0396,0.0654
214030,E COLLEGE AVE @ MAPLE ST,33.775,-84.2755,Moderate,Moderate,65.0,59.9,1.1198,0.3841,0.3631,209476.1045,792207.5425,533.1936,0.1429,1.0785,34.5235,32.7992,747.2097,319.0573,1243.8612,0.573,0.0279,1,406,0,0.0,none,0.012,0.0485
214031,E COLLEGE AVE @ PINE ST,33.7752,-84.2734,Moderate,Moderate,65.0,59.8,1.073,0.3889,0.3413,212126.4854,744690.6474,792.6948,0.0963,1.0729,34.0465,15.8347,803.2204,335.8758,1141.4971,0.5818,0.0279,1,406,0,0.0,none,0.0031,0.0125
214032,E COLLEGE AVE @ PINE ST,33.7753,-84.274,Moderate,Moderate,65.0,64.9,1.0854,0.3287,0.3564,179292.5636,777537.8424,731.7273,0.1138,1.0816,32.6465,15.9817,776.9324,281.9952,1202.8509,0.637,0.0279,1,413,0,0.0,none,0.0044,0.0177
214033,E COLLEGE AVE @ HILLMONT AVE,33.7748,-84.2786,Good,Good,85.0,79.3,1.2491,0.5184,0.4663,282749.9934,1017286.0231,437.0454,0.1711,1.0421,34.0592,13.8429,807.1206,433.7093,1640.1436,0.4626,0.0646,1,406,1,0.6097,none,0.0667,0.1101
214034,E COLLEGE AVE @ SAMS CROSSING,33.7749,-84.2807,Good,Good,85.0,84.4,1.39,0.3556,0.472,193952.3544,1029803.272,597.2849,0.1515,1.0527,30.6773,6.2367,936.8631,323.8591,1682.5942,0.6543,0.0646,4,1101,2,1.1886,none,0.0694,0.1145
214039,E PONCE DE LEON AVE @ CLAIREMONT AVE,33.7755,-84.2962,Good,Good,85.0,88.0,1.2531,0.7022,0.6152,382971.8802,1342161.2657,865.5616,0.31,1.0615,26.873,7.1821,1521.4653,1080.32,3502.3482,0.2899,0.0289,3,827,2,0.571,none,0.0248,0.0867
214040,E PONCE AVE @ N CANDLER ST,33.7757,-84.293,Good,Good,85.0,86.1,1.34,0.6247,0.4698,340726.498,1024839.8593,717.257,0.2714,1.0753,31.6997,13.6905,1328.3175,844.8856,2664.9118,0.3639,0.0289,5,1367,1,0.3752,none,0.0353,0.1234
214041,E PONCE DE LEON AVE @ N CANDLER ST,33.7755,-84.293,Good,Good,85.0,85.4,1.3242,0.63,0.4872,343634.2173,1062907.6346,760.7454,0.2765,1.0746,29.4694,6.1803,1345.406,854.4042,2767.3136,0.3649,0.0289,5,1366,1,0.3614,none,0.0362,0.1267
214042,E PONCE DE LEON AVE @ SYCAMORE PL,33.7755,-84.2893,Good,Good,85.0,81.0,1.3344,0.3442,0.3737,187708.3179,815263.5644,625.054,0.32,1.0552,31.6666,9.2016,1324.8765,468.7253,1922.7516,0.6462,0.0289,4,1099,0,0.0,none,0.0426,0.1492
214043,E PONCE DE LEON AVE @ SYCAMORE ST,33.776,-84.282,Good,Good,85.0,79.3,1.3205,0.4347,0.4882,237087.5586,1065018.7328,488.3412,0.0855,1.0729,39.8077,45.5362,1100.2941,486.9035,1916.9321,0.5575,0.0289,1,287,3,1.565,none,0.0449,0.1571
214190,N AVONDALE RD @ OAK ST,33.7758,-84.2705,Good,Good,78.3,78.3,1.1078,0.4205,0.3804,229363.8256,829990.2218,852.7615,0.0872,1.0566,34.0832,5.0436,832.558,366.127,1228.4924,0.5602,0.0279,1,413,0,0.0,none,0.0049,0.0196
214189,N AVONDALE RD @ OAK ST,33.7755,-84.2708,Good,Good,78.3,77.2,1.1127,0.4039,0.3543,220317.0276,772855.1156,706.5929,0.0909,1.0829,35.878,7.8644,843.0557,352.2611,1161.7837,0.5822,0.0279,1,406,0,0.0,none,0.0054,0.0218
214188,N AVONDALE RD @ N CLARENDON RD,33.7761,-84.2677,Good,Good,85.0,81.7,1.1127,0.4005,0.5204,218426.9307,1135383.0917,843.6256,0.0779,1.0941,33.9188,17.0173,825.7943,337.3631,1506.4648,0.5915,0.0279,1,406,0,0.0,none,0.006,0.0241
214173,MAYNARD TERRACE SE @ MCPHERSON AVE,33.7435,-84.3348,Good,Good,85.0,84.5,1.2013,0.2615,0.3259,142638.7543,710979.2402,201.8805,0.093,1.0585,52.6055,10.2041,572.508,151.0252,936.2715,0.7362,0.0314,1,266,0,0.0,none,0.0087,0.0246
214174,MAYNARD TERRACE SE @ MCPHERSON AVE,33.7434,-84.335,Good,Good,85.0,84.6,1.2036,0.2413,0.3142,131606.4996,685532.7987,228.6209,0.0667,1.0494,54.7141,10.1333,575.4411,139.6152,900.2343,0.7574,0.0314,1,259,0,0.0,none,0.0078,0.022
214175,MAYNARD TERRACE @ MEMORIAL DR,33.7468,-84.3334,Good,Good,85.0,84.5,1.2024,0.4475,0.3938,244085.1141,859118.5874,676.3006,0.1067,1.0679,31.5412,11.6772,834.5854,370.2097,1441.5615,0.5564,0.0314,1,259,2,1.3874,none,0.0209,0.0587
214176,MAYNARD TERRACE SE @ MEMORIAL DR,33.7473,-84.3331,Good,Good,85.0,84.8,1.1448,0.4984,0.404,271824.2666,881336.9619,558.2172,0.1237,1.0639,31.8327,2.2992,898.2889,431.1815,1522.7858,0.52,0.0314,1,266,2,1.3134,none,0.0118,0.0332
214226,COVINGTON HWY @ NOTTINGHAM DR,33.7704,-84.2531,Good,Good,85.0,89.0,1.2097,0.4148,0.4266,226230.5185,930597.6636,633.694,0.0791,1.0646,35.7005,22.7057,528.9916,199.1719,1063.271,0.6235,0.186,2,679,2,1.881,none,0.0265,0.027
214339,KENSINGTON RD @ MEMORIAL DR,33.7719,-84.2509,Good,Good,85.0,84.8,1.2501,0.4996,0.405,272481.7527,883466.0092,579.1143,0.129,1.0422,42.4117,2.8016,622.5025,323.5456,1204.7869,0.4803,0.0857,1,413,3,2.4901,planned,0.0422,0.0
