stop_id,stop_name,stop_lat,stop_lon,pedestrian_access_score,pas_v2,access_category,access_category_v2,has_nearby_sidewalk,has_road_sidewalk_tag,sidewalk_length_400m,road_sw_length_400m,crossing_count_200m,dist_nearest_infra_m,crashes_200m,ped_crashes_200m,bike_crashes_200m
908566,EAST LAKE STATION,33.765241,-84.312937,85.0,78.0,Good,Good,True,False,8728.0,0.0,19,26.6,0,0,0
908567,EAST LAKE STATION,33.765196,-84.313426,85.0,75.0,Good,Good,True,False,8579.1,0.0,15,40.6,0,0,0
908475,DECATUR STATION,33.774699,-84.295417,85.0,85.3,Good,Good,True,False,11306.7,230.8,25,14.3,3,3,0
908476,EDGEWOOD-CANDLER PARK STATION,33.761803,-84.340825,85.0,78.9,Good,Good,True,False,9502.2,0.0,30,22.9,0,0,0
908699,EDGEWOOD-CANDLER PARK STATION,33.761866,-84.340456,85.0,78.0,Good,Good,True,False,9365.8,0.0,27,26.5,0,0,0
908700,DECATUR STATION,33.774681,-84.295319,85.0,84.9,Good,Good,True,False,11329.2,230.8,25,16.1,3,3,0
908709,KENSINGTON STATION,33.772764,-84.252151,45.0,73.1,Moderate,Good,False,False,4323.7,0.0,3,50.7,0,0,0
908634,KENSINGTON STATION,33.772647,-84.251607,45.0,66.8,Moderate,Moderate,False,False,4349.7,0.0,6,93.5,0,0,0
908438,AVONDALE STATION,33.775554,-84.281487,45.0,69.2,Moderate,Moderate,False,False,3464.3,0.0,8,75.0,3,3,0
908691,AVONDALE STATION,33.775214,-84.282466,45.0,68.7,Moderate,Moderate,False,False,3582.3,0.0,8,78.3,2,2,0
900586,LAVISTA RD NE @ CITADEL DR NE,33.817287,-84.348529,73.2,63.8,Good,Moderate,True,False,1052.6,0.0,5,16.6,0,0,0
900587,LAVISTA RD NE @ CHESHIRE BRIDGE RD,33.817859,-84.349737,71.2,65.1,Good,Moderate,True,False,895.4,0.0,4,1.9,0,0,0
902270,BRIARCLIFF RD NE @ 2195,33.81727,-84.33511,41.7,56.4,Moderate,Moderate,False,False,1732.9,0.0,4,159.8,1,1,0
902312,BRIARCLIFF RD NE @ SHEFFIELD DR NE,33.819759,-84.33494,44.8,36.2,Moderate,Poor,True,False,385.4,0.0,0,1.7,1,1,0
901536,LAVISTA RD NE @ WOODLAND HILLS DR,33.815041,-84.341195,74.5,69.8,Good,Moderate,True,False,1163.8,0.0,4,2.0,0,0,0
901537,LAVISTA RD NE @ BROOKFOREST DR NE,33.815757,-84.343175,66.9,59.4,Moderate,Moderate,True,False,1086.6,0.0,2,10.4,0,0,0
901543,N DRUID HILLS RD NE @ LAVISTA RD NE,33.81785,-84.31243,85.0,84.6,Good,Good,True,False,3112.0,0.0,12,1.5,3,3,0
901544,N DRUID HILLS RD NE @ LAVISTA RD NE,33.81724,-84.31149,85.0,84.3,Good,Good,True,False,2909.5,0.0,10,2.4,3,3,0
901478,BRIARCLIFF RD NE @ CITADEL DR NE,33.819643,-84.335125,45.5,34.8,Moderate,Poor,True,False,441.7,0.0,0,10.3,1,1,0
901547,BRIARCLIFF RD NE @ 2178,33.817092,-84.33519,42.0,57.9,Moderate,Moderate,False,False,1761.2,0.0,4,144.6,1,1,0
901595,BRIARCLIFF RD NE @ SOUTHLAND VISTA CT,33.813604,-84.333773,85.0,84.9,Good,Good,True,False,2637.9,0.0,3,0.2,1,1,0
901596,LAVISTA RD NE @ BRIARCLIFF RD NE,33.815604,-84.33532,85.0,80.4,Good,Good,True,False,2139.7,0.0,7,16.5,2,2,0
901597,LAVISTA RD NE @ VISTA VALLEY DR NE,33.814869,-84.336617,85.0,80.8,Good,Good,True,False,2256.4,0.0,4,15.2,1,1,0
901598,LAVISTA RD NE @ BERNADETTE LN NE,33.814147,-84.338845,71.2,68.2,Good,Moderate,True,False,1427.9,0.0,2,0.6,0,0,0
901488,LAVISTA RD NE @ WOODLAND HILLS DR,33.815018,-84.340805,74.4,70.2,Good,Good,True,False,1155.7,0.0,4,0.1,0,0,0
901489,LAVISTA RD NE @ BROOKFOREST DR NE,33.815804,-84.342873,73.8,67.6,Good,Moderate,True,False,1106.1,0.0,3,5.9,0,0,0
901534,LAVISTA RD NE @ CITADEL DR NE,33.817233,-84.347147,59.9,54.1,Moderate,Moderate,True,False,1059.3,0.0,1,3.8,0,0,0
901710,BRIARCLIFF RD @ SOUTHLAND VISTA CT,33.813897,-84.33396,78.3,76.2,Good,Good,True,False,2586.4,0.0,2,7.5,1,1,0
901819,LAVISTA RD NE @ VISTA VALLEY DR NE,33.814756,-84.336517,85.0,84.9,Good,Good,True,False,2309.9,0.0,4,0.4,1,1,0
901820,LAVISTA RD NE @ BRIARCLIFF RD NE,33.81551,-84.335123,85.0,84.7,Good,Good,True,False,2188.5,0.0,7,1.1,2,2,0
901872,LAVISTA RD NE @ BERNADETTE LN NE,33.814021,-84.338551,80.4,74.7,Good,Good,True,False,1631.8,0.0,3,13.7,0,0,0
902031,N DRUID HILLS RD NE @ 2941,33.815633,-84.310494,85.0,84.5,Good,Good,True,False,2697.6,0.0,6,1.6,1,1,0
902032,N DRUID HILLS RD NE @ 2960,33.81547,-84.31006,85.0,84.2,Good,Good,True,False,2657.7,0.0,6,2.6,1,1,0
902079,LAWRENCEVILLE HWY @ VALLEY BROOK RD,33.815118,-84.268921,64.6,57.2,Moderate,Moderate,True,False,1436.6,0.0,1,16.8,0,0,0
902080,LAWRENCEVILLE HWY @ ROBINWOOD RD,33.816444,-84.267929,67.3,59.0,Moderate,Moderate,True,False,1119.7,0.0,2,13.8,0,0,0
902298,LAWRENCEVILLE HWY @ 2505,33.819898,-84.264734,2.4,4.4,No Infrastructure,No Infrastructure,False,False,191.5,0.0,0,336.7,1,1,0
902299,LAWRENCEVILLE HWY @ HARCOURT DR,33.817425,-84.267456,57.8,48.8,Moderate,Moderate,True,False,886.8,0.0,1,12.0,0,0,0
901636,LAWRENCEVILLE @ HARCOURT DR,33.817982,-84.267352,56.3,45.2,Moderate,Moderate,True,False,768.1,0.0,1,17.8,0,0,0
901637,LAWRENCEVILLE @ ROBINWOOD RD,33.816826,-84.268295,66.8,58.8,Moderate,Moderate,True,False,1079.8,0.0,2,12.2,0,0,0
901638,LAWRENCEVILLE HWY @ VALLEY BROOK RD,33.815258,-84.269211,64.7,57.9,Moderate,Moderate,True,False,1439.1,0.0,1,14.3,0,0,0
901639,MONTREAL RD @ NOBLE VINES DR,33.81531,-84.244343,68.7,59.1,Moderate,Moderate,True,False,695.6,0.0,3,10.9,2,2,0
901528,MONTREAL RD @ CLARKSTON INDUSTRIAL BLVD,33.817463,-84.245651,8.4,11.0,No Infrastructure,No Infrastructure,False,False,140.4,0.0,1,278.8,1,1,0
901529,MONTREAL RD @ JUNEAU CT,33.818919,-84.247418,0.0,0.0,No Infrastructure,No Infrastructure,False,False,0.0,0.0,0,,0,0,0
902476,MONTREAL RD @ JUNEAU CT,33.818883,-84.247592,0.0,0.0,No Infrastructure,No Infrastructure,False,False,0.0,0.0,0,,0,0,0
902477,MONTREAL RD @ CLARKSTON INDUSTRIAL BLVD,33.817459,-84.245831,8.2,10.6,No Infrastructure,No Infrastructure,False,False,125.6,0.0,1,286.3,1,1,0
902478,MONTREAL RD @ NOBLE VINES DR,33.815194,-84.244463,68.8,57.9,Moderate,Moderate,True,False,706.7,0.0,3,16.0,2,2,0
901525,E ROCK SPRINGS RD NE @ JOHNSON RD,33.796806,-84.349815,85.0,85.0,Good,Good,True,False,6751.3,0.0,8,0.1,0,0,0
901835,BRIARCLIFF RD NE @ SHEPHERDS LN NE,33.806977,-84.335556,85.0,83.9,Good,Good,True,False,2518.0,0.0,10,3.8,6,6,0
901836,BRIARCLIFF RD NE @ STEPHENS DR NE,33.811772,-84.33422,85.0,84.7,Good,Good,True,False,2386.5,0.0,4,1.0,1,1,0
901837,E ROCK SPRINGS RD @ ROCK SPRINGS CR,33.79305,-84.340516,65.0,54.4,Moderate,Moderate,True,False,3863.9,0.0,0,43.8,0,0,0
902058,BRIARCLIFF RD @ SHEPHERDS LN,33.807813,-84.335429,85.0,83.9,Good,Good,True,False,2751.2,0.0,11,3.6,6,6,0
902218,N DECATUR RD NE @ DOWMAN DR NE,33.788356,-84.32524,85.0,86.6,Good,Good,True,False,7033.4,88.0,19,0.1,2,2,0
901492,CLIFTON RD NE @ GAMBRELL DR,33.79032,-84.320844,100.0,95.7,Good,Good,True,True,6711.2,608.3,28,2.3,3,3,0
901560,CLIFTON RD NE @ UPPER GATE DR NE,33.792911,-84.320856,100.0,99.8,Good,Good,True,True,5455.1,975.5,20,0.5,4,4,0
901561,CLIFTON RD NE @ HAYGOOD DR NE,33.795103,-84.321132,85.0,99.4,Good,Good,True,False,4558.8,920.5,15,2.1,5,5,0
901604,CLIFTON RD NE @ GATEWOOD RD NE,33.796928,-84.322083,85.0,96.8,Good,Good,True,False,3914.3,660.3,12,2.0,3,3,0
901605,CLIFTON RD NE @ HOUSTON MILL RD NE,33.798161,-84.323313,85.0,92.3,Good,Good,True,False,3806.8,397.4,12,0.5,7,7,0
901494,CLIFTON RD NE @ 1599,33.799291,-84.324482,85.0,91.8,Good,Good,True,False,3286.1,376.4,10,1.0,8,8,0
901496,CLIFTON RD NE @ TURNER LN,33.800597,-84.326725,85.0,84.8,Good,Good,True,False,2565.9,241.1,7,16.9,2,2,0
901497,CLIFTON RD NE @ EMORY POINT DR,33.800888,-84.329019,83.9,89.1,Good,Good,True,False,1915.8,217.4,11,0.0,0,0,0
901606,CLIFTON RD NE @ 1749,33.801235,-84.330552,83.8,88.8,Good,Good,True,False,1907.8,217.4,12,0.9,0,0,0
902239,CLIFTON RD NE @ OLD BRIARCLIFF WAY,33.803577,-84.333502,85.0,84.1,Good,Good,True,False,2188.2,0.0,4,3.0,2,2,0
902173,CLIFTON RD NE @ BILTMORE DR NE,33.805027,-84.334949,85.0,84.6,Good,Good,True,False,3130.3,0.0,8,1.5,5,5,0
902174,CLIFTON RD NE @ BRIARCLIFF RD NE,33.806038,-84.335874,85.0,82.5,Good,Good,True,False,3122.5,0.0,10,8.8,6,6,0
902175,BRIARCLIFF RD NE @ BRIAR VISTA TER NE,33.809317,-84.334287,85.0,81.4,Good,Good,True,False,2371.8,0.0,9,12.8,1,1,0
902283,E ROCK SPRINGS RD NE @ CUMBERLAND RD NE,33.795126,-84.344606,71.7,70.4,Good,Good,True,False,5031.2,0.0,1,4.2,0,0,0
902284,E ROCK SPRINGS RD NE @ MARKAN DR NE,33.794267,-84.343083,71.7,68.6,Good,Moderate,True,False,3778.9,0.0,1,10.7,0,0,0
902285,E ROCK SPRINGS RD NE @ ROCK SPRINGS CIR NE,33.792988,-84.340451,65.0,53.3,Moderate,Moderate,True,False,3901.9,0.0,0,49.4,0,0,0
902176,E ROCK SPRINGS RD NE @ N DECATUR RD NE,33.791457,-84.339015,85.0,83.0,Good,Good,True,False,4232.3,0.0,6,6.9,0,0,0
902177,N DECATUR RD NE @ BRIARCLIFF RD NE,33.790974,-84.338134,85.0,83.2,Good,Good,True,False,5265.9,0.0,8,6.1,0,0,0
902178,N DECATUR RD NE @ SPRINGDALE RD NE,33.79012,-84.335139,85.0,84.4,Good,Good,True,False,8202.5,0.0,5,2.1,1,1,0
902179,N DECATUR RD NE @ OXFORD RD NE,33.789184,-84.332957,85.0,84.4,Good,Good,True,False,7321.3,0.0,13,2.1,2,2,0
902287,N DECATUR RD NE @ OAKDALE RD NE,33.78866,-84.33197,85.0,84.5,Good,Good,True,False,7610.4,0.0,8,1.6,1,1,0
901724,N DECATUR RD NE @ LULLWATER RD,33.787503,-84.328174,85.0,86.4,Good,Good,True,False,6486.0,88.0,7,0.7,0,0,0
901725,N DECATUR RD @ WASH LIVELY CIR,33.791979,-84.283468,85.0,82.8,Good,Good,True,False,3724.0,0.0,15,7.5,5,5,0
901796,N DECATUR RD NE @ S OXFORD RD NE,33.788184,-84.325897,85.0,86.0,Good,Good,True,False,6684.4,88.0,20,2.1,2,2,0
901797,N DECATUR RD NE @ 1641,33.788263,-84.323331,85.0,90.2,Good,Good,True,False,6882.5,323.8,18,3.0,1,1,0
901726,N DECATUR RD NE @ HEALTHGATE DR,33.790202,-84.317798,85.0,93.8,Good,Good,True,False,7841.5,502.6,15,2.0,0,0,0
901727,N DECATUR RD NE @ RIDGEWOOD DR NE,33.791261,-84.316185,85.0,84.8,Good,Good,True,False,6524.8,0.0,11,0.6,1,1,0
901728,N DECATUR RD NE @ PRINCETON WAY,33.792075,-84.31203,85.0,87.9,Good,Good,True,False,3276.8,266.3,6,7.3,0,0,0
901729,N DECATUR RD @ HAYGOOD DR,33.79208,-84.314682,85.0,90.1,Good,Good,True,False,4982.8,295.7,14,1.4,1,1,0
901840,N DECATUR RD NE @ RIDGEWOOD DR,33.79121,-84.31646,85.0,82.3,Good,Good,True,False,6632.7,0.0,12,9.5,1,1,0
901842,N DECATUR RD NE @ HEALTHGATE DR,33.789802,-84.318622,85.0,92.2,Good,Good,True,False,7467.6,523.3,13,9.3,0,0,0
901843,N DECATUR RD @ 1660,33.78834,-84.32359,85.0,90.5,Good,Good,True,False,6927.3,311.9,15,1.1,1,1,0
901730,N DECATUR RD @ LULLWATER RD,33.787475,-84.328802,85.0,85.9,Good,Good,True,False,6207.0,88.0,7,2.5,0,0,0
901572,N DECATUR RD NE @ OAKDALE RD,33.788648,-84.331738,85.0,83.8,Good,Good,True,False,7750.9,0.0,8,4.0,1,1,0
901573,N DECATUR RD @ OXFORD RD,33.789179,-84.332728,85.0,84.6,Good,Good,True,False,7462.8,0.0,11,1.3,2,2,0
901619,N DECATUR RD @ SPRINGDALE RD,33.78998,-84.33422,85.0,84.5,Good,Good,True,False,8297.5,0.0,9,1.5,1,1,0
901620,N DECATUR RD NE @ BRIARCLIFF RD NE,33.791001,-84.337901,85.0,84.8,Good,Good,True,False,5399.2,0.0,8,0.8,0,0,0
901509,N DECATUR RD @ E ROCK SPRINGS RD,33.791395,-84.338884,85.0,82.8,Good,Good,True,False,4257.8,0.0,6,7.6,0,0,0
901511,E ROCK SPRINGS RD @ MARKAN DR,33.79414,-84.34264,71.7,70.8,Good,Good,True,False,3375.9,0.0,1,2.8,0,0,0
901512,E ROCK SPRINGS RD @ BEECH VALLEY WY,33.79526,-84.34474,71.7,68.3,Good,Moderate,True,False,5186.0,0.0,1,11.8,0,0,0
902013,BRIARCLIFF RD NE @ BRIAR VISTA TER NE,33.81052,-84.334957,85.0,85.0,Good,Good,True,False,2564.8,0.0,8,0.1,1,1,0
901946,CLIFTON RD @ BRIARCLIFF RD,33.805618,-84.335752,85.0,79.8,Good,Good,True,False,3332.8,0.0,9,18.9,6,6,0
901947,CLIFTON RD @ OLD BRIARCLIFF WAY,33.803434,-84.333578,85.0,84.0,Good,Good,True,False,2230.8,0.0,4,3.3,2,2,0
600025,CLIFTON RD @ 1762,33.801402,-84.331337,85.0,88.2,Good,Good,True,False,2053.9,183.4,7,0.7,0,0,0
901949,CLIFTON RD @ CDC PKWY,33.800634,-84.328764,83.5,88.4,Good,Good,True,False,1880.7,217.4,13,2.3,0,0,0
600026,CLIFTON RD @ CLIFTON WAY,33.800597,-84.326975,85.0,88.2,Good,Good,True,False,2361.3,228.0,10,3.5,2,2,0
902015,CLIFTON RD NE @ 1615,33.799773,-84.32555,85.0,91.8,Good,Good,True,False,3150.5,376.4,9,0.9,3,3,0
600027,CLIFTON RD @ HOUSTON MILL RD,33.798565,-84.323799,85.0,88.0,Good,Good,True,False,3544.5,371.3,10,14.3,8,8,0
902059,CLIFTON RD @ GATEWOOD RD,33.797178,-84.322395,85.0,94.2,Good,Good,True,False,3974.4,631.9,11,9.4,8,8,0
901950,CLIFTON RD @ EAGLE ROW,33.794662,-84.321199,85.0,98.6,Good,Good,True,False,4747.1,990.2,19,4.7,8,8,0
901952,CLIFTON RD @ WOODRUFF CIR,33.793403,-84.32109,100.0,99.3,Good,Good,True,True,5436.6,1034.5,19,2.4,5,5,0
901953,CLIFTON RD @ FISHBURNE DR,33.790637,-84.321059,100.0,98.9,Good,Good,True,True,6533.1,751.7,27,0.7,3,3,0
902061,N DECATUR RD NE @ HAYGOOD DR NE,33.792048,-84.314282,85.0,91.1,Good,Good,True,False,4689.0,325.3,12,0.2,1,1,0
901813,CHURCH ST @ GLENLAKE COMMONS DR,33.78569,-84.291748,85.0,83.0,Good,Good,True,False,2048.5,0.0,6,6.9,0,0,0
901853,CHURCH ST @ FORKNER DR,33.786593,-84.290171,74.2,68.2,Good,Moderate,True,False,1135.0,0.0,5,5.6,0,0,0
901854,WINN WAY @ 455,33.787591,-84.279248,57.1,53.9,Moderate,Moderate,True,False,1366.0,0.0,0,0.2,0,0,0
901855,CHURCH ST @ 1391,33.788097,-84.289017,72.1,62.0,Good,Moderate,True,False,965.3,0.0,6,17.7,1,1,0
901856,CHURCH ST @ 1429,33.789183,-84.28785,85.0,80.2,Good,Good,True,False,2329.1,0.0,3,17.5,1,1,0
901745,CHURCH ST @ 1471,33.790279,-84.286615,78.3,72.5,Good,Good,True,False,3421.9,0.0,2,21.5,1,1,0
901746,CHURCH ST @ SYCAMORE DR,33.791019,-84.285912,85.0,79.3,Good,Good,True,False,4023.3,0.0,12,20.9,3,3,0
901747,N DECATUR RD @ WINN WAY,33.79247,-84.28145,85.0,84.2,Good,Good,True,False,2175.9,0.0,7,2.7,3,3,0
901748,N DECATUR RD @ 2787,33.793218,-84.279103,71.7,71.4,Good,Good,True,False,2852.5,0.0,1,0.9,1,1,0
901858,DEKALB INDUSTRIAL WAY @ 685,33.797115,-84.279093,54.1,48.3,Moderate,Moderate,True,False,1127.2,0.0,0,4.8,1,1,0
901859,DEKALB INDUSTRIAL WAY @ 751,33.798619,-84.27993,65.1,57.8,Moderate,Moderate,True,False,942.4,0.0,2,6.9,1,1,0
901860,DEKALB INDUSTRIAL WAY @ LAWRENCEVILLE HWY,33.80013,-84.280607,62.5,56.0,Moderate,Moderate,True,False,734.1,0.0,2,0.5,1,1,0
901750,LAWRENCEVILLE HWY @ JORDAN LN,33.801635,-84.279493,31.8,47.0,Poor,Moderate,False,False,941.5,0.0,3,105.0,1,1,0
903671,NORTH DEKALB MALL,33.810021,-84.277388,19.3,29.1,Poor,Poor,False,False,479.8,0.0,2,139.8,0,0,0
903672,DRUID WOODS CT @ N DRUID HILLS RD,33.811365,-84.279429,2.1,5.2,No Infrastructure,No Infrastructure,False,False,168.5,0.0,0,258.4,0,0,0
903958,CLAIREMONT AVE @ MAEDIRIS DR,33.786907,-84.306618,100.0,89.0,Good,Good,True,True,3771.9,302.7,6,5.7,0,0,0
903959,CLAIREMONT AVE @ CLAIRMONT RUN,33.78883,-84.30696,85.0,90.0,Good,Good,True,False,3809.9,295.4,6,1.7,5,5,0
903960,CLAIRMONT RD @ N DECATUR RD,33.790574,-84.306474,85.0,84.3,Good,Good,True,False,3198.0,0.0,13,2.4,7,7,0
903961,CLAIRMONT RD @ POWELL LN,33.791972,-84.305947,85.0,84.7,Good,Good,True,False,3259.5,0.0,9,1.1,5,5,0
903996,CLAIRMONT RD @ LADSON CT,33.793532,-84.30564,85.0,84.8,Good,Good,True,False,2750.4,0.0,6,0.8,2,2,0
903998,CLAIRMONT RD @ STARVINE WAY,33.798326,-84.307055,85.0,84.9,Good,Good,True,False,3724.6,0.0,8,0.4,3,3,0
903992,CLAIRMONT RD @ BUTLER LN,33.804958,-84.31077,85.0,84.9,Good,Good,True,False,4039.8,0.0,4,0.4,1,1,0
903993,CLAIRMONT RD @ MASON MILL RD,33.806687,-84.310513,85.0,84.9,Good,Good,True,False,4857.7,0.0,9,0.3,1,1,0
903994,CLAIRMONT RD @ MCCONNELL DR,33.80977,-84.30921,85.0,82.6,Good,Good,True,False,4450.2,0.0,8,8.4,0,0,0
903568,N DECATUR RD NE @ PRINCETON WAY,33.791332,-84.31029,85.0,84.2,Good,Good,True,False,2771.1,0.0,4,2.8,0,0,0
903499,N DECATUR RD @ CLAIRMONT RD,33.790268,-84.30679,85.0,84.7,Good,Good,True,False,3270.0,85.0,8,6.5,7,7,0
905436,N DECATUR RD @ CLAIRMONT RD,33.790641,-84.307134,85.0,84.3,Good,Good,True,False,3155.8,0.0,7,2.5,7,7,0
905437,N DECATUR RD @ PRINCETON WAY,33.791377,-84.310192,85.0,83.2,Good,Good,True,False,2764.7,0.0,4,6.2,0,0,0
905553,N DECATUR RD @ PRINCETON WAY,33.79206,-84.31178,85.0,88.5,Good,Good,True,False,3133.1,246.2,4,3.7,0,0,0
905554,WINN WAY @ 440,33.786535,-84.279414,56.9,50.0,Moderate,Moderate,True,False,1355.6,0.0,0,13.1,0,0,0
905555,WINN WAY @ IRVIN WAY,33.788791,-84.279446,62.3,58.0,Moderate,Moderate,True,False,1787.4,0.0,0,11.7,0,0,0
905556,WINN WAY @ IRVIN WAY,33.788934,-84.27937,63.1,62.0,Moderate,Moderate,True,False,1850.7,0.0,0,1.4,0,0,0
905561,WINN WAY @ BILL THRASHER DR,33.78983,-84.27982,65.0,63.8,Moderate,Moderate,True,False,2376.6,0.0,0,4.0,0,0,0
905669,WINN WAY @ BILL THRASHER DR,33.78999,-84.279989,65.0,61.8,Moderate,Moderate,True,False,2378.5,0.0,0,11.1,0,0,0
905671,WINN WAY @ RUFUS EVANS DR,33.791492,-84.280622,85.0,84.7,Good,Good,True,False,2039.9,0.0,3,0.9,0,0,0
905741,RUFUS EVANS DR @ SYCAMORE DR,33.790575,-84.285236,85.0,84.0,Good,Good,True,False,3628.7,0.0,8,3.4,2,2,0
905675,N DECATUR RD @ 2806,33.793756,-84.27817,71.7,64.8,Good,Moderate,True,False,2450.4,0.0,1,26.1,5,5,0
905789,CHURCH ST @ SYCAMORE DR,33.790478,-84.286774,85.0,83.8,Good,Good,True,False,3606.7,0.0,3,4.2,1,1,0
905790,CHURCH ST @ 1438,33.789568,-84.287683,85.0,85.0,Good,Good,True,False,2725.8,0.0,3,0.1,1,1,0
905791,CHURCH ST @ 1380,33.788221,-84.289177,72.4,66.6,Good,Moderate,True,False,991.0,0.0,6,2.5,1,1,0
905984,CHURCH ST @ MEDLOCK RD,33.787114,-84.289962,73.6,68.4,Good,Moderate,True,False,1086.6,0.0,4,2.0,0,0,0
905985,CHURCH ST @ GLENLAKE COMMONS DR,33.785752,-84.291826,85.0,84.0,Good,Good,True,False,2069.4,0.0,6,3.5,0,0,0
905986,CLAIREMONT AVE @ MAEDIRIS DR,33.78651,-84.305992,100.0,89.8,Good,Good,True,True,3703.4,302.7,5,2.9,0,0,0
905912,CLAIREMONT AVE @ CLAIRMONT RUN,33.788109,-84.306791,85.0,90.6,Good,Good,True,False,3772.3,302.7,7,0.1,1,1,0
905913,CLAIRMONT RD @ N DECATUR RD,33.789457,-84.306586,85.0,87.4,Good,Good,True,False,3716.4,155.2,6,1.9,5,5,0
905914,CLAIRMONT RD @ POWELL LN,33.791398,-84.305945,85.0,84.4,Good,Good,True,False,3343.6,0.0,14,2.2,7,7,0
905915,CLAIRMONT RD @ LADSON CT,33.79253,-84.30559,85.0,84.3,Good,Good,True,False,3203.2,0.0,5,2.5,2,2,0
906030,CLAIRMONT RD @ DESMOND DR,33.797167,-84.305742,78.3,78.2,Good,Good,True,False,3132.0,0.0,2,0.3,0,0,0
906031,CLAIRMONT RD @ STARVINE WAY,33.798608,-84.307123,85.0,81.7,Good,Good,True,False,3753.2,0.0,10,11.5,3,3,0
906032,CLAIRMONT RD @ BUTLER LN,33.805232,-84.310462,85.0,84.3,Good,Good,True,False,4283.7,0.0,3,2.4,0,0,0
905917,CLAIRMONT RD @ MCCONNELL DR,33.809577,-84.309092,85.0,83.5,Good,Good,True,False,4582.8,0.0,10,5.3,0,0,0
905918,CLAIRMONT RD @ WILLIAMSBURG DR,33.810856,-84.308552,85.0,84.6,Good,Good,True,False,4013.4,0.0,8,1.3,0,0,0
905919,N DRUID HILLS RD @ CLAIRMONT RD,33.813286,-84.30849,85.0,84.1,Good,Good,True,False,2999.4,0.0,12,3.2,1,1,0
903579,CLAIRMONT RD @ CLAIRMONT LK,33.801409,-84.309463,85.0,83.7,Good,Good,True,False,3630.7,0.0,13,4.4,0,0,0
903580,DEKALB INDUSTRIAL WAY @ MILSCOTT DR,33.79623,-84.27808,59.6,56.3,Moderate,Moderate,True,False,1567.7,0.0,0,3.8,1,1,0
903697,N DECATUR RD @ WINN WAY,33.7929,-84.2807,78.3,72.4,Good,Good,True,False,2081.6,0.0,2,21.8,0,0,0
903698,CHURCH ST @ N DECATUR RD,33.792712,-84.284753,85.0,74.0,Good,Good,True,False,5593.5,0.0,9,45.6,4,4,0
903699,CHURCH ST @ WILLOW LN,33.785022,-84.292887,85.0,83.9,Good,Good,True,False,2853.8,0.0,4,3.6,0,0,0
903700,CLAIRMONT RD @ N WILLIAMSBURG DR,33.811175,-84.308672,85.0,84.6,Good,Good,True,False,3764.0,0.0,10,1.3,0,0,0
903581,VA HOSPITAL,33.802142,-84.310897,85.0,78.8,Good,Good,True,False,2803.9,0.0,23,23.1,1,1,0
903582,CLAIRMONT RD @ CLAIRMONT LAKE,33.801213,-84.309559,85.0,84.6,Good,Good,True,False,3788.8,0.0,13,1.3,0,0,0
903702,CLAIRMONT RD @ SOUTHERN LN,33.803493,-84.310773,85.0,84.1,Good,Good,True,False,3345.8,0.0,10,3.1,1,1,0
903703,CLAIRMONT RD @ BUTLER LN,33.806257,-84.310386,85.0,84.2,Good,Good,True,False,4858.2,0.0,9,2.9,1,1,0
903793,N DRUID HILLS RD @ ORION DR,33.807681,-84.268436,6.6,17.0,No Infrastructure,Poor,False,False,532.0,0.0,0,136.2,0,0,0
903794,VALLEY BROOK RD @ 908,33.80526,-84.267794,0.0,0.0,No Infrastructure,No Infrastructure,False,False,0.0,0.0,0,,0,0,0
903795,VALLEY BROOK RD @ HOLLYWOOD DR,33.804404,-84.267492,0.0,0.0,No Infrastructure,No Infrastructure,False,False,0.0,0.0,0,,0,0,0
903796,VALLEY BROOK RD @ VISTA BROOK DR,33.802363,-84.266852,0.0,0.0,No Infrastructure,No Infrastructure,False,False,0.0,0.0,0,,0,0,0
903882,VALLEY BROOK RD @ FANTASY LN,33.800761,-84.266342,0.0,0.0,No Infrastructure,No Infrastructure,False,False,0.0,0.0,0,,0,0,0
903883,VALLEY BROOK RD @ WESTBURY DR,33.798451,-84.265593,1.8,4.9,No Infrastructure,No Infrastructure,False,False,142.2,0.0,0,252.6,0,0,0
903884,VALLEY BROOK RD @ CEDAR BROOK DR,33.796857,-84.263821,65.4,54.3,Moderate,Moderate,True,False,435.5,0.0,3,11.9,1,1,0
903885,VALLEY BROOK RD @ E PONCE DE LEON AVE,33.795434,-84.263148,68.9,59.2,Moderate,Moderate,True,False,708.6,0.0,6,11.2,2,2,0
903827,E PONCE DE LEON AVE @ LAREDO DR,33.785229,-84.268987,45.6,32.8,Moderate,Poor,True,False,451.5,0.0,0,18.5,1,1,0
903828,E PONCE DE LEON AVE @ PATTERSON AVE,33.785721,-84.26598,1.9,5.1,No Infrastructure,No Infrastructure,False,False,150.6,0.0,0,250.9,0,0,0
903829,E PONCE DE LEON AVE @ EXCHANGE AVE,33.790941,-84.264772,3.3,6.3,No Infrastructure,No Infrastructure,False,False,266.4,0.0,0,290.6,0,0,0
904009,N DRUID HILLS RD @ LAWRENCEVILLE HWY,33.81057,-84.273753,81.7,79.9,Good,Good,True,False,1733.8,0.0,10,1.6,2,2,0
904010,E PONCE DE LEON AVE @ N DECATUR RD,33.793748,-84.263997,69.5,56.5,Moderate,Moderate,True,False,758.5,0.0,6,25.7,5,5,0
904065,E PONCE DE LEON AVE @ EXCHANGE AVE,33.790834,-84.264881,3.0,5.6,No Infrastructure,No Infrastructure,False,False,236.1,0.0,0,304.8,0,0,0
904066,E PONCE DE LEON AVE @ PALOMA DR,33.786967,-84.264808,0.1,0.7,No Infrastructure,No Infrastructure,False,False,5.4,0.0,0,394.2,0,0,0
904067,E PONCE DE LEON AVE @ LAREDO DR,33.785342,-84.269297,45.9,37.7,Moderate,Poor,True,False,470.4,0.0,0,1.6,1,1,0
904068,LAWRENCEVILLE HWY @ WHITE BLVD,33.811474,-84.271667,85.0,81.9,Good,Good,True,False,2201.8,0.0,9,10.9,0,0,0
904011,LAWRENCEVILLE HWY @ 2295,33.814125,-84.269683,65.8,60.9,Moderate,Moderate,True,False,1527.1,0.0,1,8.7,0,0,0
904013,LAWRENCEVILLE HWY @ WHITE BLVD,33.811946,-84.272006,85.0,79.6,Good,Good,True,False,2195.9,0.0,7,19.8,0,0,0
904159,DEKALB INDUSTRIAL WAY @ STRATFORD CMNS,33.792441,-84.276344,78.0,71.1,Good,Good,True,False,1973.3,0.0,2,25.7,5,5,0
904160,DEKALB INDUSTRIAL WAY @ STRATFORD CMNS,33.791833,-84.276029,70.5,69.6,Good,Moderate,True,False,1905.6,0.0,1,1.5,1,1,0
904192,DEKALB INDUSTRIAL WAY @ IRVIN WAY,33.788358,-84.276403,57.7,54.4,Moderate,Moderate,True,False,1417.9,0.0,0,1.4,0,0,0
904249,DEKALB INDUSTRIAL WAY @ 375,33.786436,-84.27663,58.1,52.9,Moderate,Moderate,True,False,1449.2,0.0,0,8.4,0,0,0
904250,DEKALB INDUSTRIAL WAY @ RIMINGTON LN,33.785326,-84.276446,58.0,50.8,Moderate,Moderate,True,False,1440.4,0.0,0,15.8,0,0,0
904251,N DECATUR RD @ JORDAN LN,33.793675,-84.271818,6.4,16.6,No Infrastructure,Poor,False,False,513.0,0.0,0,137.3,0,0,0
904252,N DECATUR RD @ E PONCE DE LEON AVE,33.793501,-84.264329,68.9,52.8,Moderate,Moderate,True,False,708.1,0.0,3,38.5,3,3,0
904194,N DECATUR RD @ GIFFORD DR,33.791949,-84.258278,84.6,84.0,Good,Good,True,False,1966.2,0.0,4,1.5,2,2,0
904195,N DECATUR RD @ GLENDALE RD,33.789762,-84.252755,84.6,82.3,Good,Good,True,False,1965.3,0.0,3,7.2,0,0,0
904196,N DECATUR RD @ CREEKVIEW CT,33.78882,-84.249971,78.3,76.9,Good,Good,True,False,2040.8,0.0,2,4.9,1,1,0
904197,N DECATUR RD @ NORTHERN AVE,33.787149,-84.24711,77.6,76.9,Good,Good,True,False,1938.2,0.0,2,1.1,1,1,0
904253,N DECATUR RD @ NORTHERN AVE,33.786499,-84.245515,71.2,66.8,Good,Moderate,True,False,1429.0,0.0,2,5.3,1,1,0
903465,N INDIAN CREEK DR @ HILL ST,33.808488,-84.242435,85.0,84.0,Good,Good,True,False,3315.2,0.0,6,3.5,0,0,0
903466,MONTREAL RD @ MONTREAL CREEK CT,33.813152,-84.242952,80.1,76.7,Good,Good,True,False,1608.7,0.0,4,5.1,2,2,0
903655,MONTREAL RD @ SAMS RD,33.812418,-84.242572,85.0,84.3,Good,Good,True,False,2196.6,0.0,3,2.3,1,1,0
903536,N INDIAN CREEK DR @ HILL ST,33.808649,-84.242479,85.0,83.8,Good,Good,True,False,3358.2,0.0,8,3.9,0,0,0
903585,N DECATUR RD @ NORTHERN AVE,33.786723,-84.245775,72.3,68.9,Good,Moderate,True,False,1518.0,0.0,2,3.3,1,1,0
903586,N DECATUR RD @ NORTHERN AVE,33.787561,-84.247475,78.3,77.7,Good,Good,True,False,2048.5,0.0,2,2.0,2,2,0
903657,N DECATUR RD @ GLENDALE RD,33.789864,-84.252419,84.5,82.9,Good,Good,True,False,1963.1,0.0,3,5.0,0,0,0
903658,N DECATUR RD @ PARKDALE DR,33.791259,-84.256288,71.7,68.9,Good,Moderate,True,False,2041.4,0.0,1,9.5,2,2,0
903659,N DECATUR RD @ GIFFORD DR,33.792119,-84.258311,84.4,82.4,Good,Good,True,False,1950.7,0.0,4,6.1,2,2,0
903587,N DECATUR RD @ CHURCH ST,33.793611,-84.262917,72.0,63.7,Good,Moderate,True,False,962.7,0.0,6,11.1,5,5,0
903588,N DECATUR RD @ KENTUCKY ST,33.793808,-84.269379,0.7,1.8,No Infrastructure,No Infrastructure,False,False,59.2,0.0,0,363.6,0,0,0
903589,N DECATUR RD @ JORDAN LN,33.793737,-84.271612,5.9,14.6,No Infrastructure,No Infrastructure,False,False,475.2,0.0,0,156.6,0,0,0
903590,N DECATUR RD @ DEKALB INDUSTRIAL WAY,33.793922,-84.276115,71.2,71.0,Good,Good,True,False,1960.3,0.0,1,0.1,6,6,0
904071,N DECATUR RD @ DEKALB INDUSTRIAL WAY,33.793752,-84.276698,71.7,71.7,Good,Good,True,False,2046.5,0.0,1,0.0,6,6,0
904073,E PONCE DE LEON AVE @ VALLEY BROOK RD,33.794941,-84.262942,70.2,56.2,Good,Moderate,True,False,812.4,0.0,8,31.3,4,4,0
903985,E PONCE DE LEON AVE @ MILTON ST,33.796185,-84.261635,29.1,47.5,Poor,Moderate,False,False,729.9,0.0,5,70.9,2,2,0
904223,E PONCE DE LEON AVE @ NEEDHAM DR,33.797855,-84.25946,0.6,4.6,No Infrastructure,No Infrastructure,False,False,51.6,0.0,0,209.4,0,0,0
904164,E PONCE DE LEON AVE @ MCLENDON DR,33.799387,-84.257684,60.2,43.2,Moderate,Moderate,True,False,15.3,0.0,4,26.8,0,0,0
904165,E PONCE DE LEON AVE @ VERDI WAY,33.801181,-84.255259,8.0,11.4,No Infrastructure,No Infrastructure,False,False,106.1,0.0,1,233.2,0,0,0
904167,E PONCE DE LEON AVE @ MILAM CIR,33.80244,-84.25312,47.8,26.5,Moderate,Poor,True,False,90.8,0.0,1,49.6,0,0,0
903481,E PONCE DE LEON AVE @ CREEKDALE DR,33.80285,-84.25163,7.8,23.0,No Infrastructure,Poor,False,False,90.8,0.0,1,71.0,1,1,0
903482,E PONCE DE LEON AVE @ MELL AVE,33.803452,-84.248131,3.1,14.5,No Infrastructure,No Infrastructure,False,False,250.1,0.0,0,108.9,2,2,0
903483,E PONCE DE LEON AVE @ PECAN ST,33.803772,-84.246407,42.9,24.5,Moderate,Poor,True,False,233.6,0.0,0,38.5,1,1,0
903484,E PONCE DE LEON AVE @ JOLLY AVE,33.805115,-84.243178,21.5,36.2,Poor,Poor,False,False,1719.7,0.0,0,159.4,0,0,0
904168,E PONCE DE LEON AVE @ N INDIAN CREEK DR,33.807258,-84.241349,85.0,84.9,Good,Good,True,False,2956.2,0.0,19,0.3,3,3,0
904169,E PONCE DE LEON AVE @ JOLLY AVE,33.80532,-84.24308,36.5,53.4,Poor,Moderate,False,False,1850.4,0.0,2,135.6,1,1,0
904170,E PONCE DE LEON AVE @ PECAN ST,33.80397,-84.246445,2.9,20.4,No Infrastructure,Poor,False,False,233.6,0.0,0,60.7,1,1,0
904171,E PONCE DE LEON AVE @ MELL AVE,33.803638,-84.248131,3.0,13.8,No Infrastructure,No Infrastructure,False,False,242.8,0.0,0,114.3,2,2,0
903485,E PONCE DE LEON AVE @ CREEKDALE DR,33.802972,-84.251546,7.8,20.9,No Infrastructure,Poor,False,False,90.8,0.0,1,86.6,1,1,0
903486,E PONCE DE LEON AVE @ MILAM CIR,33.802418,-84.253472,7.8,23.7,No Infrastructure,Poor,False,False,90.8,0.0,1,66.2,0,0,0
903674,E PONCE DE LEON AVE @ VERDI WAY,33.801395,-84.255363,1.3,4.7,No Infrastructure,No Infrastructure,False,False,106.1,0.0,0,234.0,0,0,0
903722,E PONCE DE LEON AVE @ GLENDALE RD,33.800219,-84.256835,20.2,27.6,Poor,Poor,False,False,15.3,0.0,4,140.5,0,0,0
903723,E PONCE DE LEON AVE @ MURPHEY ST,33.797517,-84.260231,3.3,6.7,No Infrastructure,No Infrastructure,False,False,262.8,0.0,0,265.0,0,0,0
903605,E PONCE DE LEON AVE @ MILTON ST,33.79636,-84.26167,28.5,45.4,Poor,Moderate,False,False,678.6,0.0,5,79.9,2,2,0
903606,E PONCE DE LEON AVE @ VALLEY BROOK RD,33.795366,-84.262882,69.5,62.4,Moderate,Moderate,True,False,756.1,0.0,6,3.0,3,3,0
903724,N DECATUR RD @ MCHENRY AVE,33.791304,-84.256604,85.0,82.6,Good,Good,True,False,2051.7,0.0,3,8.4,2,2,0
903725,N DECATUR RD @ KENTUCKY ST,33.793629,-84.269578,1.2,2.6,No Infrastructure,No Infrastructure,False,False,95.2,0.0,0,344.8,0,0,0
903726,N DECATUR RD @ CHURCH ST,33.793518,-84.262736,72.5,67.1,Good,Moderate,True,False,1001.8,0.0,6,1.6,5,5,0
903727,N DECATUR RD @ FRANCES ST,33.793601,-84.267783,0.9,2.2,No Infrastructure,No Infrastructure,False,False,75.3,0.0,0,358.5,0,0,0
903609,N DECATUR RD @ DEKALB INDUSTRIAL WAY,33.793757,-84.275451,70.0,67.9,Good,Moderate,True,False,1865.5,0.0,1,4.8,5,5,0
903610,N DECATUR RD @ E PONCE DE LEON AVE,33.793689,-84.26477,27.7,43.9,Poor,Moderate,False,False,616.5,0.0,3,83.0,3,3,0
903611,N DECATUR RD @ FRANCES ST,33.793751,-84.267647,1.3,2.7,No Infrastructure,No Infrastructure,False,False,102.1,0.0,0,347.1,0,0,0
903612,DEKALB INDUSTRIAL WAY @ N DECATUR RD,33.794455,-84.276614,71.6,69.2,Good,Moderate,True,False,1990.7,0.0,1,8.1,5,5,0
903818,N DRUID HILLS RD @ LAWRENCEVILLE HWY,33.810243,-84.27348,82.4,80.9,Good,Good,True,False,1792.2,0.0,9,1.4,2,2,0
903904,DEKALB INDUSTRIAL WAY @ IRVIN WAY,33.789268,-84.276476,57.5,48.7,Moderate,Moderate,True,False,1403.9,0.0,0,21.8,0,0,0
903905,DEKALB INDUSTRIAL WAY @ 455,33.790166,-84.27608,64.8,61.9,Moderate,Moderate,True,False,1450.8,0.0,1,0.6,0,0,0
903995,N INDIAN CREEK DR @ CHURCH ST,33.806395,-84.240895,85.0,84.6,Good,Good,True,False,2653.5,0.0,16,1.5,3,3,0
904000,N INDIAN CREEK DR @ MARKET ST,33.810215,-84.241541,85.0,82.9,Good,Good,True,False,3505.6,0.0,15,7.4,2,2,0
904002,N INDIAN CREEK DR @ MARKET ST,33.81034,-84.24165,85.0,83.4,Good,Good,True,False,3446.5,0.0,13,5.5,2,2,0
904003,N INDIAN CREEK DR @ E PONCE DE LEON AVE,33.806725,-84.241904,85.0,83.1,Good,Good,True,False,2813.2,0.0,17,6.5,3,3,0
904088,N INDIAN CREEK DR @ ROWLAND ST,33.806178,-84.24086,85.0,82.1,Good,Good,True,False,2492.8,0.0,16,10.1,3,3,0
904186,N DECATUR RD @ 3770,33.785711,-84.241186,7.6,25.2,No Infrastructure,Poor,False,False,610.1,0.0,0,72.4,1,1,0
905611,E PONCE DE LEON AVE @ MARKET ST,33.809033,-84.240215,85.0,83.2,Good,Good,True,False,3598.6,0.0,13,6.2,1,1,0
905613,E PONCE DE LEON AVE @ N INDIAN CREEK DR,33.806995,-84.241704,85.0,83.9,Good,Good,True,False,2902.0,0.0,18,3.7,3,3,0
905795,N DECATUR RD @ 3770,33.785556,-84.240708,47.7,32.2,Moderate,Poor,True,False,618.6,0.0,0,34.1,1,1,0
905921,N DECATUR RD @ 3711,33.785854,-84.244123,57.8,44.9,Moderate,Moderate,True,False,892.5,0.0,1,28.1,0,0,0
904370,WINN WAY @ PINEHURST ST,33.78,-84.27948,67.3,61.7,Moderate,Moderate,True,False,1650.7,0.0,1,13.9,0,0,0
904533,CHURCH ST @ 711,33.778825,-84.294763,85.0,86.2,Good,Good,True,False,5465.2,135.0,14,4.5,4,4,0
904576,CHURCH ST @ LUCERNE ST,33.783843,-84.293901,85.0,83.5,Good,Good,True,False,3965.9,0.0,7,5.3,0,0,0
904577,CHURCH ST @ NORRIS ST,33.784657,-84.293105,85.0,82.8,Good,Good,True,False,3082.5,0.0,4,7.8,0,0,0
904582,CLAIREMONT AVE @ HUNTER ST,33.77914,-84.29669,85.0,89.0,Good,Good,True,False,6905.9,216.0,13,0.1,2,2,0
904587,CLAIREMONT AVE @ 446,33.780029,-84.297256,85.0,84.9,Good,Good,True,False,7330.7,51.2,12,3.4,1,1,0
904588,CLAIREMONT AVE @ PONCE DE LEON PL,33.78104,-84.29812,85.0,85.0,Good,Good,True,False,7128.8,0.0,14,0.1,0,0,0
904589,CLAIREMONT AVE @ WILTON DR,33.782066,-84.29958,85.0,84.1,Good,Good,True,False,5633.7,0.0,11,3.0,0,0,0
904590,CLAIREMONT AVE @ LAMONT DR,33.782818,-84.300874,85.0,83.3,Good,Good,True,False,5564.6,0.0,6,5.9,0,0,0
904705,CLAIREMONT AVE @ GARDEN LN,33.783499,-84.302059,85.0,83.4,Good,Good,True,False,4734.7,0.0,3,5.6,0,0,0
904706,CLAIREMONT AVE @ SCOTT BLVD,33.78497,-84.304253,85.0,90.5,Good,Good,True,False,3946.0,302.7,10,0.7,1,1,0
905079,E PONCE DE LEON AVE @ GROVE PL,33.776743,-84.279203,31.7,53.7,Poor,Moderate,False,False,2951.5,0.0,1,91.0,1,1,0
904385,COMMERCE DR @ W PONCE DE LEON AVE,33.775343,-84.298798,85.0,88.8,Good,Good,True,False,11787.7,230.8,14,1.8,7,7,0
904849,S COLUMBIA DR @ TALLEY ST,33.769433,-84.28647,85.0,84.7,Good,Good,True,False,4726.3,0.0,5,1.1,0,0,0
904850,S COLUMBIA DR @ DERRYDOWN WAY,33.768211,-84.284711,85.0,84.5,Good,Good,True,False,3283.0,0.0,7,1.8,0,0,0
904903,S COLUMBIA DR @ MISSIONARY DR,33.766784,-84.282395,59.7,54.5,Moderate,Moderate,True,False,1040.5,0.0,1,1.2,0,0,0
904904,S COLUMBIA DR @ INMAN DR,33.764741,-84.28009,22.1,40.4,Poor,Moderate,False,False,1234.9,0.0,1,90.8,0,0,0
904905,S COLUMBIA DR @ KIRK RD,33.763279,-84.279067,63.2,53.0,Moderate,Moderate,True,False,788.9,0.0,2,14.8,0,0,0
904906,S COLUMBIA DR @ THOMAS RD,33.76075,-84.27712,8.9,24.5,No Infrastructure,Poor,False,False,710.8,0.0,0,90.8,0,0,0
904976,COLUMBIA DR @ CONWAY RD,33.761283,-84.27734,15.5,25.8,Poor,Poor,False,False,708.8,0.0,1,150.0,0,0,0
905090,COLUMBIA DR @ KIRK RD,33.763705,-84.279155,23.9,44.6,Poor,Moderate,False,False,846.1,0.0,2,59.8,0,0,0
905091,COLUMBIA DR @ INMAN DR,33.7654,-84.28032,61.8,50.9,Moderate,Moderate,True,False,1211.5,0.0,1,26.2,0,0,0
905092,COLUMBIA DR @ MISSIONARY DR,33.766882,-84.282356,60.7,53.0,Moderate,Moderate,True,False,1124.2,0.0,1,12.0,0,0,0
905093,COLUMBIA DR @ DERRYDOWN WAY,33.768057,-84.284302,85.0,82.4,Good,Good,True,False,3031.9,0.0,4,9.2,0,0,0
904977,COLUMBIA DR @ TALLEY ST,33.769241,-84.286013,85.0,84.8,Good,Good,True,False,4059.4,0.0,9,0.8,0,0,0
904978,2ND AVE @ E LAKE DR,33.759859,-84.310582,85.0,84.8,Good,Good,True,False,6894.2,0.0,8,0.8,0,0,0
904979,2ND AVE @ BRYAN PL,33.75843,-84.310576,85.0,84.9,Good,Good,True,False,5318.3,0.0,10,0.3,0,0,0
904980,2ND AVE @ 342,33.755035,-84.310234,85.0,83.8,Good,Good,True,False,5534.5,0.0,15,3.9,0,0,0
905094,2ND AVE @ BEATY PL,33.756519,-84.310448,85.0,84.8,Good,Good,True,False,5424.4,0.0,6,0.7,0,0,0
905095,2ND AVE @ BRYAN PL,33.758282,-84.310463,85.0,84.4,Good,Good,True,False,5261.3,0.0,11,2.2,0,0,0
905096,2ND AVE @ E LAKE DR,33.759621,-84.310471,85.0,84.4,Good,Good,True,False,6665.5,0.0,11,2.1,0,0,0
905097,E LAKE DR @ JOHNSTON PL,33.761158,-84.311162,85.0,84.6,Good,Good,True,False,7691.5,0.0,5,1.3,0,0,0
905148,E LAKE DR @ 3RD AVE,33.76297,-84.311035,85.0,84.6,Good,Good,True,False,9280.5,0.0,8,1.4,0,0,0
905149,E LAKE DR @ 3RD AVE,33.763263,-84.311176,85.0,84.4,Good,Good,True,False,9099.8,0.0,10,1.9,0,0,0
904608,WINN WAY @ PINEHURST ST,33.78027,-84.279386,67.1,64.6,Moderate,Moderate,True,False,1632.8,0.0,1,2.3,0,0,0
904609,WINN WAY @ COALTER WAY,33.782848,-84.279449,63.9,60.1,Moderate,Moderate,True,False,1910.1,0.0,0,11.9,0,0,0
904610,WINN WAY @ 320,33.78479,-84.279437,61.1,55.8,Moderate,Moderate,True,False,1684.4,0.0,0,13.1,0,0,0
904857,CHURCH ST @ LUCERNE ST,33.784197,-84.293747,85.0,84.4,Good,Good,True,False,3878.8,0.0,6,1.9,0,0,0
904858,CHURCH ST @ GENEVA ST,33.783358,-84.294414,85.0,83.7,Good,Good,True,False,4259.6,0.0,9,4.6,0,0,0
904859,CHURCH ST @ 921,33.78072,-84.294966,85.0,84.2,Good,Good,True,False,5781.3,0.0,6,2.8,0,0,0
904741,CHURCH ST @ BELL ST,33.779519,-84.294868,85.0,84.8,Good,Good,True,False,5147.7,55.8,10,4.2,2,2,0
904742,COMMERCE DR @ BEAUMONT AVE,33.777323,-84.298651,85.0,88.5,Good,Good,True,False,9762.3,230.8,11,2.9,2,2,0
904744,CLAIREMONT AVE @ HUNTER ST,33.778973,-84.296422,85.0,89.2,Good,Good,True,False,6810.6,224.9,16,0.1,3,3,0
904861,CLAIREMONT AVE @ 441,33.78018,-84.297069,85.0,85.0,Good,Good,True,False,7250.3,0.0,12,0.1,1,1,0
905101,CLAIREMONT AVE @ ERIE AVE,33.78127,-84.298151,85.0,84.1,Good,Good,True,False,7089.1,0.0,14,3.0,0,0,0
905102,CLAIREMONT AVE @ MICHIGAN AVE,33.781943,-84.299105,85.0,84.0,Good,Good,True,False,5893.2,0.0,12,3.5,0,0,0
905103,CLAIREMONT AVE @ GARDEN LN,33.783635,-84.302071,85.0,85.0,Good,Good,True,False,4758.0,0.0,3,0.1,0,0,0
905104,CLAIREMONT AVE @ SCOTT BLVD,33.784836,-84.303697,85.0,89.2,Good,Good,True,False,3777.9,273.3,10,3.0,1,1,0
904988,E TRINITY PL @ CHURCH ST,33.772738,-84.294798,85.0,83.7,Good,Good,True,False,10678.0,0.0,21,4.6,5,5,0
904989,S CANDLER ST @ COLLEGE AVE,33.77068,-84.29253,85.0,84.9,Good,Good,True,False,7356.5,0.0,14,0.4,5,5,0
904990,S CANDLER ST @ 184,33.76811,-84.292658,85.0,84.7,Good,Good,True,False,6462.4,0.0,8,1.1,0,0,0
904991,S CANDLER ST @ 206,33.767815,-84.292582,85.0,84.1,Good,Good,True,False,6426.3,0.0,8,3.0,0,0,0
905105,S CANDLER ST @ E DOUGHERTY ST,33.766884,-84.292713,85.0,83.3,Good,Good,True,False,6132.2,0.0,9,6.0,0,0,0
905106,S CANDLER ST @ DOUGHERTY ST,33.766812,-84.292615,85.0,84.3,Good,Good,True,False,6224.8,0.0,9,2.5,0,0,0
905107,S CANDLER ST @ E HANCOCK ST,33.764548,-84.292714,85.0,83.7,Good,Good,True,False,6669.3,0.0,5,4.6,0,0,0
905108,S CANDLER ST @ HANCOCK ST,33.76432,-84.29258,85.0,84.2,Good,Good,True,False,6606.3,0.0,5,2.7,0,0,0
904992,S CANDLER ST @ E DAVIS ST,33.763348,-84.292562,85.0,83.9,Good,Good,True,False,5893.2,0.0,7,3.9,0,0,0
904993,S CANDLER ST @ DAVIS ST,33.76308,-84.29241,85.0,84.2,Good,Good,True,False,5642.0,0.0,7,2.7,0,0,0
904994,S CANDLER ST @ KIRK RD,33.761254,-84.292606,85.0,83.8,Good,Good,True,False,4805.8,0.0,6,4.2,0,0,0
904995,S CANDLER ST @ MIDWAY RD,33.757616,-84.291196,85.0,84.6,Good,Good,True,False,2816.4,0.0,12,1.2,1,1,0
904938,S CANDLER ST @ BUCHANAN TER,33.759016,-84.291335,85.0,84.3,Good,Good,True,False,3166.0,0.0,6,2.3,1,1,0
904939,S CANDLER ST @ BUCHANAN TER,33.759123,-84.291488,85.0,83.5,Good,Good,True,False,3251.3,0.0,6,5.2,1,1,0
904817,S CANDLER ST @ MIDWAY RD,33.757945,-84.291384,85.0,83.4,Good,Good,True,False,2900.1,0.0,12,5.3,1,1,0
904818,S CANDLER ST @ BROWER ST,33.756357,-84.291532,85.0,84.0,Good,Good,True,False,2759.2,0.0,11,3.4,1,1,0
904820,N ARCADIA AVE @ E PONCE DE LEON AVE,33.777575,-84.28062,71.7,70.0,Good,Good,True,False,2901.5,0.0,1,5.6,1,1,0
904940,N ARCADIA AVE @ E PONCE DE LEON AVE,33.776847,-84.280354,71.7,65.5,Good,Moderate,True,False,3214.9,0.0,1,22.8,1,1,0
904941,E PONCE DE LEON AVE @ N ARCADIA AVE,33.777124,-84.278534,31.7,47.4,Poor,Moderate,False,False,2659.7,0.0,1,165.2,1,1,0
904942,CHURCH ST @ BELL ST,33.780645,-84.294789,85.0,83.2,Good,Good,True,False,5482.6,0.0,5,6.1,0,0,0
904357,WINN WAY @ 341,33.784933,-84.279307,60.5,58.3,Moderate,Moderate,True,False,1638.7,0.0,0,1.2,0,0,0
904448,S COLUMBIA DR @ FORREST BLVD,33.757188,-84.272065,100.0,89.8,Good,Good,True,True,3406.9,397.6,3,9.1,0,0,0
904365,S CANDLER ST @ KIRK RD,33.760701,-84.292503,85.0,83.4,Good,Good,True,False,4247.8,0.0,7,5.5,0,0,0
904259,2ND AVE @ BEATY PL,33.756939,-84.310582,85.0,84.7,Good,Good,True,False,5288.4,0.0,6,0.9,0,0,0
904260,COMMERCE DR @ E COLLEGE AVE,33.77219,-84.2876,85.0,84.3,Good,Good,True,False,6534.6,0.0,10,2.3,1,1,0
905066,WINN WAY @ COALTER WAY,33.783,-84.279325,64.1,63.5,Moderate,Moderate,True,False,1925.8,0.0,0,0.5,0,0,0
500117,AVONDALE STATION - BAY F,33.774493,-84.282238,85.0,84.5,Good,Good,True,False,3824.4,0.0,9,1.6,2,2,0
905117,E PONCE DE LEON AVE @ 2775,33.77896,-84.27608,10.1,15.9,No Infrastructure,Poor,False,False,805.2,0.0,0,280.7,0,0,0
905118,E PONCE DE LEON AVE @ DEKALB INDUSTRIAL WAY,33.780895,-84.274429,15.7,35.2,Poor,Poor,False,False,722.4,0.0,1,63.3,0,0,0
905119,E PONCE DE LEON AVE @ 2947,33.782887,-84.27285,53.9,42.9,Moderate,Moderate,True,False,1112.2,0.0,0,24.5,0,0,0
904266,E PONCE DE LEON AVE @ 2995,33.784183,-84.271538,51.2,39.0,Moderate,Poor,True,False,893.5,0.0,0,24.9,0,0,0
904688,KENSINGTON RD @ MEMORIAL DR,33.77212,-84.247762,85.0,80.4,Good,Good,True,False,2838.4,0.0,10,16.8,2,2,0
904568,MEMORIAL DR @ NOTTINGHAM DR,33.767175,-84.253066,85.0,91.5,Good,Good,True,False,3068.4,356.4,10,0.6,3,3,0
904569,MEMORIAL DR @ COVINGTON HWY,33.769506,-84.250785,85.0,86.9,Good,Good,True,False,3725.1,101.6,6,0.1,7,7,0
904570,COVINGTON HWY @ MIDWAY RD,33.765997,-84.251537,85.0,87.5,Good,Good,True,False,2941.9,171.1,9,2.5,4,4,0
904689,MIDWAY RD @ COVINGTON HWY,33.764201,-84.251553,85.0,84.5,Good,Good,True,False,2833.2,0.0,5,1.5,3,3,0
904690,COVINGTON DR @ LA COSTA DR,33.76201,-84.256393,24.6,38.6,Poor,Poor,False,False,1433.1,0.0,1,148.0,4,4,0
904691,COVINGTON DR @ 3246,33.76163,-84.254154,18.1,30.0,Poor,Poor,False,False,1450.3,0.0,0,187.3,2,2,0
904692,MIDWAY RD @ COVINGTON DR,33.761507,-84.251633,58.4,55.4,Moderate,Moderate,True,False,1473.8,0.0,0,1.2,1,1,0
904571,MIDWAY RD @ LARK LN,33.760281,-84.251549,13.3,27.1,No Infrastructure,Poor,False,False,1067.2,0.0,0,127.2,1,1,0
904572,MIDWAY RD @ CRESCENTWOOD LN,33.759531,-84.251652,7.5,14.1,No Infrastructure,No Infrastructure,False,False,597.4,0.0,0,210.1,1,1,0
904573,MIDWAY RD @ BEECH DR,33.758449,-84.251668,1.4,3.1,No Infrastructure,No Infrastructure,False,False,115.8,0.0,0,330.2,0,0,0
904574,MIDWAY RD @ BEECH DR,33.758122,-84.251589,1.0,2.2,No Infrastructure,No Infrastructure,False,False,79.3,0.0,0,366.5,0,0,0
904693,PEACHCREST RD @ BENNINGTON DR,33.756634,-84.251447,0.0,0.0,No Infrastructure,No Infrastructure,False,False,0.0,0.0,0,,0,0,0
904694,MIDWAY RD @ PEACHCREST RD,33.757598,-84.251692,0.0,0.0,No Infrastructure,No Infrastructure,False,False,0.0,0.0,0,,0,0,0
904695,E PONCE DE LEON AVE @ 2995,33.784429,-84.271585,49.5,43.1,Moderate,Moderate,True,False,762.0,0.0,0,0.7,0,0,0
904465,E PONCE DE LEON AVE @ 2942,33.782917,-84.273098,60.7,55.2,Moderate,Moderate,True,False,1119.3,0.0,1,3.7,0,0,0
904466,E PONCE DE LEON AVE @ DEKALB INDUSTRIAL WAY,33.78153,-84.27427,57.4,51.5,Moderate,Moderate,True,False,855.6,0.0,1,0.5,0,0,0
904467,E PONCE DE LEON AVE @ 2818,33.779541,-84.275978,11.5,18.3,No Infrastructure,Poor,False,False,917.9,0.0,0,258.9,0,0,0
904379,KENSINGTON RD @ MEMORIAL DR,33.772311,-84.24822,85.0,84.4,Good,Good,True,False,2996.1,0.0,10,2.2,2,2,0
904381,COVINGTON HWY @ MEMORIAL DR,33.766922,-84.251297,85.0,87.8,Good,Good,True,False,2962.3,187.6,13,2.5,7,7,0
904468,COVINGTON HWY @ E CLUBHOUSE CIR,33.763738,-84.250665,84.7,84.1,Good,Good,True,False,1972.3,0.0,5,1.4,2,2,0
904470,COVINGTON HWY @ BEECH DR,33.761483,-84.247301,79.0,73.8,Good,Good,True,False,1519.8,0.0,5,9.8,4,4,0
904471,COVINGTON HWY @ BEECH DR,33.761536,-84.247138,79.2,76.0,Good,Good,True,False,1539.4,0.0,5,3.1,4,4,0
904416,COVINGTON HWY @ RICHARD RD,33.761106,-84.245986,79.3,74.8,Good,Good,True,False,1541.7,0.0,7,7.5,4,4,0
904417,COVINGTON HWY @ RICHARD RD,33.760837,-84.244954,79.7,75.0,Good,Good,True,False,1577.4,0.0,6,9.2,2,2,0
904418,COVINGTON HWY @ WESTON DR,33.760469,-84.243573,81.6,77.3,Good,Good,True,False,1728.9,0.0,5,10.2,1,1,0
904419,COVINGTON HWY @ PORTER RD,33.7608,-84.24425,80.3,78.1,Good,Good,True,False,1625.0,0.0,6,1.3,0,0,0
901202,COVINGTON HWY @ CANAL ST,33.759942,-84.242209,82.0,80.8,Good,Good,True,False,1759.4,0.0,6,0.1,5,5,0
901275,COVINGTON HWY @ DOVE VALLEY RD,33.76044,-84.24284,81.6,79.2,Good,Good,True,False,1724.7,0.0,5,3.2,3,3,0
901308,DEKALB INDUSTRIAL WAY @ N ARCADIA AVE,33.783643,-84.276436,60.9,56.5,Moderate,Moderate,True,False,1669.8,0.0,0,9.4,1,1,0
901197,N ARCADIA AVE @ COALTER WAY,33.782543,-84.277111,20.4,37.2,Poor,Poor,False,False,1630.6,0.0,0,123.9,1,1,0
901198,N ARCADIA AVE @ WINN WAY,33.779396,-84.279199,68.6,66.5,Moderate,Moderate,True,False,1751.3,0.0,1,2.8,0,0,0
901311,COVINGTON RD @ STRATFORD GRN,33.774188,-84.259506,78.3,78.1,Good,Good,True,False,3231.6,0.0,2,0.7,2,2,0
901312,MEMORIAL DR @ KENSINGTON RD,33.772984,-84.248672,85.0,84.8,Good,Good,True,False,3219.2,0.0,10,0.7,2,2,0
901201,MEMORIAL DR @ MOUNTAIN DR,33.774229,-84.247756,85.0,82.0,Good,Good,True,False,2591.3,0.0,9,10.6,0,0,0
901203,MEMORIAL DR @ CAMP RD,33.776458,-84.244387,85.0,84.3,Good,Good,True,False,3147.6,0.0,10,2.4,1,1,0
901313,S COLUMBIA DR @ CARTER RD,33.759445,-84.275728,59.4,62.8,Moderate,Moderate,True,False,1552.4,261.3,0,13.5,0,0,0
901314,COLUMBIA DR @ RUSSELL DR,33.759135,-84.275093,65.0,73.1,Moderate,Good,True,False,2033.7,452.2,0,1.2,0,0,0
900715,COLUMBIA DR @ FORREST BLVD,33.75722,-84.27184,100.0,92.0,Good,Good,True,True,3491.2,402.7,3,2.0,0,0,0
900716,COLUMBIA DR @ MIDWAY RD,33.755954,-84.269374,85.0,88.1,Good,Good,True,False,4537.9,201.8,12,2.2,5,5,0
900718,S COLUMBIA DR @ CLARENDON AVE,33.756502,-84.270767,85.0,86.4,Good,Good,True,False,4244.7,315.3,6,16.2,0,0,0
901408,MEMORIAL DR @ MOUNTAIN DR,33.773979,-84.248213,85.0,83.4,Good,Good,True,False,2759.1,0.0,10,5.4,0,0,0
901409,MEMORIAL DR @ NOTTINGHAM DR,33.767006,-84.252861,85.0,90.9,Good,Good,True,False,3062.4,334.1,11,1.4,4,4,0
901411,KENSINGTON RD @ COVINGTON HWY,33.771789,-84.254411,85.0,85.6,Good,Good,True,False,3680.3,35.2,4,0.4,1,1,0
900719,COVINGTON RD @ STRATFORD GRN,33.774255,-84.259023,78.3,77.9,Good,Good,True,False,3100.5,0.0,2,1.3,2,2,0
900722,COVINGTON RD @ S AVONDALE PLZ,33.77566,-84.265248,78.3,78.0,Good,Good,True,False,5340.1,0.0,2,1.0,0,0,0
901020,NORTHERN AVE @ MEMORIAL DR,33.777932,-84.244001,85.0,84.6,Good,Good,True,False,2469.8,0.0,12,1.3,1,1,0
901021,NORTHERN AVE @ 260 (BLDG 10),33.780332,-84.245042,5.5,9.6,No Infrastructure,No Infrastructure,False,False,438.9,0.0,0,276.0,0,0,0
901023,NORTHERN AVE @ 281,33.781784,-84.247375,0.0,0.0,No Infrastructure,No Infrastructure,False,False,0.0,0.0,0,,0,0,0
901024,NORTHERN AVE @ ROCKBRIDGE RD,33.783043,-84.248474,0.1,0.6,No Infrastructure,No Infrastructure,False,False,4.3,0.0,0,396.6,0,0,0
901109,ROCKBRIDGE RD @ WILLOW RIDGE WAY,33.78318,-84.247258,4.0,7.0,No Infrastructure,No Infrastructure,False,False,318.3,0.0,0,304.2,0,0,0
901111,ROCKBRIDGE RD @ WILLOW RIDGE WAY,33.783269,-84.247149,4.8,8.4,No Infrastructure,No Infrastructure,False,False,383.3,0.0,0,290.1,0,0,0
901112,NORTHERN AVE @ 280,33.781775,-84.247683,0.0,0.0,No Infrastructure,No Infrastructure,False,False,0.0,0.0,0,,0,0,0
901025,NORTHERN AVE @ 260 (BLDG 20),33.781416,-84.246792,0.0,0.0,No Infrastructure,No Infrastructure,False,False,0.0,0.0,0,,0,0,0
901026,NORTHERN AVE @ 260 (BLDG 10)),33.780421,-84.245249,4.4,7.8,No Infrastructure,No Infrastructure,False,False,354.4,0.0,0,292.4,0,0,0
901058,MEMORIAL DR @ COVINGTON DR,33.762547,-84.258293,72.8,70.5,Good,Good,True,False,1561.1,0.0,2,0.6,4,4,0
901113,MEMORIAL DR @ 3850,33.760582,-84.260452,66.0,62.2,Moderate,Moderate,True,False,1542.8,0.0,1,5.0,0,0,0
901114,MEMORIAL DR @ BOBBIE LN,33.759138,-84.262079,80.4,76.7,Good,Good,True,False,1628.5,0.0,4,6.0,3,3,0
901221,MEMORIAL DR @ BEECH DR,33.758472,-84.262848,83.3,80.4,Good,Good,True,False,1860.3,0.0,4,7.5,3,3,0
901215,MEMORIAL DR @ MIDWAY RD,33.755982,-84.265652,85.0,84.1,Good,Good,True,False,3179.0,0.0,8,3.0,0,0,0
901216,MEMORIAL DR @ BEECH DR,33.758333,-84.262862,83.2,80.4,Good,Good,True,False,1856.4,0.0,4,7.4,3,3,0
901217,MEMORIAL DR @ BOBBIE LN,33.759012,-84.262079,80.5,77.4,Good,Good,True,False,1643.3,0.0,4,4.7,3,3,0
901222,MEMORIAL DR @ 3850,33.760445,-84.260231,65.9,61.6,Moderate,Moderate,True,False,1540.6,0.0,1,7.1,0,0,0
901223,MEMORIAL DR @ COVINGTON DR,33.762482,-84.25809,72.9,70.3,Good,Good,True,False,1561.5,0.0,2,1.4,4,4,0
901276,KENSINGTON RD @ 3560,33.771708,-84.245128,64.1,62.7,Moderate,Moderate,True,False,1929.5,0.0,0,3.6,0,0,0
901277,N ARCADIA AVE @ GRAYSON PL,33.780207,-84.278276,26.9,46.5,Poor,Moderate,False,False,1614.8,0.0,1,95.5,0,0,0
901278,COVINGTON HWY @ 3597,33.76315,-84.250398,83.9,81.5,Good,Good,True,False,1912.6,0.0,3,6.9,1,1,0
901280,MIDWAY RD @ LARK LN,33.760431,-84.251654,13.7,29.1,No Infrastructure,Poor,False,False,1094.2,0.0,0,110.3,1,1,0
901429,PEACHCREST RD @ COLUMBIA TRCE,33.744139,-84.25319,71.0,61.8,Good,Moderate,True,False,877.5,0.0,3,12.5,0,0,0
901431,MEMORIAL DR @ 3982,33.765139,-84.25505,71.7,79.4,Good,Good,True,False,2394.3,433.6,1,1.4,0,0,0
901424,COVINGTON DR @ MEMORIAL DR,33.762581,-84.257879,72.8,68.1,Good,Moderate,True,False,1560.5,0.0,2,8.9,4,4,0
901426,MEMORIAL DR @ KENSINGTON RD,33.772229,-84.249431,85.0,83.2,Good,Good,True,False,3964.1,0.0,11,6.1,3,3,0
900687,KENSINGTON RD @ 3560,33.77121,-84.243584,77.8,71.5,Good,Good,True,False,1426.7,0.0,3,12.2,0,0,0
900741,KENSINGTON RD @ CAMP RD,33.771079,-84.242015,80.4,78.5,Good,Good,True,False,1635.8,0.0,5,0.3,0,0,0
900742,KENSINGTON RD @ PORTER RD,33.770994,-84.241659,79.9,77.3,Good,Good,True,False,1592.7,0.0,5,1.9,0,0,0
903304,KENSINGTON RD @ CAMP RD,33.771605,-84.240076,80.4,78.5,Good,Good,True,False,1631.9,0.0,5,0.1,0,0,0
903305,COVINGTON HWY @ CANAL ST,33.759918,-84.2416,81.7,79.0,Good,Good,True,False,1735.9,0.0,6,4.6,7,7,0
903327,COVINGTON HWY @ REDAN RD,33.759035,-84.240781,79.6,75.3,Good,Good,True,False,1565.6,0.0,4,7.1,7,7,0
903328,COVINGTON HWY @ REDAN RD,33.758543,-84.240086,77.2,73.8,Good,Good,True,False,1378.0,0.0,3,1.0,6,6,0
903359,MEMORIAL DR @ NORTHERN AVE,33.776903,-84.244361,85.0,84.0,Good,Good,True,False,2960.8,0.0,10,3.4,1,1,0
903385,ROCKBRIDGE RD @ 3656,33.78234,-84.24122,5.0,8.2,No Infrastructure,No Infrastructure,False,False,397.0,0.0,0,319.7,0,0,0
903388,ROCKBRIDGE RD @ 3672,33.782323,-84.240693,6.3,10.5,No Infrastructure,No Infrastructure,False,False,500.6,0.0,0,287.6,0,0,0
900859,MORELAND AVE NE @ WADE ST NE,33.756601,-84.349239,85.0,83.4,Good,Good,True,False,5905.6,0.0,13,5.3,0,0,0
900952,SEABOARD AVE NE @ BRANTLEY ST NE,33.758418,-84.349892,85.0,83.7,Good,Good,True,False,5525.0,0.0,21,4.4,2,2,0
900954,MORELAND AVE NE @ BOULEVARD DR NE,33.753722,-84.349315,85.0,84.9,Good,Good,True,False,6639.0,0.0,11,0.2,1,1,0
901100,MORELAND AVE NE @ WYLIE ST SE,33.752185,-84.34931,85.0,86.3,Good,Good,True,False,6500.6,108.4,11,2.6,1,1,0
901045,MORELAND AVE SE @ KIRKWOOD AVE SE,33.749798,-84.349318,85.0,90.9,Good,Good,True,False,5772.3,340.0,12,1.4,0,0,0
901047,MORELAND AVE SE @ MEMORIAL DR SE,33.74778,-84.34935,85.0,87.9,Good,Good,True,False,4414.3,188.0,18,2.3,1,1,0
901101,MORELAND AVE SE @ FAITH AVE SE,33.743426,-84.349323,85.0,84.9,Good,Good,True,False,3566.2,0.0,14,0.3,1,1,0
104012,MORELAND AVE SE @ SANDERS AVE SE,33.741948,-84.349267,85.0,82.7,Good,Good,True,False,5004.7,0.0,16,8.1,2,2,0
104013,MORELAND AVE SE @ GLENWOOD AVE,33.740623,-84.349403,85.0,84.3,Good,Good,True,False,5621.4,0.0,12,2.3,2,2,0
104436,MEMORIAL DR SE @ VENICE DR,33.747217,-84.286047,66.5,62.8,Moderate,Moderate,True,False,1585.4,0.0,1,5.7,0,0,0
105002,FLAT SHOALS AVE SE @ MAY AVE SE,33.739058,-84.344049,85.0,83.9,Good,Good,True,False,3532.0,0.0,13,3.8,1,1,0
105004,FLAT SHOALS AVE SE @ MILTON PL SE,33.736149,-84.341777,85.0,83.4,Good,Good,True,False,2832.9,0.0,6,5.3,0,0,0
105006,FLAT SHOALS AVE SE @ EAST SIDE AVE,33.733852,-84.34021,85.0,84.6,Good,Good,True,False,2135.5,0.0,5,1.5,0,0,0
105016,FLAT SHOALS RD SE @ LEAH LN SE,33.729303,-84.328669,0.0,0.0,No Infrastructure,No Infrastructure,False,False,0.0,0.0,0,,0,0,0
105018,FLAT SHOALS RD SE @ 1909,33.727647,-84.325332,6.7,6.7,No Infrastructure,No Infrastructure,False,False,0.0,0.0,1,,0,0,0
105038,GLENWOOD AVE SE @ MAYNARD TER SE,33.739963,-84.334886,85.0,84.8,Good,Good,True,False,2205.3,0.0,7,0.8,1,1,0
105040,GLENWOOD AVE SE @ CLIFTON ST SE,33.739919,-84.33231,85.0,84.3,Good,Good,True,False,2624.8,0.0,6,2.5,0,0,0
105042,GLENWOOD AVE SE @ WINTHROP DR SE,33.739874,-84.330647,84.1,82.9,Good,Good,True,False,1928.6,0.0,11,3.0,0,0,0
105044,GLENWOOD AVE SE @ HOWARD ST SE,33.73972,-84.32632,68.2,61.0,Moderate,Moderate,True,False,652.0,0.0,14,1.4,1,1,0
105074,GLENWOOD AVE SE @ WINTHROP DR SE,33.739928,-84.330071,82.2,79.2,Good,Good,True,False,1772.5,0.0,10,6.4,0,0,0
105075,GLENWOOD AVE SE @ CLIFTON ST SE,33.73999,-84.33256,85.0,83.8,Good,Good,True,False,2637.9,0.0,5,4.1,0,0,0
105076,GLENWOOD AVE SE @ MAYNARD TER SE,33.740035,-84.334778,85.0,83.8,Good,Good,True,False,2273.0,0.0,7,3.9,1,1,0
105094,FLAT SHOALS RD SE @ 1930,33.72776,-84.325432,6.7,6.7,No Infrastructure,No Infrastructure,False,False,0.0,0.0,1,,0,0,0
105096,FLAT SHOALS RD SE @ HILLBURN DR SE,33.728766,-84.326887,0.0,0.0,No Infrastructure,No Infrastructure,False,False,0.0,0.0,0,,0,0,0
105098,FLAT SHOALS RD SE @ LEAH LN SE,33.729249,-84.32831,0.0,0.0,No Infrastructure,No Infrastructure,False,False,0.0,0.0,0,,0,0,0
105107,FLAT SHOALS RD SE @ HILLBURN DR SE,33.728712,-84.327234,0.0,0.0,No Infrastructure,No Infrastructure,False,False,0.0,0.0,0,,0,0,0
105118,FLAT SHOALS AVE SE @ EAST SIDE AVE,33.733804,-84.339994,85.0,83.9,Good,Good,True,False,2092.1,0.0,5,3.8,0,0,0
105120,FLAT SHOALS AVE SE @ VAN EPPS AVE SE,33.736749,-84.342005,85.0,85.0,Good,Good,True,False,3005.8,0.0,8,0.1,0,0,0
105122,FLAT SHOALS AVE SE @ NEWTON AVE SE,33.737617,-84.342476,85.0,84.9,Good,Good,True,False,2844.7,0.0,9,0.4,0,0,0
105124,BOULDERCREST DR SE @ PIPER CIR SE,33.72686,-84.33315,0.0,0.0,No Infrastructure,No Infrastructure,False,False,0.0,0.0,0,,0,0,0
105126,BOULDERCREST DR SE @ STALLINGS AVE SE,33.727843,-84.333635,0.1,0.8,No Infrastructure,No Infrastructure,False,False,11.7,0.0,0,394.6,0,0,0
105130,BOULDERCREST DR SE @ FLAT SHOALS RD SE,33.730574,-84.336178,67.6,57.4,Moderate,Moderate,True,False,605.2,0.0,5,11.3,0,0,0
105152,FLAT SHOALS AVE SE @ NEWTON AVE SE,33.738065,-84.342842,85.0,83.5,Good,Good,True,False,2894.4,0.0,7,5.0,0,0,0
105158,FLAT SHOALS AVE SE @ CAVANAUGH AVE SE,33.731236,-84.337211,70.2,61.3,Good,Moderate,True,False,813.9,0.0,6,10.5,0,0,0
105160,BOULDERCREST DR SE @ FLAT SHOALS RD SE,33.72995,-84.33572,25.7,40.1,Poor,Moderate,False,False,459.0,0.0,5,91.3,0,0,0
105161,BOULDERCREST DR SE @ WINFIELD AVE SE,33.72902,-84.33418,2.6,5.7,No Infrastructure,No Infrastructure,False,False,205.1,0.0,0,264.3,0,0,0
105162,BOULDERCREST DR SE @ BLACK OAK DR SE,33.72911,-84.3345,2.9,6.9,No Infrastructure,No Infrastructure,False,False,233.5,0.0,0,236.2,0,0,0
105164,BOULDERCREST DR SE @ STALLINGS AVE SE,33.727795,-84.333918,0.2,1.0,No Infrastructure,No Infrastructure,False,False,17.1,0.0,0,382.6,0,0,0
105166,BOULDERCREST DR SE @ WILLOW PL SE,33.72709,-84.33357,0.0,0.0,No Infrastructure,No Infrastructure,False,False,0.0,0.0,0,,0,0,0
105218,MEMORIAL DR SE @ DOUGLAS ST SE,33.747313,-84.319886,78.3,77.5,Good,Good,True,False,4442.2,0.0,2,2.8,0,0,0
105220,MEMORIAL DR SE @ 2154,33.747295,-84.317255,71.7,70.8,Good,Good,True,False,4201.3,0.0,1,2.9,0,0,0
105222,MEMORIAL DR SE @ WATSON CIR,33.747294,-84.315429,85.0,84.1,Good,Good,True,False,4215.6,0.0,5,3.2,1,1,0
105228,MEMORIAL DR SE @ WILKINSON DR SE,33.747447,-84.328539,85.0,83.2,Good,Good,True,False,3666.4,0.0,5,6.3,2,2,0
105251,GLENWOOD AVE SE @ TERRY MILL RD SE,33.739668,-84.322115,0.8,2.0,No Infrastructure,No Infrastructure,False,False,63.3,0.0,0,356.9,1,1,0
105252,GLENWOOD AVE SE @ LOMITA RD,33.73985,-84.32074,0.0,0.0,No Infrastructure,No Infrastructure,False,False,0.0,0.0,0,,1,1,0
105254,GLENWOOD AVE SE @ LOMITA RD SE,33.740017,-84.320694,0.0,0.0,No Infrastructure,No Infrastructure,False,False,0.0,0.0,0,,1,1,0
105260,GLENWOOD AVE SE @ EVA DAVIS WAY,33.74009,-84.31417,0.0,0.0,No Infrastructure,No Infrastructure,False,False,0.0,0.0,0,,6,6,0
105264,GLENWOOD AVE SE @ EVA DAVIS WAY,33.740196,-84.313865,1.1,2.2,No Infrastructure,No Infrastructure,False,False,87.3,0.0,0,374.5,6,6,0
105339,MEMORIAL DR SE @ S HOWARD ST,33.747402,-84.32356,85.0,83.6,Good,Good,True,False,4386.4,0.0,8,4.7,0,0,0
105349,GLENWOOD AVE SE @ HOWARD ST SE,33.739838,-84.326354,68.2,60.0,Moderate,Moderate,True,False,659.4,0.0,14,5.3,1,1,0
105426,MEMORIAL DR SE @ WILKINSON DR SE,33.747371,-84.328737,85.0,84.7,Good,Good,True,False,3716.7,0.0,5,1.0,2,2,0
105428,MEMORIAL DR SE @ WARREN ST SE,33.747366,-84.326321,85.0,83.2,Good,Good,True,False,3466.2,0.0,13,6.1,0,0,0
105430,MEMORIAL DR SE @ ELEANOR ST,33.74734,-84.324859,85.0,84.4,Good,Good,True,False,3699.7,0.0,13,2.1,0,0,0
105432,FLAT SHOALS AVE SE @ MAY AVE SE,33.739058,-84.343918,85.0,82.4,Good,Good,True,False,3488.9,0.0,11,9.1,1,1,0
105448,MEMORIAL DR SE @ WARREN ST SE,33.747429,-84.326234,85.0,83.6,Good,Good,True,False,3502.5,0.0,13,4.9,0,0,0
105452,MEMORIAL DR @ PALATKA ST SE,33.747425,-84.321313,85.0,84.9,Good,Good,True,False,4455.0,0.0,4,0.2,0,0,0
105455,MEMORIAL DR SE @ DOUGLAS ST SE,33.747366,-84.319451,78.3,76.7,Good,Good,True,False,4429.7,0.0,2,5.7,0,0,0
105456,MEMORIAL DR SE @ 2154,33.747366,-84.317201,71.7,70.1,Good,Good,True,False,4272.7,0.0,1,5.3,0,0,0
105462,GLENWOOD AVE SE @ PATTERSON AVE SE,33.740079,-84.343658,85.0,86.0,Good,Good,True,False,3042.4,75.4,10,1.2,1,1,0
105464,GLENWOOD AVE @ PATTERSON AVE,33.740159,-84.343114,85.0,83.8,Good,Good,True,False,2742.1,112.1,6,11.7,0,0,0
105466,GLENWOOD AVE SE @ EASTSIDE AVE SE,33.74001,-84.34003,9.5,18.9,No Infrastructure,Poor,False,False,759.4,112.1,0,294.4,1,1,0
105468,GLENWOOD AVE SE @ EASTSIDE AVE SE,33.74014,-84.33985,7.9,17.1,No Infrastructure,Poor,False,False,631.0,121.1,0,288.9,1,1,0
105470,GLENWOOD AVE @ PASLEY AVE SE,33.740004,-84.337659,27.8,39.9,Poor,Poor,False,False,1154.4,0.0,2,155.2,0,0,0
105471,GLENWOOD AVE @ MCWILLIAMS AVE,33.739938,-84.336171,81.6,74.5,Good,Good,True,False,1728.1,0.0,6,21.2,1,1,0
105472,GLENWOOD AVE @ BLAKE AVE,33.740079,-84.338288,11.8,20.9,No Infrastructure,Poor,False,False,945.7,22.1,0,213.2,1,1,0
105474,GLENWOOD AVE SE @ FLAT SHOALS AVE SE,33.740105,-84.345593,85.0,84.5,Good,Good,True,False,4885.5,0.0,18,1.6,1,1,0
105476,FLAT SHOALS AVE @ GLENWOOD AVE,33.739864,-84.345011,85.0,83.9,Good,Good,True,False,4138.4,0.0,17,3.9,1,1,0
105478,GLENWOOD AVE SE @ FLAT SHOALS AVE SE,33.740211,-84.346367,85.0,84.6,Good,Good,True,False,5730.0,0.0,22,1.5,3,3,0
105512,GLENWOOD AVE @ MCWILLIAMS AVE,33.740062,-84.336017,83.0,80.9,Good,Good,True,False,1839.6,0.0,6,4.3,1,1,0
105517,EVA DAVIS WAY @ LAKESIDE VILLAGE DR SE,33.743794,-84.314723,9.3,21.2,No Infrastructure,Poor,False,False,747.7,0.0,0,130.5,0,0,0
105523,EVA DAVIS WAY @ HILLSIDE VILLAGE DR,33.741028,-84.314363,0.2,0.8,No Infrastructure,No Infrastructure,False,False,13.1,0.0,0,389.2,6,6,0
105572,MEMORIAL DR @ E LAKE TER,33.7474,-84.31397,85.0,84.8,Good,Good,True,False,4454.0,0.0,6,0.6,1,1,0
105574,GLENWOOD AVE SE @ BERNICE ST SE,33.740259,-84.317984,0.0,0.0,No Infrastructure,No Infrastructure,False,False,0.0,0.0,0,,0,0,0
105578,EVA DAVIS WAY SE @ MEMORIAL DR SE,33.746417,-84.314558,45.0,69.6,Moderate,Moderate,False,False,3229.7,0.0,5,72.1,1,1,0
106082,CANDLER RD @ TUPELO ST SE,33.748785,-84.292383,85.0,83.6,Good,Good,True,False,3283.2,0.0,5,4.8,2,2,0
106084,CANDLER RD @ MEMORIAL DR SE,33.747263,-84.292145,85.0,81.6,Good,Good,True,False,3573.2,0.0,13,12.1,3,3,0
106086,CANDLER RD @ ALSTON DR SE,33.744775,-84.291048,85.0,82.7,Good,Good,True,False,3207.4,0.0,11,7.9,0,0,0
106088,CANDLER RD @ WHITE OAK DR,33.743214,-84.290451,83.4,83.6,Good,Good,True,False,1873.9,100.5,8,10.1,0,0,0
106090,CANDLER RD @ DAWES AVE,33.742168,-84.289925,77.6,88.4,Good,Good,True,False,1407.1,443.3,4,8.0,1,1,0
106092,CANDLER RD @ SALMON AVE SE,33.740809,-84.289137,83.7,89.4,Good,Good,True,True,1233.1,725.4,2,6.0,2,2,0
106094,CANDLER RD @ GLENWOOD RD,33.739097,-84.288408,88.9,97.6,Good,Good,True,True,1113.1,925.9,6,8.4,4,4,0
106096,CANDLER RD @ HILLSIDE AVE,33.737281,-84.287323,85.0,92.5,Good,Good,False,True,797.3,920.2,6,8.9,2,2,0
106098,CANDLER RD @ NORTHVIEW AVE,33.734537,-84.285588,0.3,15.7,No Infrastructure,Poor,False,False,21.9,245.2,0,154.8,1,1,0
106100,CANDLER RD @ MELLVILLE AVE,33.73319,-84.284478,53.6,34.7,Moderate,Poor,True,False,21.9,64.3,2,47.6,6,6,0
106102,CANDLER RD @ MCAFEE RD,33.731891,-84.283359,25.5,40.5,Poor,Moderate,False,False,971.3,0.0,2,108.2,6,6,0
106104,CANDLER RD @ TILSON RD,33.729867,-84.281719,74.9,62.6,Good,Moderate,True,False,1188.9,0.0,8,31.8,1,1,0
106106,CANDLER RD @ RALEIGH RUCKER WAY,33.727405,-84.279992,69.8,57.6,Moderate,Moderate,True,False,782.8,0.0,7,22.9,2,2,0
106108,CANDLER RD @ TILSON RD,33.7299,-84.28149,74.2,61.5,Good,Moderate,True,False,1136.3,0.0,8,32.9,1,1,0
106110,CANDLER RD @ MCAFEE RD,33.732321,-84.283587,23.2,43.8,Poor,Moderate,False,False,789.5,0.0,2,58.7,6,6,0
106112,CANDLER RD @ MELLVILLE AVE,33.73368,-84.28463,13.6,28.8,No Infrastructure,Poor,False,False,21.9,118.7,2,102.5,0,0,0
106114,CANDLER RD @ NORTHVIEW AVE,33.734444,-84.285278,0.3,13.5,No Infrastructure,No Infrastructure,False,False,21.9,222.2,0,178.0,1,1,0
106116,CANDLER RD @ HILLSIDE AVE,33.736988,-84.286934,72.1,78.9,Good,Good,False,True,832.6,875.9,1,9.4,0,0,0
106118,CANDLER RD @ GLENWOOD RD,33.739457,-84.2883,89.8,98.7,Good,Good,False,True,1186.0,894.0,6,4.5,4,4,0
106120,CANDLER RD @ EASTWOOD DR,33.740746,-84.288995,83.8,90.7,Good,Good,True,True,1239.3,737.1,2,3.6,2,2,0
106122,CANDLER RD @ AMELIA AVE,33.74167,-84.28935,77.7,96.4,Good,Good,True,False,1418.9,613.8,3,0.3,2,2,0
106124,CANDLER RD @ WHITE OAK DR,33.742948,-84.290027,82.4,84.2,Good,Good,True,False,1790.7,143.4,4,8.2,0,0,0
106126,CANDLER RD @ ALSTON DR,33.74445,-84.29069,85.0,84.6,Good,Good,True,False,3049.3,0.0,12,1.2,0,0,0
106128,CANDLER RD @ 240,33.74558,-84.29126,85.0,84.9,Good,Good,True,False,3435.5,0.0,18,0.4,2,2,0
106130,CANDLER RD @ TUPELO ST,33.748078,-84.292166,85.0,84.7,Good,Good,True,False,3300.9,0.0,8,1.1,3,3,0
106132,CANDLER RD @ CHEVELLE LN NE,33.751533,-84.292219,84.2,83.2,Good,Good,True,False,1934.8,0.0,8,2.3,0,0,0
106134,CANDLER RD @ CANDLER PKWY,33.72856,-84.280709,72.7,65.6,Good,Moderate,True,False,1013.9,0.0,13,7.3,3,3,0
106136,CANDLER RD @ OAKLAND TER,33.72809,-84.28021,71.2,65.2,Good,Moderate,True,False,897.0,0.0,13,1.7,3,3,0
106150,MEMORIAL DR SE @ 2ND AVE SE,33.747231,-84.30894,85.0,84.8,Good,Good,True,False,4339.4,0.0,5,0.7,0,0,0
106154,MEMORIAL DR SE @ COTTAGE GROVE AVE SE,33.747201,-84.306779,85.0,84.5,Good,Good,True,False,4287.0,0.0,9,1.5,0,0,0
106156,MEMORIAL DR SE @ CARTER AVE SE,33.747184,-84.305267,85.0,84.4,Good,Good,True,False,3931.4,0.0,9,2.0,0,0,0
106158,MEMORIAL DR SE @ GREEN AVE SE,33.747149,-84.301461,85.0,83.5,Good,Good,True,False,5059.0,0.0,9,5.2,0,0,0
106160,MEMORIAL DR SE @ DANIEL AVE SE,33.747131,-84.299276,85.0,84.3,Good,Good,True,False,4399.5,0.0,6,2.2,1,1,0
106162,MEMORIAL DR SE @ DANIEL AVE SE,33.747104,-84.298385,85.0,84.6,Good,Good,True,False,3794.5,0.0,7,1.2,1,1,0
106164,MEMORIAL DR SE @ SPENCE AVE SE,33.747076,-84.296265,85.0,84.1,Good,Good,True,False,2881.6,0.0,5,3.1,1,1,0
106166,MEMORIAL DR SE @ OAKRIDGE AVE SE,33.747053,-84.294226,85.0,84.7,Good,Good,True,False,3374.1,0.0,7,0.9,1,1,0
106168,MEMORIAL DR SE @ CANDLER RD SE,33.747,-84.291039,85.0,84.8,Good,Good,True,False,3532.0,0.0,16,0.7,2,2,0
106170,MEMORIAL DR @ RICHARD ALLEN DR,33.74703,-84.289123,85.0,84.7,Good,Good,True,False,3233.2,0.0,7,0.9,1,1,0
106172,MEMORIAL DR @ VENICE DR,33.747136,-84.28609,66.5,63.6,Moderate,Moderate,True,False,1582.9,0.0,1,2.6,0,0,0
106174,MEMORIAL DR @ DELANO DR,33.74747,-84.283107,84.7,84.6,Good,Good,True,False,1976.6,0.0,3,0.0,0,0,0
106176,MEMORIAL DR @ LINE ST,33.748163,-84.280274,85.0,82.1,Good,Good,True,False,2095.7,0.0,6,10.0,0,0,0
106178,GLENWOOD AVE SE @ 2ND AVE SE,33.740008,-84.309756,65.2,51.7,Moderate,Moderate,True,False,418.7,0.0,4,20.6,1,1,0
106180,GLENWOOD AVE SE @ 2ND AVE SE,33.74007,-84.309637,65.3,53.6,Moderate,Moderate,True,False,425.3,0.0,4,13.6,1,1,0
106182,GLENWOOD AVE SE @ SUMMIT DR,33.739998,-84.306495,3.6,6.9,No Infrastructure,No Infrastructure,False,False,291.8,0.0,0,284.1,0,0,0
106184,GLENWOOD AVE SE @ SUMMIT DR,33.739906,-84.306665,3.7,7.2,No Infrastructure,No Infrastructure,False,False,297.9,0.0,0,269.3,0,0,0
106186,GLENWOOD AVE SE @ CARTER AVE SE,33.73989,-84.304919,0.0,0.0,No Infrastructure,No Infrastructure,False,False,0.0,0.0,0,,0,0,0
106188,GLENWOOD AVE SE @ CARTER AVE SE,33.740093,-84.305435,1.2,2.4,No Infrastructure,No Infrastructure,False,False,97.2,0.0,0,381.8,0,0,0
106190,GLENWOOD AVE SE @ PARKER AVE,33.739791,-84.300463,0.0,0.0,No Infrastructure,No Infrastructure,False,False,0.0,0.0,0,,0,0,0
106196,GLENWOOD AVE SE @ QUILLIAN AVE,33.73971,-84.29717,0.0,0.0,No Infrastructure,No Infrastructure,False,False,0.0,0.0,0,,0,0,0
106198,GLENWOOD AVE SE @ QUILLIAN AVE,33.739845,-84.297623,0.0,0.0,No Infrastructure,No Infrastructure,False,False,0.0,0.0,0,,0,0,0
106200,GLENWOOD AVE SE @ ALLENDALE DR SE,33.739289,-84.294985,0.0,0.0,No Infrastructure,No Infrastructure,False,False,0.0,0.0,0,,0,0,0
106202,GLENWOOD AVE SE @ ALLENDALE DR SE,33.739426,-84.295128,0.0,0.0,No Infrastructure,No Infrastructure,False,False,0.0,0.0,0,,0,0,0
106204,GLENWOOD AVE SE @ ASHBURTON AVE,33.739011,-84.293877,0.0,1.6,No Infrastructure,No Infrastructure,False,False,0.0,24.8,0,374.9,0,0,0
106206,GLENWOOD AVE SE @ ASHBURTON AVE,33.73906,-84.29332,0.0,3.9,No Infrastructure,No Infrastructure,False,False,0.0,75.9,0,323.7,0,0,0
106208,GLENWOOD AVE SE @ HOOPER ST SE,33.738929,-84.291083,7.9,47.8,No Infrastructure,Moderate,False,False,633.9,752.3,0,115.8,0,0,0
106210,GLENWOOD AVE SE @ HOOPER ST SE,33.738853,-84.291556,6.1,40.1,No Infrastructure,Moderate,False,False,488.5,703.2,0,159.3,0,0,0
106212,GLENWOOD RD @ MORGAN PL SE,33.738875,-84.289475,86.6,95.7,Good,Good,False,True,926.7,889.2,5,3.5,3,3,0
106216,GLENWOOD RD @ MORGAN PL SE,33.738729,-84.288792,87.5,96.2,Good,Good,True,True,1001.7,941.0,6,9.6,3,3,0
106218,GLENWOOD RD @ CANDLER RD,33.738666,-84.287145,89.2,99.9,Good,Good,True,True,1139.3,941.0,8,0.4,2,2,0
106222,GLENWOOD RD @ OLD HICKORY ST,33.738573,-84.283673,77.2,88.6,Good,Good,True,False,1377.2,412.1,6,1.3,0,0,0
106226,GLENWOOD RD @ LINE ST,33.738463,-84.280025,71.1,55.3,Good,Moderate,True,False,890.2,0.0,7,41.9,0,0,0
106228,GLENWOOD RD @ THOMAS ST,33.738525,-84.277359,4.7,8.3,No Infrastructure,No Infrastructure,False,False,374.9,0.0,0,287.2,0,0,0
106230,GLENWOOD RD @ LINE ST,33.738622,-84.280731,72.9,67.7,Good,Moderate,True,False,1032.4,0.0,7,1.3,0,0,0
106234,GLENWOOD RD @ OLD HICKORY ST,33.738699,-84.283234,77.0,73.3,Good,Good,True,False,1359.8,0.0,6,1.5,0,0,0
106238,GLENWOOD RD @ CANDLER RD,33.738859,-84.287846,89.1,99.3,Good,Good,True,True,1131.2,941.0,7,2.4,3,3,0
106294,2ND AVE @ HOSEA L WILLIAMS DR,33.750785,-84.309798,85.0,84.6,Good,Good,True,False,6783.3,0.0,8,1.2,0,0,0
106296,2ND AVE SE @ COTTAGE GROVE AVE,33.749478,-84.309809,85.0,84.7,Good,Good,True,False,5883.0,0.0,7,0.9,0,0,0
106298,2ND AVE SE @ MEMORIAL DR SE,33.747347,-84.309787,85.0,83.8,Good,Good,True,False,4263.1,0.0,10,4.1,0,0,0
106308,2ND AVE @ SWAZEY DR,33.738987,-84.309853,23.8,33.3,Poor,Poor,False,False,304.7,0.0,4,132.9,1,1,0
106310,2ND AVE @ 1900,33.736534,-84.309692,0.0,0.0,No Infrastructure,No Infrastructure,False,False,0.0,0.0,0,,0,0,0
106312,2ND AVE @ KHALIL DR,33.734315,-84.309812,0.0,0.0,No Infrastructure,No Infrastructure,False,False,0.0,0.0,0,,0,0,0
106316,2ND AVE @ LILAC LN,33.731531,-84.309649,0.0,0.0,No Infrastructure,No Infrastructure,False,False,0.0,0.0,0,,0,0,0
106342,2ND AVE @ CAMELLIA DR,33.728633,-84.308827,0.0,0.0,No Infrastructure,No Infrastructure,False,False,0.0,0.0,0,,0,0,0
106346,2ND AVE @ MCAFEE RD,33.731987,-84.309595,0.0,0.0,No Infrastructure,No Infrastructure,False,False,0.0,0.0,0,,0,0,0
106350,2ND AVE @ COGAR DR,33.734383,-84.309448,0.0,0.0,No Infrastructure,No Infrastructure,False,False,0.0,0.0,0,,0,0,0
106352,2ND AVE @ 1900,33.736485,-84.309433,0.0,0.0,No Infrastructure,No Infrastructure,False,False,0.0,0.0,0,,0,0,0
106354,2ND AVE @ SWAZEY DR,33.738924,-84.30968,23.7,32.7,Poor,Poor,False,False,298.3,0.0,4,138.8,1,1,0
106366,2ND AVE SE @ 90,33.749272,-84.309689,85.0,84.4,Good,Good,True,False,5737.3,0.0,7,2.2,0,0,0
106390,CANDLER ST @ CANDLER DR,33.755059,-84.291718,85.0,84.1,Good,Good,True,False,2599.6,0.0,10,3.0,1,1,0
106392,S CANDLER ST @ OVERLOOK BLUFF,33.756223,-84.291402,85.0,84.9,Good,Good,True,False,2733.7,0.0,11,0.3,2,2,0
106394,CANDLER ST @ E PHARR RD,33.753878,-84.291914,85.0,84.4,Good,Good,True,False,2310.3,0.0,4,1.9,1,1,0
106396,S CANDLER ST @ CANDLER DR,33.754496,-84.291707,85.0,84.4,Good,Good,True,False,2490.3,0.0,8,1.9,1,1,0
106398,S CANDLER ST @ E PHARR RD,33.753296,-84.291936,85.0,84.3,Good,Good,True,False,2228.2,0.0,8,2.5,1,1,0
106400,CANDLER RD @ HOSEA L WILLIAMS DR,33.751678,-84.292442,84.6,84.0,Good,Good,True,False,1967.1,0.0,9,1.3,0,0,0
106402,2ND AVE @ GORDON ST,33.753857,-84.309601,85.0,83.0,Good,Good,True,False,6301.8,0.0,19,6.9,0,0,0
106404,2ND AVE @ 351,33.7551,-84.31045,85.0,84.6,Good,Good,True,False,5516.0,0.0,16,1.3,0,0,0
106406,2ND AVE @ OAKVIEW RD,33.754222,-84.309985,85.0,84.6,Good,Good,True,False,6201.6,0.0,17,1.4,0,0,0
106412,MEMORIAL DR @ CARTER AVE,33.747239,-84.30507,85.0,83.6,Good,Good,True,False,4063.1,0.0,9,4.9,0,0,0
106414,MEMORIAL DR @ LAKE DR SE,33.747158,-84.302678,85.0,83.5,Good,Good,True,False,5063.8,0.0,8,5.2,0,0,0
106416,MEMORIAL DR @ LAKE DR SE,33.747221,-84.302624,85.0,82.5,Good,Good,True,False,5112.0,0.0,8,8.8,0,0,0
106420,MEMORIAL DR SE @ DANIEL AVE,33.74736,-84.2995,85.0,80.7,Good,Good,True,False,4448.6,0.0,6,15.5,1,1,0
106422,MEMORIAL DR SE @ DANIEL AVE,33.747213,-84.298185,85.0,84.8,Good,Good,True,False,3699.2,0.0,7,0.6,1,1,0
106424,MEMORIAL DR SE @ SPENCE AVE,33.747191,-84.296033,85.0,84.9,Good,Good,True,False,3015.0,0.0,3,0.2,1,1,0
106426,MEMORIAL DR SE @ OAKRIDGE AVE SE,33.747168,-84.294047,85.0,84.8,Good,Good,True,False,3409.9,0.0,8,0.6,3,3,0
106428,MEMORIAL DR SE @ 1ST AVE,33.747339,-84.311157,85.0,83.1,Good,Good,True,False,4509.7,0.0,11,6.4,0,0,0
106433,MEMORIAL DR SE @ CANDLER RD SE,33.747189,-84.29135,85.0,84.2,Good,Good,True,False,3538.8,0.0,16,2.9,2,2,0
106434,MEMORIAL DR SE @ ELLINGTON ST,33.747246,-84.289169,85.0,82.8,Good,Good,True,False,3249.1,0.0,6,7.7,1,1,0
106438,MEMORIAL DR SE @ DELANO DR,33.747502,-84.283644,77.0,75.2,Good,Good,True,False,1890.3,0.0,2,4.1,0,0,0
106440,MEMORIAL DR SE @ WOODFERN DR,33.7482,-84.280771,85.0,84.9,Good,Good,True,False,2089.4,0.0,6,0.2,0,0,0
106444,GLENWOOD AVE SE @ PARKER AVE,33.739902,-84.300262,0.0,0.0,No Infrastructure,No Infrastructure,False,False,0.0,0.0,0,,0,0,0
106464,2ND AVE @ CAMELLIA DR,33.728789,-84.309067,0.0,0.0,No Infrastructure,No Infrastructure,False,False,0.0,0.0,0,,0,0,0
106478,GLENWOOD AVE @ FAYETTEVILLE RD,33.74002,-84.31207,4.4,9.8,No Infrastructure,No Infrastructure,False,False,350.4,0.0,0,208.9,7,7,0
107050,MEMORIAL DR @ CARTER RD,33.749791,-84.27596,79.5,76.7,Good,Good,True,False,1562.8,0.0,9,2.2,2,2,0
107052,MEMORIAL DR @ RUPERT RD,33.750515,-84.274761,79.2,72.6,Good,Good,True,False,1532.7,0.0,9,15.0,2,2,0
107054,PEACHCREST RD @ GLENN RD,33.755237,-84.250775,0.0,0.0,No Infrastructure,No Infrastructure,False,False,0.0,0.0,0,,0,0,0
107056,PEACHCREST RD @ GLENN RD,33.755192,-84.250631,0.0,0.0,No Infrastructure,No Infrastructure,False,False,0.0,0.0,0,,0,0,0
107058,PEACHCREST RD @ ORCHARD CIR,33.753357,-84.24994,0.0,0.0,No Infrastructure,No Infrastructure,False,False,0.0,0.0,0,,0,0,0
107060,PEACHCREST RD @ MARYVALE DR,33.752136,-84.249557,0.0,0.0,No Infrastructure,No Infrastructure,False,False,0.0,0.0,0,,0,0,0
107062,PEACHCREST RD @ MARYVALE DR,33.751777,-84.249664,0.1,0.7,No Infrastructure,No Infrastructure,False,False,5.1,0.0,0,394.7,0,0,0
107064,PEACHCREST RD @ MAPLEHURST DR,33.750789,-84.249617,2.0,4.3,No Infrastructure,No Infrastructure,False,False,156.8,0.0,0,293.1,0,0,0
107066,PEACHCREST RD @ MAPLEHURST DR,33.750689,-84.24953,2.1,4.7,No Infrastructure,No Infrastructure,False,False,169.3,0.0,0,286.4,0,0,0
107068,PEACHCREST RD @ JACKSON DR,33.749608,-84.250114,3.6,11.4,No Infrastructure,No Infrastructure,False,False,285.1,0.0,0,154.9,0,0,0
107070,PEACHCREST RD @ JACKSON DR,33.74942,-84.250085,3.9,12.9,No Infrastructure,No Infrastructure,False,False,309.4,0.0,0,138.2,0,0,0
107072,PEACHCREST RD @ PINEHILL DR,33.748479,-84.250945,60.1,49.0,Moderate,Moderate,True,False,539.4,0.0,2,13.4,0,0,0
107074,PEACHCREST RD @ PINEHILL DR,33.748207,-84.2509,60.4,50.9,Moderate,Moderate,True,False,564.9,0.0,2,8.2,0,0,0
107076,PEACHCREST RD @ LONGLEAF DR,33.747323,-84.251742,68.5,58.9,Moderate,Moderate,True,False,676.1,0.0,3,10.3,0,0,0
107082,PEACHCREST RD @ COLUMBIA TRCE,33.744122,-84.253112,71.0,63.9,Good,Moderate,True,False,878.4,0.0,3,5.0,0,0,0
107084,PEACHCREST RD @ PHILLIP CIR,33.743005,-84.253142,69.7,63.5,Moderate,Moderate,True,False,777.9,0.0,4,0.5,0,0,0
107086,PEACHCREST RD @ MISTY VALLEY RD,33.741882,-84.253098,67.0,57.8,Moderate,Moderate,True,False,562.9,0.0,8,7.1,0,0,0
107088,PEACHCREST RD @ PHILLIP CIR,33.7431,-84.253242,69.8,60.5,Moderate,Moderate,True,False,785.7,0.0,4,11.4,0,0,0
107090,COLUMBIA DR @ PEACHCREST RD,33.740644,-84.253165,65.1,56.6,Moderate,Moderate,True,False,405.2,0.0,7,1.5,0,0,0
107091,COLUMBIA DR @ PEACHCREST RD,33.741248,-84.253681,65.8,51.3,Moderate,Moderate,True,False,467.2,0.0,7,25.9,0,0,0
107092,COLUMBIA DR @ 1757,33.73935,-84.252784,23.5,31.8,Poor,Poor,False,False,282.8,0.0,4,148.4,5,5,0
107094,COLUMBIA DR @ GLENWOOD RD,33.738763,-84.25229,2.6,6.8,No Infrastructure,No Infrastructure,False,False,210.7,0.0,0,225.0,5,5,0
107096,COLUMBIA DR @ GLENWOOD RD,33.737759,-84.251905,1.4,2.9,No Infrastructure,No Infrastructure,False,False,111.2,0.0,0,341.8,6,6,0
107098,COLUMBIA DR @ GLENWOOD RD,33.736918,-84.25211,0.0,0.0,No Infrastructure,No Infrastructure,False,False,0.0,0.0,0,,6,6,0
107100,COLUMBIA DR @ SPRING LAKE DR,33.73506,-84.252141,0.0,0.0,No Infrastructure,No Infrastructure,False,False,0.0,0.0,0,,1,1,0
107101,COLUMBIA DR @ ELGIN DR,33.736199,-84.25184,0.0,0.0,No Infrastructure,No Infrastructure,False,False,0.0,0.0,0,,3,3,0
107102,COLUMBIA DR @ SPRING LAKE DR,33.734586,-84.251981,0.0,0.0,No Infrastructure,No Infrastructure,False,False,0.0,0.0,0,,1,1,0
107104,COLUMBIA DR @ SNAPFINGER RD,33.73299,-84.25197,0.0,0.0,No Infrastructure,No Infrastructure,False,False,0.0,0.0,0,,2,2,0
107106,COLUMBIA DR @ WICKHAM DR,33.731838,-84.251984,0.0,0.0,No Infrastructure,No Infrastructure,False,False,0.0,0.0,0,,2,2,0
107108,COLUMBIA DR @ HOMERA PL,33.730907,-84.252064,0.0,0.0,No Infrastructure,No Infrastructure,False,False,0.0,0.0,0,,3,3,0
107110,COLUMBIA DR @ HYLAND DR,33.729897,-84.252029,0.0,0.0,No Infrastructure,No Infrastructure,False,False,0.0,0.0,0,,3,3,0
107112,COLUMBIA DR @ IRISH LN,33.728802,-84.251961,0.0,0.0,No Infrastructure,No Infrastructure,False,False,0.0,0.0,0,,1,1,0
107114,COLUMBIA DR @ IRISH LN,33.727697,-84.25185,0.0,0.0,No Infrastructure,No Infrastructure,False,False,0.0,0.0,0,,0,0,0
107116,COLUMBIA DR @ IRISH LN,33.727123,-84.251495,0.0,0.0,No Infrastructure,No Infrastructure,False,False,0.0,0.0,0,,0,0,0
107118,GLENWOOD RD @ THOMAS ST,33.738363,-84.276521,1.7,3.2,No Infrastructure,No Infrastructure,False,False,138.8,0.0,0,365.9,0,0,0
107120,GLENWOOD RD @ WELIKA DR,33.738301,-84.274367,0.0,0.0,No Infrastructure,No Infrastructure,False,False,0.0,0.0,0,,0,0,0
107122,GLENWOOD RD @ MEADOW LN,33.738214,-84.270291,6.7,6.7,No Infrastructure,No Infrastructure,False,False,0.0,0.0,1,,1,1,0
107124,GLENWOOD RD @ HILLSDALE DR,33.738131,-84.267423,6.7,6.7,No Infrastructure,No Infrastructure,False,False,0.0,0.0,1,,1,1,0
107128,GLENWOOD RD @ GLENDALE DR,33.738052,-84.263634,0.0,0.0,No Infrastructure,No Infrastructure,False,False,0.0,0.0,0,,1,1,0
107132,GLENWOOD RD @ SHAMROCK DR,33.73795,-84.25864,0.0,0.0,No Infrastructure,No Infrastructure,False,False,0.0,0.0,0,,1,1,0
107134,GLENWOOD RD @ GLENVALE PL,33.738001,-84.256759,0.0,0.0,No Infrastructure,No Infrastructure,False,False,0.0,0.0,0,,1,1,0
107136,GLENWOOD RD @ COLUMBIA PL,33.737974,-84.255444,1.2,2.5,No Infrastructure,No Infrastructure,False,False,93.9,0.0,0,352.9,2,2,0
107138,GLENWOOD RD @ S COLUMBIA PL,33.737955,-84.254542,1.6,3.5,No Infrastructure,No Infrastructure,False,False,128.7,0.0,0,315.9,3,3,0
107140,GLENWOOD RD @ COLUMBIA DR,33.737861,-84.252192,1.6,3.4,No Infrastructure,No Infrastructure,False,False,128.7,0.0,0,322.5,6,6,0
107142,GLENWOOD RD @ 4115,33.737876,-84.24996,0.0,0.0,No Infrastructure,No Infrastructure,False,False,0.0,0.0,0,,2,2,0
107146,GLENWOOD RD @ GLENMAR DR,33.73768,-84.244053,5.7,15.6,No Infrastructure,Poor,False,False,456.6,0.0,0,137.4,4,4,0
107150,GLENWOOD RD @ MISTY VALLEY RD,33.737878,-84.246042,5.7,10.0,No Infrastructure,No Infrastructure,False,False,456.6,0.0,0,269.5,1,1,0
107155,GLENWOOD RD @ 4100,33.737956,-84.24928,0.0,0.0,No Infrastructure,No Infrastructure,False,False,0.0,0.0,0,,1,1,0
107156,GLENWOOD RD @ COLUMBIA DR,33.737962,-84.251748,1.6,3.4,No Infrastructure,No Infrastructure,False,False,128.7,0.0,0,326.3,6,6,0
107158,GLENWOOD RD @ S COLUMBIA PL,33.738057,-84.254407,1.7,3.9,No Infrastructure,No Infrastructure,False,False,137.7,0.0,0,300.9,3,3,0
107160,GLENWOOD RD @ GLENVALE PL,33.738103,-84.256977,0.0,0.0,No Infrastructure,No Infrastructure,False,False,0.0,0.0,0,,1,1,0
107162,GLENWOOD RD @ DERRILL DR,33.738125,-84.258912,0.0,0.0,No Infrastructure,No Infrastructure,False,False,0.0,0.0,0,,1,1,0
107164,GLENWOOD RD @ PARKHILL DR,33.738151,-84.261297,0.0,0.0,No Infrastructure,No Infrastructure,False,False,0.0,0.0,0,,2,2,0
107166,GLENWOOD RD @ GLENDALE DR,33.738148,-84.263324,0.0,0.0,No Infrastructure,No Infrastructure,False,False,0.0,0.0,0,,1,1,0
107170,GLENWOOD RD @ SANTA CRUZ DR,33.738262,-84.267272,6.7,6.7,No Infrastructure,No Infrastructure,False,False,0.0,0.0,1,,1,1,0
107172,GLENWOOD RD @ MEADOW LN,33.738338,-84.270233,6.7,6.7,No Infrastructure,No Infrastructure,False,False,0.0,0.0,1,,1,1,0
107174,GLENWOOD RD @ WELIKA DR,33.73842,-84.273706,0.0,0.0,No Infrastructure,No Infrastructure,False,False,0.0,0.0,0,,0,0,0
107230,S COLUMBIA DR @ MIDWAY RD,33.75562,-84.269204,85.0,87.7,Good,Good,True,False,4453.9,152.9,14,0.4,5,5,0
107232,COLUMBIA DR @ MEMORIAL DR,33.754977,-84.26813,85.0,84.5,Good,Good,True,False,3918.2,0.0,15,1.7,6,6,0
107234,COLUMBIA DR @ MEMORIAL DR,33.754789,-84.267407,85.0,84.5,Good,Good,True,False,3699.9,0.0,19,1.7,6,6,0
107236,COLUMBIA DR @ COLUMBIA VILLAGE CTR,33.753674,-84.266411,85.0,83.6,Good,Good,True,False,2503.1,0.0,10,4.9,6,6,0
107238,COLUMBIA DR @ HAMILTON RD,33.752127,-84.265359,31.7,51.6,Poor,Moderate,False,False,936.5,0.0,3,68.1,2,2,0
107240,COLUMBIA DR @ ROBIN RD,33.749845,-84.263746,0.5,1.5,No Infrastructure,No Infrastructure,False,False,37.5,0.0,0,362.1,2,2,0
107246,COLUMBIA DR @ CANARY CT,33.748256,-84.262407,0.0,0.0,No Infrastructure,No Infrastructure,False,False,0.0,0.0,0,,0,0,0
107248,COLUMBIA DR @ BOBOLINK DR,33.747269,-84.261893,0.0,0.0,No Infrastructure,No Infrastructure,False,False,0.0,0.0,0,,0,0,0
107250,COLUMBIA DR @ SANTA MONICA DR,33.744949,-84.260264,0.0,0.0,No Infrastructure,No Infrastructure,False,False,0.0,0.0,0,,0,0,0
107254,COLUMBIA DR @ COLUMBIA CIR,33.743502,-84.258019,0.0,0.0,No Infrastructure,No Infrastructure,False,False,0.0,0.0,0,,0,0,0
107256,COLUMBIA DR @ MCKENZIE DR,33.743074,-84.257303,2.3,3.8,No Infrastructure,No Infrastructure,False,False,183.1,0.0,0,386.3,0,0,0
107258,COLUMBIA DR @ COLUMBIA PL,33.742298,-84.255498,6.3,12.2,No Infrastructure,No Infrastructure,False,False,500.1,0.0,0,217.4,0,0,0
107260,COLUMBIA DR @ PEACHCREST RD,33.741489,-84.253653,66.2,48.8,Moderate,Moderate,True,False,494.5,0.0,8,39.7,0,0,0
107262,SNAPFINGER RD @ COLUMBIA DR,33.733182,-84.251112,0.0,0.0,No Infrastructure,No Infrastructure,False,False,0.0,0.0,0,,1,1,0
107266,SNAPFINGER RD @ LA MESA LN,33.732462,-84.246191,0.0,0.0,No Infrastructure,No Infrastructure,False,False,0.0,0.0,0,,0,0,0
107267,SNAPFINGER RD @ GLENMAR DR,33.732027,-84.243938,0.0,0.0,No Infrastructure,No Infrastructure,False,False,0.0,0.0,0,,0,0,0
107270,COLUMBIA DR @ COLUMBIA VILLAGE CTR,33.753697,-84.266636,85.0,79.3,Good,Good,True,False,2602.3,0.0,11,21.1,6,6,0
107272,COLUMBIA DR @ HAMILTON RD,33.751943,-84.265489,29.5,46.5,Poor,Moderate,False,False,761.3,0.0,3,82.4,2,2,0
107274,COLUMBIA DR @ BELVEDERE LN,33.75018,-84.264256,1.4,3.3,No Infrastructure,No Infrastructure,False,False,111.7,0.0,0,306.9,2,2,0
107276,COLUMBIA DR @ CANARY CT,33.748455,-84.262793,0.0,0.0,No Infrastructure,No Infrastructure,False,False,0.0,0.0,0,,0,0,0
107278,COLUMBIA DR @ SANTA MONICA DR,33.744815,-84.260384,0.0,0.0,No Infrastructure,No Infrastructure,False,False,0.0,0.0,0,,0,0,0
107280,COLUMBIA DR @ DERRILL DR,33.7437,-84.258639,0.0,0.0,No Infrastructure,No Infrastructure,False,False,0.0,0.0,0,,0,0,0
107281,COLUMBIA DR @ S COLUMBIA PL,33.741963,-84.254988,26.2,34.3,Poor,Poor,False,False,497.2,0.0,6,168.4,0,0,0
107284,SNAPFINGER RD @ COLUMBIA DR,33.733126,-84.251512,0.0,0.0,No Infrastructure,No Infrastructure,False,False,0.0,0.0,0,,2,2,0
107286,SNAPFINGER RD @ HYLAND DR,33.732946,-84.24923,0.0,0.0,No Infrastructure,No Infrastructure,False,False,0.0,0.0,0,,0,0,0
107288,SNAPFINGER RD @ WILLAMETTE WAY,33.732319,-84.245946,0.0,0.0,No Infrastructure,No Infrastructure,False,False,0.0,0.0,0,,0,0,0
107290,SNAPFINGER RD @ GLENMAR DR,33.731987,-84.244266,0.0,0.0,No Infrastructure,No Infrastructure,False,False,0.0,0.0,0,,0,0,0
107294,MEMORIAL DR @ COLUMBIA DR,33.755371,-84.267212,85.0,83.8,Good,Good,True,False,3849.9,0.0,17,4.1,6,6,0
107296,MEMORIAL DR @ 3480,33.753217,-84.270606,85.0,83.9,Good,Good,True,False,2733.7,0.0,6,3.7,1,1,0
107304,MEMORIAL DR @ CARTER RD,33.750158,-84.275756,79.3,76.9,Good,Good,True,False,1541.4,0.0,9,0.4,2,2,0
107306,MEMORIAL DR @ RUPERT RD,33.750649,-84.274663,79.0,73.6,Good,Good,True,False,1518.6,0.0,9,10.6,2,2,0
107308,MEMORIAL DR @ BELVEDERE PLAZA,33.752665,-84.271056,85.0,84.7,Good,Good,True,False,2302.6,0.0,9,0.9,1,1,0
107314,PEACHCREST RD @ LONGLEAF DR,33.7472,-84.251617,68.6,60.3,Moderate,Moderate,True,False,685.1,0.0,3,6.0,0,0,0
107318,COLUMBIA DR @ MCKENZIE DR,33.742982,-84.257523,0.0,0.0,No Infrastructure,No Infrastructure,False,False,0.0,0.0,0,,0,0,0
107320,COLUMBIA DR @ SNAPFINGER RD,33.733417,-84.252207,0.0,0.0,No Infrastructure,No Infrastructure,False,False,0.0,0.0,0,,0,0,0
107322,COLUMBIA DR @ HYLAND DR,33.730118,-84.252287,0.0,0.0,No Infrastructure,No Infrastructure,False,False,0.0,0.0,0,,3,3,0
107328,GLENWOOD RD @ FARRIS DR,33.738042,-84.261669,0.0,0.0,No Infrastructure,No Infrastructure,False,False,0.0,0.0,0,,2,2,0
107332,COLUMBIA DR @ BOBOLINK DR,33.747362,-84.26234,0.0,0.0,No Infrastructure,No Infrastructure,False,False,0.0,0.0,0,,0,0,0
107334,PEACHCREST RD @ ORCHARD CIR,33.75393,-84.250222,0.0,0.0,No Infrastructure,No Infrastructure,False,False,0.0,0.0,0,,0,0,0
107336,PEACHCREST RD @ MISTY VALLEY RD,33.741948,-84.253268,67.2,57.4,Moderate,Moderate,True,False,573.1,0.0,8,9.0,0,0,0
107338,COLUMBIA DR @ MCAFEE RD,33.731643,-84.252239,0.0,0.0,No Infrastructure,No Infrastructure,False,False,0.0,0.0,0,,2,2,0
107346,MEMORIAL DR @ COLUMBIA DR,33.754236,-84.268627,85.0,83.3,Good,Good,True,False,3475.5,0.0,12,5.9,6,6,0
107348,SNAPFINGER RD @ DR CRAWFORD LEWIS DR,33.732732,-84.24776,0.0,0.0,No Infrastructure,No Infrastructure,False,False,0.0,0.0,0,,0,0,0
107350,SNAPFINGER RD @ DR CRAWFORD LEWIS DR,33.732859,-84.247953,0.0,0.0,No Infrastructure,No Infrastructure,False,False,0.0,0.0,0,,0,0,0
108002,GLENWOOD RD @ HOLLYHOCK TER,33.737598,-84.241977,5.7,14.7,No Infrastructure,No Infrastructure,False,False,456.6,0.0,0,150.4,4,4,0
108050,GLENWOOD RD @ HOLLYHOCK TER,33.73773,-84.24174,5.7,14.3,No Infrastructure,No Infrastructure,False,False,456.6,0.0,0,156.2,4,4,0
108112,SNAPFINGER RD @ CHESTNUT HILL CIR,33.73146,-84.241496,0.0,0.0,No Infrastructure,No Infrastructure,False,False,0.0,0.0,0,,0,0,0
108118,SNAPFINGER RD @ CHESTNUT HILL CIR (W),33.731415,-84.241641,0.0,0.0,No Infrastructure,No Infrastructure,False,False,0.0,0.0,0,,0,0,0
117002,GLENWOOD AVE SE @ BROWNWOOD AVE SE,33.740123,-84.348179,85.0,84.9,Good,Good,True,False,6277.6,0.0,20,0.4,3,3,0
117004,MORELAND AVE SE @ BURNS ST SE,33.726488,-84.349483,67.6,63.3,Moderate,Moderate,True,False,1145.3,0.0,2,0.3,0,0,0
117006,MORELAND AVE SE @ LYNDALE DR SE,33.727819,-84.349449,63.2,56.7,Moderate,Moderate,True,False,785.6,0.0,2,1.1,0,0,0
117007,MORELAND AVE SE @ STONEYBROOK DR,33.729077,-84.349415,54.1,46.1,Moderate,Moderate,True,False,594.3,0.0,1,3.4,0,0,0
117008,MORELAND AVE SE @ EDEN AVE SE,33.730133,-84.349405,46.1,34.9,Moderate,Poor,True,False,490.2,0.0,0,13.2,0,0,0
117010,MORELAND AVE SE @ DELAWARE AVE SE,33.731905,-84.349394,9.1,16.4,No Infrastructure,Poor,False,False,727.0,0.0,0,209.1,0,0,0
117012,MORELAND AVE SE @ GRACEWOOD AVE SE,33.732863,-84.349384,32.9,47.7,Poor,Moderate,False,False,1566.7,0.0,2,146.0,0,0,0
117014,MORELAND AVE SE @ ORMEWOOD AVE SE,33.734177,-84.349401,85.0,80.3,Good,Good,True,False,2108.3,0.0,3,17.2,0,0,0
117016,MORELAND AVE SE @ HALL AVE SE,33.735095,-84.349397,85.0,80.4,Good,Good,True,False,2573.2,0.0,7,16.7,0,0,0
117018,MORELAND AVE SE @ BERNE ST SE,33.736101,-84.349383,85.0,84.1,Good,Good,True,False,3493.6,0.0,7,3.0,0,0,0
117022,MORELAND AVE SE @ PORTLAND AVE SE,33.739231,-84.3494,85.0,84.6,Good,Good,True,False,5901.7,0.0,13,1.3,3,3,0
117042,GLENWOOD AVE SE @ BROWNWOOD AVE,33.740256,-84.348368,85.0,84.6,Good,Good,True,False,6186.9,0.0,19,1.4,3,3,0
117098,MORELAND AVE SE @ BEECHVIEW DR SE,33.726089,-84.349319,74.0,65.2,Good,Moderate,True,False,1123.1,0.0,3,16.0,0,0,0
117100,MORELAND AVE SE @ LYNDALE DR SE,33.72731,-84.349319,66.0,57.1,Moderate,Moderate,True,False,1014.3,0.0,2,14.3,0,0,0
117102,MORELAND AVE SE @ DELAWARE AVE SE,33.731851,-84.349297,9.1,16.7,No Infrastructure,Poor,False,False,731.0,0.0,0,203.6,0,0,0
117104,MORELAND AVE SE @ GRACEWOOD AVE SE,33.732777,-84.349281,33.0,47.3,Poor,Moderate,False,False,1572.4,0.0,2,154.4,0,0,0
117106,MORELAND AVE SE @ ORMEWOOD AVE SE,33.733803,-84.349243,77.3,66.8,Good,Moderate,True,False,1916.3,0.0,2,40.9,0,0,0
117108,MORELAND AVE SE @ HALL ST SE,33.734894,-84.349236,85.0,84.5,Good,Good,True,False,2439.0,0.0,6,1.7,0,0,0
117110,MORELAND AVE SE @ BERNE ST SE,33.736067,-84.349254,85.0,83.6,Good,Good,True,False,3499.9,0.0,7,4.9,0,0,0
117112,MORELAND AVE SE @ WOODLAND AVE SE,33.737527,-84.349244,85.0,83.8,Good,Good,True,False,4805.2,0.0,6,4.2,1,1,0
117114,MORELAND AVE SE @ PORTLAND AVE,33.738838,-84.349197,85.0,84.6,Good,Good,True,False,5893.9,0.0,13,1.4,3,3,0
117116,MORELAND AVE SE @ GLENWOOD AVE SE,33.739948,-84.349152,85.0,84.3,Good,Good,True,False,5886.5,0.0,14,2.2,3,3,0
117118,MORELAND AVE SE @ METROPOLITAN AVE SE,33.74122,-84.34914,85.0,84.6,Good,Good,True,False,5483.5,0.0,14,1.5,3,3,0
117120,MORELAND AVE SE @ MCPHERSON AVE SE,33.743032,-84.349159,85.0,84.2,Good,Good,True,False,3758.0,0.0,15,2.6,1,1,0
117121,MORELAND AVE SE @ MEMORIAL DR SE,33.74743,-84.34909,85.0,88.1,Good,Good,True,False,4363.7,195.0,16,2.0,1,1,0
117122,MORELAND AVE @ STONEYBROOK DR,33.728714,-84.349251,54.6,42.6,Moderate,Moderate,True,False,633.6,0.0,1,18.9,0,0,0
117123,MORELAND AVE SE @ MERLIN AVE SE,33.749655,-84.349139,85.0,92.4,Good,Good,True,False,5988.4,404.0,14,0.6,0,0,0
117124,MORELAND AVE @ EDEN AVE,33.730061,-84.349296,46.2,34.5,Moderate,Poor,True,False,497.7,0.0,0,15.2,0,0,0
117127,MORELAND AVE SE @ WYLIE ST SE,33.752341,-84.349162,85.0,86.3,Good,Good,True,False,6718.9,118.4,11,3.0,1,1,0
117129,MORELAND AVE SE @ HOSEA L WILLIAMS DR NE,33.753504,-84.349173,85.0,82.7,Good,Good,True,False,6782.7,0.0,9,8.1,1,1,0
117131,MORELAND AVE NE @ HARDEE ST NE,33.755599,-84.349119,85.0,83.9,Good,Good,True,False,6718.3,0.0,10,3.7,0,0,0
127020,MORELAND AVE SE @ UNITED AVE,33.724538,-84.349522,75.7,71.4,Good,Good,True,False,1255.9,0.0,5,1.9,0,0,0
127021,MORELAND AVE @ VICKERS ST,33.721871,-84.3495,74.4,68.6,Good,Moderate,True,False,1153.8,0.0,9,5.3,0,0,0
127022,UNITED AVE @ MORELAND AVE SE,33.724001,-84.349609,75.8,71.3,Good,Good,True,False,1261.1,0.0,5,2.7,0,0,0
127052,MORELAND AVE SE @ VILLAGE CREEK LNDG,33.722184,-84.349424,74.9,67.9,Good,Moderate,True,False,1188.4,0.0,10,10.2,0,0,0
127053,MORELAND AVE @ SKY HAVEN RD,33.724377,-84.349349,75.7,67.5,Good,Moderate,True,False,1255.9,0.0,4,16.3,0,0,0
128002,FLAT SHOALS RD SE @ FAYETTEVILLE RD,33.72574,-84.322354,0.0,0.0,No Infrastructure,No Infrastructure,False,False,0.0,0.0,0,,4,4,0
128004,FLAT SHOALS RD SE @ 2063,33.724449,-84.320117,0.0,0.0,No Infrastructure,No Infrastructure,False,False,0.0,0.0,0,,3,3,0
128006,FLAT SHOALS RD SE @ KEYSTONE DR,33.723422,-84.318551,0.0,0.0,No Infrastructure,No Infrastructure,False,False,0.0,0.0,0,,1,1,0
128050,BOULDERCREST DR SE @ SMITH ST SE,33.72147,-84.331417,0.0,0.0,No Infrastructure,No Infrastructure,False,False,0.0,0.0,0,,0,0,0
128052,BOULDERCREST DR SE @ MARY DELL DR SE,33.722777,-84.331939,0.0,0.0,No Infrastructure,No Infrastructure,False,False,0.0,0.0,0,,0,0,0
128054,BOULDERCREST DR SE @ WAINWRIGHT DR SE,33.723833,-84.332178,0.0,0.0,No Infrastructure,No Infrastructure,False,False,0.0,0.0,0,,0,0,0
128056,BOULDERCREST DR SE @ LOCHLAND RD SE,33.725364,-84.332504,0.0,0.0,No Infrastructure,No Infrastructure,False,False,0.0,0.0,0,,0,0,0
128058,BOULDERCREST DR SE @ SMITH ST SE,33.721631,-84.331624,0.0,0.0,No Infrastructure,No Infrastructure,False,False,0.0,0.0,0,,0,0,0
128060,BOULDERCREST DR SE @ SARGENT AVE SE,33.72061,-84.33093,0.0,0.0,No Infrastructure,No Infrastructure,False,False,0.0,0.0,0,,0,0,0
128128,FLAT SHOALS RD SE @ KEYSTONE DR,33.723377,-84.318268,0.0,0.0,No Infrastructure,No Infrastructure,False,False,0.0,0.0,0,,1,1,0
128130,FLAT SHOALS RD @ 2051,33.724917,-84.320735,0.0,0.0,No Infrastructure,No Infrastructure,False,False,0.0,0.0,0,,3,3,0
128132,FLAT SHOALS RD SE @ FAYETTEVILLE RD,33.725839,-84.322398,0.0,0.0,No Infrastructure,No Infrastructure,False,False,0.0,0.0,0,,4,4,0
128192,BOULDERCREST DR SE @ ORANGE BLOSSOM TER SE,33.723055,-84.332113,0.0,0.0,No Infrastructure,No Infrastructure,False,False,0.0,0.0,0,,0,0,0
129152,2ND AVE @ TRAILWOOD RD,33.725963,-84.307879,13.3,13.3,No Infrastructure,No Infrastructure,False,False,0.0,0.0,2,,1,1,0
129180,CANDLER RD @ 2365,33.721336,-84.277245,0.0,0.0,No Infrastructure,No Infrastructure,False,False,0.0,0.0,0,,1,1,0
129182,2ND AVE @ LONGDALE DR,33.72607,-84.307998,13.3,13.3,No Infrastructure,No Infrastructure,False,False,0.0,0.0,2,,1,1,0
129186,2ND AVE @ JOSEPH CT,33.723895,-84.307977,4.4,7.4,No Infrastructure,No Infrastructure,False,False,352.0,0.0,0,318.0,1,1,0
129212,2ND AVE @ 2319,33.721962,-84.307823,22.2,36.4,Poor,Poor,False,False,712.0,0.0,2,103.9,0,0,0
129214,2ND AVE @ EAST DR,33.723228,-84.30777,6.4,11.6,No Infrastructure,No Infrastructure,False,False,512.4,0.0,0,244.4,1,1,0
129218,CANDLER RD @ WHITES MILL RD,33.725606,-84.279146,3.1,7.1,No Infrastructure,No Infrastructure,False,False,245.7,0.0,0,236.1,0,0,0
129220,CANDLER RD @ ELLEN WAY,33.724265,-84.27852,0.1,0.6,No Infrastructure,No Infrastructure,False,False,4.3,0.0,0,395.7,0,0,0
129222,CANDLER RD @ TONEY DR,33.722562,-84.27767,0.0,0.0,No Infrastructure,No Infrastructure,False,False,0.0,0.0,0,,1,1,0
129226,CANDLER RD @ TONEY DR,33.7224,-84.27745,0.0,0.0,No Infrastructure,No Infrastructure,False,False,0.0,0.0,0,,1,1,0
129228,CANDLER RD @ ELLEN WAY,33.724352,-84.278364,0.1,0.7,No Infrastructure,No Infrastructure,False,False,4.3,0.0,0,392.8,0,0,0
129230,CANDLER RD @ OUSLEY CT,33.721515,-84.277023,0.0,0.0,No Infrastructure,No Infrastructure,False,False,0.0,0.0,0,,1,1,0
129236,CANDLER RD @ WHITES MILL RD,33.725777,-84.278931,3.3,7.7,No Infrastructure,No Infrastructure,False,False,262.6,0.0,0,228.1,0,0,0
129956,FLAT SHOALS RD @ SHAWN WAYNE CT,33.720314,-84.312047,0.3,1.1,No Infrastructure,No Infrastructure,False,False,27.5,0.0,0,385.0,0,0,0
129958,FLAT SHOALS RD @ SHAWN WAYNE CT,33.720239,-84.311453,1.7,3.5,No Infrastructure,No Infrastructure,False,False,136.0,0.0,0,332.7,0,0,0
129960,FLAT SHOALS RD @ WOODCASTLE LN,33.721354,-84.314574,0.0,0.0,No Infrastructure,No Infrastructure,False,False,0.0,0.0,0,,0,0,0
130124,COLUMBIA DR @ OREGON TRL,33.725815,-84.251193,0.0,0.0,No Infrastructure,No Infrastructure,False,False,0.0,0.0,0,,0,0,0
130126,COLUMBIA DR @ WOODS DR,33.723534,-84.251343,0.0,0.0,No Infrastructure,No Infrastructure,False,False,0.0,0.0,0,,0,0,0
130128,COLUMBIA DR @ COLUMBIA CT,33.721787,-84.251698,0.0,0.0,No Infrastructure,No Infrastructure,False,False,0.0,0.0,0,,0,0,0
130194,COLUMBIA DR @ WOODS DR,33.723339,-84.251605,0.0,0.0,No Infrastructure,No Infrastructure,False,False,0.0,0.0,0,,0,0,0
130208,COLUMBIA DR @ CASA LINDA DR,33.722055,-84.251781,0.0,0.0,No Infrastructure,No Infrastructure,False,False,0.0,0.0,0,,0,0,0
130222,COLUMBIA DR @ OREGON TRL,33.72569,-84.251358,0.0,0.0,No Infrastructure,No Infrastructure,False,False,0.0,0.0,0,,0,0,0
212849,MEMORIAL DR @ HOOPER ALEXANDER DR,33.751714,-84.272814,78.8,73.1,Good,Good,True,False,1500.5,0.0,11,11.3,2,2,0
212843,MEMORIAL DR @ HOOPER ALEXANDER DR,33.752098,-84.272455,81.8,79.3,Good,Good,True,False,1744.5,0.0,9,4.3,2,2,0
901244,WINN WAY @ 460,33.787636,-84.279392,56.8,49.8,Moderate,Moderate,True,False,1344.3,0.0,0,13.3,0,0,0
902811,SEABOARD AVE NE @ MORELAND AVE NE,33.758374,-84.349566,85.0,84.3,Good,Good,True,False,5642.8,0.0,30,2.4,3,3,0
900979,EMORY DECATUR HOSPITAL,33.790171,-84.282806,45.0,72.8,Moderate,Good,False,False,2909.8,0.0,7,52.2,0,0,0
900028,S COLUMBIA DR @ CONWAY RD,33.761732,-84.277809,21.9,38.0,Poor,Poor,False,False,683.5,0.0,2,85.6,0,0,0
900050,MORELAND AVE @ DRUID PL,33.769043,-84.349058,85.0,87.3,Good,Good,True,False,6150.4,193.4,6,4.7,0,0,0
900051,MORELAND AVE @ MANSFIELD AVE,33.767871,-84.349068,85.0,87.5,Good,Good,True,False,6492.5,193.4,7,3.8,0,0,0
900052,MORELAND AVE @ EUCLID AVE,33.765869,-84.349124,85.0,84.4,Good,Good,True,False,6933.9,22.7,11,3.6,1,1,0
900053,MORELAND AVE @ 299,33.762357,-84.349263,85.0,82.3,Good,Good,True,False,7923.3,0.0,7,9.4,1,1,0
900054,MORELAND AVE @ 327,33.762863,-84.349122,85.0,84.5,Good,Good,True,False,8294.7,0.0,6,1.7,1,1,0
900055,MORELAND AVE @ MCLENDON AVE,33.764899,-84.349122,85.0,84.0,Good,Good,True,False,7570.6,0.0,11,3.4,1,1,0
900015,MORELAND AVE @ MANSFIELD AVE,33.767701,-84.34896,85.0,88.5,Good,Good,True,False,6765.6,193.4,8,0.6,0,0,0
900056,MORELAND AVE @ DRUID PL,33.768936,-84.348927,85.0,88.2,Good,Good,True,False,6166.3,193.4,6,1.6,0,0,0
900134,EVA DAVIS WAY @ GREENHAVEN DR SE,33.741208,-84.314484,0.3,1.1,No Infrastructure,No Infrastructure,False,False,23.7,0.0,0,382.5,6,6,0
900062,EVA DAVIS WAY @ FOREST LAKES AVE,33.743598,-84.31481,7.3,16.8,No Infrastructure,Poor,False,False,587.7,0.0,0,153.4,0,0,0
900063,EVA DAVIS WAY SE @ MEMORIAL DR,33.747258,-84.31444,85.0,81.1,Good,Good,True,False,4165.7,0.0,6,14.0,1,1,0
210207,N DECATUR RD @ LANTERN WOOD DR,33.788524,-84.249308,78.3,76.9,Good,Good,True,False,2074.8,0.0,2,4.9,1,1,0
210007,MIDWAY RD @ WREN RD,33.759311,-84.251576,4.8,9.6,No Infrastructure,No Infrastructure,False,False,382.7,0.0,0,234.6,1,1,0
210561,COVINGTON DR @ MIDWAY RD,33.761402,-84.252462,56.4,45.3,Moderate,Moderate,True,False,1310.0,0.0,0,29.2,3,3,0
210769,FLAT SHOALS AVE SE @ CAVANAUGH AVE SE,33.731227,-84.33707,70.0,63.3,Good,Moderate,True,False,803.7,0.0,6,2.6,0,0,0
210786,GLENWOOD AVE @ TERRY MILL RD,33.73974,-84.322006,0.6,1.6,No Infrastructure,No Infrastructure,False,False,50.2,0.0,0,366.6,1,1,0
210800,MEMORIAL DR @ S HOWARD ST,33.747292,-84.322066,85.0,84.8,Good,Good,True,False,4331.5,0.0,3,0.5,0,0,0
210905,GLENWOOD RD @ LA MESA LN,33.73779,-84.24643,5.7,9.4,No Infrastructure,No Infrastructure,False,False,456.6,0.0,0,306.4,1,1,0
210960,MEMORIAL DR @ MIDWAY RD,33.75598,-84.266049,85.0,82.1,Good,Good,True,False,3587.1,0.0,11,10.0,0,0,0
210961,MEMORIAL DR @ COTTAGE GROVE AVE,33.747257,-84.306157,85.0,83.5,Good,Good,True,False,4157.6,0.0,8,5.3,0,0,0
210962,E PONCE DE LEON AVE @ PATTERSON AVE,33.785867,-84.265733,1.6,4.1,No Infrastructure,No Infrastructure,False,False,124.6,0.0,0,275.7,0,0,0
211183,2ND AVE @ TILSON RD,33.720848,-84.308016,63.2,54.7,Moderate,Moderate,True,False,788.8,0.0,2,8.6,0,0,0
211184,2ND AVE @ TILSON RD,33.720843,-84.30813,63.1,52.1,Moderate,Moderate,True,False,779.1,0.0,2,17.7,0,0,0
211314,FLAT SHOALS RD SE @ BRIGHTON BLVD SE,33.721551,-84.3149,0.0,0.0,No Infrastructure,No Infrastructure,False,False,0.0,0.0,0,,0,0,0
211390,FLAT SHOALS AVE SE @ CLOVERDALE DR SE,33.732149,-84.338233,76.7,72.3,Good,Good,True,False,1338.6,0.0,4,3.7,0,0,0
211392,FLAT SHOALS RD SE @ FLAT SHOALS AVE S,33.73077,-84.336331,68.1,58.1,Moderate,Moderate,True,False,644.2,0.0,5,11.3,0,0,0
211393,FLAT SHOALS RD SE @ MAYNARD TER SE,33.730654,-84.335646,26.8,46.4,Poor,Moderate,False,False,542.1,0.0,5,57.6,0,0,0
211394,FLAT SHOALS RD SE @ WINFIELD AVE SE,33.730717,-84.333907,3.6,8.4,No Infrastructure,No Infrastructure,False,False,287.0,0.0,0,218.8,0,0,0
211395,FLAT SHOALS RD SE @ WINFIELD AVE SE,33.730788,-84.333853,3.6,8.2,No Infrastructure,No Infrastructure,False,False,285.0,0.0,0,224.2,0,0,0
211396,FLAT SHOALS RD SE @ PAOLI AVE SE,33.730834,-84.330776,0.0,0.0,No Infrastructure,No Infrastructure,False,False,0.0,0.0,0,,0,0,0
211397,FLAT SHOALS RD SE @ ROCKLAND DR SE,33.730511,-84.330234,0.0,0.0,No Infrastructure,No Infrastructure,False,False,0.0,0.0,0,,0,0,0
211554,MEMORIAL DR @ 3978,33.764675,-84.255757,68.5,76.8,Moderate,Good,True,False,1746.0,381.4,1,7.0,0,0,0
211666,2ND AVE NE @ HOSEA L WILLIAMS DR NE,33.751331,-84.309678,85.0,83.6,Good,Good,True,False,7199.5,0.0,9,4.8,0,0,0
211704,GLENWOOD AVE @ FAYETTEVILLE RD,33.740124,-84.311061,25.2,36.8,Poor,Poor,False,False,416.7,0.0,4,114.8,1,1,0
211727,WINN WAY @ RUFUS EVANS DR,33.791312,-84.280713,85.0,80.9,Good,Good,True,False,2048.7,0.0,4,14.7,0,0,0
211878,MORELAND AVE NE @ 326,33.76344,-84.349285,85.0,82.8,Good,Good,True,False,8229.3,0.0,12,7.7,1,1,0
211882,DEKALB INDUSTRIAL WAY @ RIMINGTON LN,33.785147,-84.276283,60.6,57.1,Moderate,Moderate,True,False,1646.4,0.0,0,6.0,1,1,0
211910,WINN WAY @ 445,33.786491,-84.279284,57.3,53.9,Moderate,Moderate,True,False,1382.0,0.0,0,1.0,0,0,0
213051,E PONCE DE LEON AVE @ N DECATUR RD,33.792834,-84.264225,28.6,46.2,Poor,Moderate,False,False,688.4,0.0,3,75.1,3,3,0
212028,N DECATUR RD @ 2920,33.793801,-84.273765,58.1,52.6,Moderate,Moderate,True,False,1449.0,0.0,0,9.8,0,0,0
212877,N AVONDALE RD @ N CLARENDON AVE,33.776189,-84.268423,85.0,84.9,Good,Good,True,False,6185.2,0.0,3,0.2,0,0,0
212890,CLAIRMONT RD @ 1751,33.803979,-84.310636,85.0,83.2,Good,Good,True,False,3981.6,0.0,9,6.1,1,1,0
212904,COMMERCE DR @ CHURCH ST,33.777858,-84.295199,85.0,87.4,Good,Good,True,False,7696.9,230.8,11,6.6,4,4,0
212959,CHURCH ST @N DECATUR RD,33.793305,-84.284534,45.0,66.2,Moderate,Moderate,False,False,5821.6,0.0,9,98.9,3,3,0
212977,E TRINITY PL @ CHURCH ST,33.772485,-84.294526,85.0,84.5,Good,Good,True,False,10171.5,0.0,18,1.8,4,4,0
212983,MEMORIAL DR @ 4203,33.771232,-84.250064,85.0,84.0,Good,Good,True,False,3726.9,0.0,7,3.6,3,3,0
213042,S CANDLER ST @ E COLLEGE AVE,33.770232,-84.29269,85.0,83.9,Good,Good,True,False,7251.5,0.0,11,3.8,5,5,0
213047,COLUMBIA DR @ 2067,33.729172,-84.252202,0.0,0.0,No Infrastructure,No Infrastructure,False,False,0.0,0.0,0,,1,1,0
213049,N DRUID HILL RD @ MERRY LN NE,33.819374,-84.313495,78.3,77.9,Good,Good,True,False,3038.0,0.0,2,1.6,0,0,0
213068,FLAT SHOALS AVE @ CLOVERDALE DR,33.731988,-84.337918,74.9,70.1,Good,Good,True,False,1191.0,0.0,6,2.4,0,0,0
213364,BOULDERCREST DR @ PIPER CIR,33.725704,-84.332733,0.0,0.0,No Infrastructure,No Infrastructure,False,False,0.0,0.0,0,,0,0,0
213701,COMMERCE DR @ E COLLEGE AVE,33.771971,-84.28777,85.0,84.4,Good,Good,True,False,6735.7,0.0,10,2.0,1,1,0
213722,GLENWOOD AVE @ 1925,33.739683,-84.32352,2.5,6.6,No Infrastructure,No Infrastructure,False,False,202.1,0.0,0,227.0,1,1,0
213757,MORELAND AVE @ CAROLINE ST,33.7592,-84.349077,85.0,84.0,Good,Good,True,False,6383.1,0.0,36,3.3,3,3,0
500112,AVONDALE STATION - BAY A,33.77557,-84.28206,45.0,69.4,Moderate,Moderate,False,False,3460.5,0.0,8,73.5,3,3,0
500113,AVONDALE STATION - BAY B,33.77562,-84.28191,45.0,70.2,Moderate,Good,False,False,3452.3,0.0,7,67.9,3,3,0
500114,AVONDALE STATION - BAY C,33.77566,-84.28177,45.0,70.9,Moderate,Good,False,False,3443.5,0.0,6,63.4,3,3,0
500115,AVONDALE STATION - BAY D,33.77571,-84.28161,45.0,71.8,Moderate,Good,False,False,3430.2,0.0,6,57.7,3,3,0
500162,DECATUR STATION - BAY B,33.77446,-84.29746,85.0,88.6,Good,Good,True,False,11718.5,230.8,22,2.5,8,8,0
500163,DECATUR STATION - BAY C,33.7745,-84.29721,85.0,88.3,Good,Good,True,False,11432.6,230.8,22,3.4,8,8,0
500180,EAST LAKE STATION - BAY C,33.76464,-84.31285,85.0,81.6,Good,Good,True,False,8844.4,0.0,17,12.0,0,0,0
500194,EDGEWOOD-CANDLER PARK STATION - BAY B,33.76236,-84.34052,85.0,84.7,Good,Good,True,False,9530.4,0.0,28,1.1,0,0,0
500240,KENSINGTON STATION - BAY A,33.77226,-84.25131,85.0,73.3,Good,Good,True,False,4357.5,0.0,7,49.3,2,2,0
500241,KENSINGTON STATION - BAY B,33.7723,-84.25151,45.0,72.4,Moderate,Good,False,False,4367.4,0.0,6,54.7,1,1,0
500242,KENSINGTON STATION - BAY C,33.77234,-84.25173,45.0,71.5,Moderate,Good,False,False,4387.0,0.0,5,60.0,0,0,0
500243,KENSINGTON STATION - BAY D,33.77239,-84.25196,38.3,65.0,Poor,Moderate,False,False,4398.1,0.0,2,58.7,0,0,0
500244,KENSINGTON STATION - BAY E,33.77242,-84.25214,78.3,67.1,Good,Moderate,True,False,4391.5,0.0,2,46.9,0,0,0
500245,KENSINGTON STATION - BAY F,33.77246,-84.25236,85.0,75.4,Good,Good,True,False,4390.6,0.0,3,38.6,0,0,0
500246,KENSINGTON STATION - BAY G,33.77251,-84.25259,85.0,77.0,Good,Good,True,False,4344.7,0.0,4,31.0,0,0,0
214276,W PONCE DE LEON AVE @ CLAIREMONT AVE,33.775646,-84.296864,85.0,88.9,Good,Good,True,False,10649.1,230.8,14,1.4,4,4,0
214237,RUFUS EVANS DR @ OUTPATIENT ENTRANCE,33.791256,-84.281579,85.0,82.7,Good,Good,True,False,2513.5,0.0,7,8.0,3,3,0
213993,CHURCH ST @ DECATUR VILLAGE WAY,33.796062,-84.282643,78.3,78.0,Good,Good,True,False,2056.3,0.0,2,1.1,1,1,0
213994,CHURCH ST @ MISCOTT DR,33.795415,-84.282535,71.7,60.8,Good,Moderate,True,False,2546.5,0.0,1,45.0,1,1,0
213995,CHURCH ST @ N COMMERCE DR,33.776513,-84.294776,85.0,89.1,Good,Good,True,False,9759.4,230.8,14,0.6,4,4,0
213996,CHURCH ST @ N COMMERCE DR,33.777054,-84.294945,85.0,89.1,Good,Good,True,False,8947.4,230.8,14,0.7,5,5,0
213997,CHURCH ST @ SCOTT BLVD,33.797941,-84.281976,20.7,38.7,Poor,Poor,False,False,1656.2,0.0,0,112.9,0,0,0
213998,CHURCH ST @ SYCAMORE ST,33.774733,-84.294795,85.0,89.1,Good,Good,True,False,11226.0,230.8,27,0.8,2,2,0
213999,CHURCH ST @ SYCAMORE ST,33.774107,-84.294964,85.0,89.2,Good,Good,True,False,11018.5,230.8,24,0.5,6,6,0
214003,COMMERCE DR @ SYCAMORE PL,33.773455,-84.290011,85.0,84.1,Good,Good,True,False,8670.8,0.0,24,2.9,1,1,0
214004,COMMERCE DR @ SYCAMORE PL,33.773636,-84.289978,85.0,84.6,Good,Good,True,False,8601.2,0.0,24,1.2,0,0,0
214019,DEKALB AVE @ ELMIRA PL NE,33.761121,-84.345752,85.0,84.8,Good,Good,True,False,9554.8,0.0,8,0.5,0,0,0
214029,E COLLEGE AVE @ DALEROSE AVE,33.774993,-84.277791,85.0,85.0,Good,Good,True,False,2378.9,0.0,4,0.1,1,1,0
214030,E COLLEGE AVE @ MAPLE ST,33.77498,-84.275536,65.0,59.9,Moderate,Moderate,True,False,2263.4,0.0,0,18.7,0,0,0
214031,E COLLEGE AVE @ PINE ST,33.775153,-84.273369,65.0,59.8,Moderate,Moderate,True,False,4539.6,0.0,0,18.9,0,0,0
214032,E COLLEGE AVE @ PINE ST,33.77528,-84.273982,65.0,64.9,Moderate,Moderate,True,False,3477.5,0.0,0,0.4,0,0,0
214033,E COLLEGE AVE @ HILLMONT AVE,33.774794,-84.278597,85.0,79.3,Good,Good,True,False,2702.2,0.0,5,21.0,1,1,0
214034,E COLLEGE AVE @ SAMS CROSSING,33.774885,-84.2807,85.0,84.4,Good,Good,True,False,3621.1,0.0,7,2.1,2,2,0
214039,E PONCE DE LEON AVE @ CLAIREMONT AVE,33.775492,-84.296183,85.0,88.0,Good,Good,True,False,10830.9,230.8,15,4.4,2,2,0
214040,E PONCE AVE @ N CANDLER ST,33.775672,-84.29296,85.0,86.1,Good,Good,True,False,9887.3,60.5,21,0.2,1,1,0
214041,E PONCE DE LEON AVE @ N CANDLER ST,33.775515,-84.29304,85.0,85.4,Good,Good,True,False,10226.1,63.3,24,2.8,1,1,0
214042,E PONCE DE LEON AVE @ SYCAMORE PL,33.775518,-84.289331,85.0,81.0,Good,Good,True,False,6433.5,0.0,13,14.4,0,0,0
214043,E PONCE DE LEON AVE @ SYCAMORE ST,33.776044,-84.281995,85.0,79.3,Good,Good,True,False,3347.2,0.0,4,20.9,3,3,0
214190,N AVONDALE RD @ OAK ST,33.775783,-84.270519,78.3,78.3,Good,Good,True,False,6038.2,0.0,2,0.0,0,0,0
214189,N AVONDALE RD @ OAK ST,33.775522,-84.270803,78.3,77.2,Good,Good,True,False,6097.0,0.0,2,3.9,0,0,0
214188,N AVONDALE RD @ N CLARENDON RD,33.776139,-84.26773,85.0,81.7,Good,Good,True,False,6223.0,0.0,5,11.6,0,0,0
214173,MAYNARD TERRACE SE @ MCPHERSON AVE,33.743539,-84.334774,85.0,84.5,Good,Good,True,False,2998.8,0.0,3,1.6,0,0,0
214174,MAYNARD TERRACE SE @ MCPHERSON AVE,33.743385,-84.334957,85.0,84.6,Good,Good,True,False,3058.0,0.0,3,1.3,0,0,0
214175,MAYNARD TERRACE @ MEMORIAL DR,33.746849,-84.333361,85.0,84.5,Good,Good,True,False,4199.1,0.0,13,1.6,2,2,0
214176,MAYNARD TERRACE SE @ MEMORIAL DR,33.7473,-84.333097,85.0,84.8,Good,Good,True,False,4146.2,0.0,14,0.5,2,2,0
214226,COVINGTON HWY @ NOTTINGHAM DR,33.770366,-84.253093,85.0,89.0,Good,Good,True,False,4083.0,234.4,4,1.3,2,2,0
214339,KENSINGTON RD @ MEMORIAL DR,33.771856,-84.250928,85.0,84.8,Good,Good,True,False,4253.5,0.0,8,0.8,3,3,0
